Date,AAPL,AMZN,BND,COST,DIS,GLD,GOOGL,JNJ,JPM,MSFT,NEE,NVDA,PG,TSM,UNH,VB,VNQ,VOO,VTI,VXUS,XOM
2016-09-02,24.636302947998047,38.62200164794922,62.529541015625,133.4562530517578,86.9959945678711,126.56999969482422,39.49330520629883,90.9120864868164,51.8943977355957,51.209075927734375,23.838069915771484,1.5357552766799927,67.17003631591797,23.166929244995117,115.83032989501953,106.51983642578125,60.217769622802734,169.85018920898438,95.53453063964844,35.388545989990234,56.75397872924805
2016-09-06,24.629440307617188,39.44350051879883,62.71550750732422,133.52383422851562,86.42475128173828,128.7100067138672,40.04590606689453,91.23973083496094,51.85595703125,51.15580749511719,24.25625228881836,1.5502458810806274,67.50517272949219,23.445188522338867,115.28761291503906,106.66642761230469,60.68190383911133,170.38418579101562,95.80681610107422,35.75330352783203,57.500587463378906
2016-09-07,24.780376434326172,39.2239990234375,62.722999572753906,131.47952270507812,86.34182739257812,128.27000427246094,40.04440689086914,91.13306427001953,51.64067077636719,51.2001953125,24.211719512939453,1.5274049043655396,66.97967529296875,23.707548141479492,114.98523712158203,107.11483764648438,61.0451545715332,170.37571716308594,95.93444061279297,35.797950744628906,57.286338806152344
2016-09-08,24.13090705871582,39.202999114990234,62.484920501708984,129.64637756347656,86.69194030761719,127.58999633789062,39.78917694091797,91.02639770507812,51.709861755371094,50.995948791503906,24.273672103881836,1.538456678390503,66.85018157958984,23.683696746826172,115.36856079101562,106.83026123046875,60.298484802246094,169.97732543945312,95.68765258789062,35.74585723876953,57.81219482421875
2016-09-09,23.584346771240234,38.00699996948242,62.209571838378906,127.30638122558594,85.15324401855469,126.75,39.07749557495117,90.08162689208984,51.248512268066406,49.91264343261719,23.39859962463379,1.461828589439392,65.6773681640625,22.72966957092285,113.81829071044922,103.53604888916016,57.91049575805664,165.8745880126953,93.30526733398438,34.9493522644043,56.37743377685547
2016-09-12,24.11261558532715,38.574501037597656,62.231910705566406,128.14273071289062,86.27732849121094,126.58999633789062,39.58995056152344,90.79019165039062,51.563751220703125,50.65854263305664,23.869049072265625,1.4920375347137451,67.2081527709961,23.04767608642578,115.44525146484375,104.85545349121094,58.59662628173828,168.24801635742188,94.60711669921875,35.239662170410156,56.66960525512695
2016-09-13,24.686614990234375,38.050498962402344,62.0533447265625,127.34011840820312,85.4112319946289,125.75,39.08938217163086,89.6092300415039,51.15623092651367,50.19679260253906,23.530248641967773,1.4704248905181885,66.29426574707031,22.65016746520996,114.09939575195312,102.88064575195312,57.12546920776367,165.8494415283203,93.1270980834961,34.374141693115234,55.319244384765625
2016-09-14,25.560195922851562,38.054500579833984,62.13516616821289,127.29793548583984,85.00582885742188,126.18000030517578,39.17561721801758,89.7997055053711,51.0562858581543,49.957035064697266,23.63866424560547,1.4834418296813965,66.2637939453125,22.753520965576172,113.87789916992188,102.78577423095703,57.308353424072266,165.74729919433594,93.13565063476562,34.40408706665039,54.9232177734375
2016-09-15,26.429197311401367,38.484500885009766,62.18730545043945,128.97056579589844,85.2269515991211,125.37000274658203,39.70939254760742,90.38639068603516,51.240806579589844,50.782840728759766,23.760635375976562,1.5396851301193237,67.06341552734375,23.198732376098633,115.51336669921875,103.91548919677734,57.525108337402344,167.4501953125,94.09324645996094,34.74102783203125,55.23484802246094
2016-09-16,26.280550003051758,38.92599868774414,62.23934555053711,128.70022583007812,85.28224182128906,125.05999755859375,39.54781723022461,90.09687805175781,50.61031723022461,50.836116790771484,23.874858856201172,1.543368935585022,67.0558090209961,22.98408317565918,117.94953918457031,103.51878356933594,57.552181243896484,166.7946014404297,93.71704864501953,34.374141693115234,54.553165435791016
2016-09-19,25.97411346435547,38.755001068115234,62.19475173950195,128.2271728515625,85.34673309326172,125.31999969482422,39.419952392578125,89.6473159790039,50.894798278808594,50.551971435546875,24.14976692199707,1.5637544393539429,67.29950714111328,23.794998168945312,117.27657318115234,104.19142150878906,58.073726654052734,166.84564208984375,93.85385131835938,34.60624313354492,54.42332458496094
2016-09-20,25.971830368041992,39.01100158691406,62.209571838378906,128.5481719970703,85.64157104492188,125.44000244140625,39.63752746582031,89.86829376220703,51.102413177490234,50.445411682128906,24.21365737915039,1.5495091676712036,67.45941925048828,23.771150588989258,117.09773254394531,103.8032455444336,57.98569107055664,166.8627166748047,93.81107330322266,34.71106719970703,53.585838317871094
2016-09-21,25.96725082397461,39.48699951171875,62.388153076171875,128.99586486816406,85.1256103515625,127.2699966430664,39.89772033691406,90.59973907470703,51.39459228515625,51.28899383544922,24.749935150146484,1.592980980873108,66.86541748046875,24.2481632232666,119.1761703491211,105.25028228759766,58.73073196411133,168.73597717285156,94.88839721679688,35.39241409301758,54.07923889160156
2016-09-22,26.211946487426758,40.23500061035156,62.51466369628906,129.3760528564453,86.06542205810547,127.56999969482422,40.43891906738281,91.01880645751953,51.8175163269043,51.34226608276367,24.786718368530273,1.5969107151031494,67.77167510986328,24.375364303588867,120.1386489868164,106.64527893066406,59.78058624267578,169.74913024902344,95.58094787597656,35.74430847167969,54.235069274902344
2016-09-23,25.775156021118164,40.287498474121094,62.499759674072266,128.85231018066406,85.93641662597656,127.6500015258789,40.38985061645508,90.5235366821289,51.709861755371094,50.995948791503906,24.538909912109375,1.595191240310669,66.8349838256836,23.94605255126953,119.68720245361328,105.86544036865234,59.96345520019531,168.838134765625,95.03375244140625,35.369956970214844,54.1766242980957
2016-09-26,25.814027786254883,39.95800018310547,62.603939056396484,127.72030639648438,84.72942352294922,127.55000305175781,39.779762268066406,89.73876190185547,50.579551696777344,50.52533721923828,24.4382381439209,1.5802093744277954,66.90350341796875,23.723445892333984,119.0142822265625,105.09429931640625,60.105709075927734,167.49282836914062,94.28137969970703,35.040504455566406,53.92344284057617
2016-09-27,25.862058639526367,40.80550003051758,62.67832565307617,127.09517669677734,84.50830841064453,126.62000274658203,40.18021011352539,90.83594512939453,51.0255241394043,51.45771408081055,24.546648025512695,1.6342417001724243,67.2918930053711,24.168664932250977,119.92572784423828,105.31089782714844,59.469017028808594,168.51454162597656,94.81999206542969,35.257633209228516,54.04027557373047
2016-09-28,26.05872917175293,41.43600082397461,62.67832565307617,126.21664428710938,84.95055389404297,126.22000122070312,40.147003173828125,90.96544647216797,51.29463195800781,51.52875518798828,24.486637115478516,1.64013671875,68.12960052490234,24.113008499145508,119.6020278930664,106.2293472290039,59.95669174194336,169.42564392089844,95.37574005126953,35.564613342285156,56.4163932800293
2016-09-29,25.653953552246094,41.45249938964844,62.685813903808594,124.59463500976562,84.5820083618164,126.06999969482422,39.779266357421875,89.35018920898438,50.479583740234375,50.969322204589844,23.94842529296875,1.65536367893219,67.1928939819336,24.168664932250977,117.8217544555664,104.99899291992188,59.15746307373047,167.83335876464844,94.44377899169922,35.160308837890625,56.1307373046875
2016-09-30,25.852914810180664,41.865501403808594,62.603939056396484,128.83538818359375,85.55865478515625,125.63999938964844,39.849639892578125,90.00543212890625,51.20236587524414,51.14692687988281,23.681255340576172,1.6828715801239014,68.35047149658203,24.319713592529297,119.2527847290039,105.86544036865234,58.75106430053711,169.17872619628906,95.18766021728516,35.347476959228516,56.66311264038086
2016-10-03,25.73170280456543,41.83700180053711,62.53761672973633,127.56824493408203,85.21773529052734,125.31999969482422,39.66726303100586,90.5235366821289,51.14085388183594,50.98707962036133,23.45087432861328,1.68115234375,67.5203857421875,24.42306900024414,117.96661376953125,105.29357147216797,57.65378189086914,168.64222717285156,94.89695739746094,35.325035095214844,56.513771057128906
2016-10-04,25.841476440429688,41.701499938964844,62.32883071899414,127.1205062866211,85.30987548828125,120.97000122070312,39.78670120239258,90.53116607666016,51.58232498168945,50.8272590637207,23.019134521484375,1.677468180656433,67.28427124023438,24.160715103149414,117.68550872802734,104.67838287353516,56.86811065673828,167.8589630126953,94.46942901611328,35.19773483276367,55.99440002441406
2016-10-05,25.852914810180664,42.21799850463867,62.224491119384766,126.6981430053711,85.18089294433594,120.77999877929688,39.70939254760742,90.80545043945312,52.42654800415039,51.18244171142578,22.949447631835938,1.6757489442825317,67.66507720947266,24.272018432617188,117.20844268798828,105.2415771484375,55.71664047241211,168.55712890625,94.83710479736328,35.45231246948242,56.48131561279297
2016-10-06,26.04500389099121,42.08300018310547,62.2021484375,126.26728820800781,85.53101348876953,119.66000366210938,39.80107498168945,90.47785186767578,52.565948486328125,51.2712287902832,22.8507080078125,1.6538902521133423,67.94683837890625,24.46282196044922,116.24586486816406,105.20693969726562,55.73697280883789,168.75296020507812,94.87129974365234,35.30256271362305,56.507286071777344
2016-10-07,26.083885192871094,41.971500396728516,62.254295349121094,126.70661926269531,85.21773529052734,119.73999786376953,39.683616638183594,90.85116577148438,52.75183868408203,51.32450485229492,23.568967819213867,1.641855239868164,68.54087829589844,24.788785934448242,116.40776062011719,104.40110778808594,55.642154693603516,168.1313934326172,94.51219940185547,35.077945709228516,56.31251907348633
2016-10-10,26.53897476196289,42.08549880981445,62.187252044677734,126.95149230957031,85.21773529052734,120.16000366210938,40.35070037841797,91.27782440185547,53.16232681274414,51.537620544433594,23.770309448242188,1.647995948791504,67.82498931884766,24.868282318115234,117.6173095703125,105.4062271118164,55.98756408691406,168.90621948242188,95.02520751953125,35.23517608642578,57.416175842285156
2016-10-11,26.59613609313965,41.54999923706055,62.0903434753418,127.56824493408203,84.63726806640625,119.55000305175781,40.12272644042969,89.63208770751953,52.906742095947266,50.782840728759766,23.454740524291992,1.6241722106933594,67.42897033691406,24.431018829345703,114.7807846069336,103.68194580078125,55.44571304321289,166.85423278808594,93.75977325439453,34.68111801147461,56.96174621582031
2016-10-12,26.833969116210938,41.704498291015625,62.12760543823242,127.1036376953125,84.22265625,119.73999786376953,40.23176193237305,89.8835220336914,52.767333984375,50.711814880371094,23.80903434753418,1.6315405368804932,67.45183563232422,24.923933029174805,115.07894134521484,103.77722930908203,56.08240509033203,167.06704711914062,93.87094116210938,34.63619613647461,56.56572341918945
2016-10-13,26.751646041870117,41.4640007019043,62.2021484375,126.9009017944336,83.9554672241211,120.02999877929688,39.85063552856445,90.10450744628906,52.465274810791016,50.5430908203125,24.128475189208984,1.6050153970718384,67.20051574707031,24.272018432617188,114.3038101196289,103.21406555175781,56.52266311645508,166.53065490722656,93.53749084472656,34.49392318725586,56.1956787109375
2016-10-14,26.90028953552246,41.14799880981445,62.075416564941406,126.84171295166016,84.1213150024414,119.36000061035156,39.876407623291016,89.57115173339844,52.29487228393555,50.98707962036133,24.012317657470703,1.6207339763641357,67.34520721435547,24.375364303588867,114.07377624511719,102.95411682128906,56.27204132080078,166.57325744628906,93.5118179321289,34.5538444519043,56.18269348144531
2016-10-17,26.881996154785156,40.647499084472656,62.2095947265625,125.6167984008789,83.68826293945312,119.68000030517578,39.987422943115234,90.27974700927734,52.023807525634766,50.80949020385742,24.01811981201172,1.611400842666626,66.8882827758789,24.303815841674805,114.25270080566406,102.77214813232422,56.39399337768555,166.07937622070312,93.24678039550781,34.486446380615234,56.18269348144531
2016-10-18,26.86370086669922,40.88249969482422,62.291603088378906,125.96318054199219,84.00154113769531,120.41999816894531,40.71348190307617,87.93302917480469,52.434288024902344,51.2001953125,24.221397399902344,1.6359614133834839,66.598876953125,24.53437042236328,122.14041900634766,103.37001037597656,56.75296401977539,167.0585174560547,93.79398345947266,34.89825439453125,56.332000732421875
2016-10-19,26.783660888671875,40.884498596191406,62.33633804321289,126.2503890991211,84.7017822265625,121.11000061035156,40.97863006591797,87.30823516845703,52.93770980834961,51.084754943847656,24.118791580200195,1.6325228214263916,65.64723205566406,24.629772186279297,122.97515106201172,103.8119125366211,56.8748779296875,167.51832580566406,94.09324645996094,35.018043518066406,56.59169006347656
2016-10-20,26.76995086669922,40.51599884033203,62.29903030395508,126.74879455566406,84.79391479492188,120.73999786376953,40.720428466796875,87.52159881591797,52.86802291870117,50.836116790771484,24.03167152404785,1.6634689569473267,65.17910766601562,24.693378448486328,123.57144927978516,103.48265075683594,56.746192932128906,167.24583435058594,93.91370391845703,35.00307083129883,56.617645263671875
2016-10-21,26.66474151611328,40.949501037597656,62.35123062133789,125.8449478149414,85.71529388427734,120.83000183105469,40.840858459472656,86.43203735351562,53.046142578125,52.97612762451172,23.95036506652832,1.65880286693573,64.7186508178711,24.709278106689453,123.82698059082031,103.35267639160156,56.53620147705078,167.2884521484375,93.8794937133789,34.95815658569336,56.234615325927734
2016-10-24,26.904869079589844,41.90449905395508,62.26178741455078,128.5059814453125,86.02855682373047,120.55999755859375,41.41971969604492,86.56153869628906,53.340457916259766,54.16600799560547,24.080074310302734,1.7366584539413452,64.54212188720703,24.971635818481445,123.24776458740234,103.84657287597656,56.664894104003906,167.96963500976562,94.34974670410156,34.99558639526367,56.42289733886719
2016-10-25,27.04207992553711,41.75899887084961,62.26178741455078,127.55136108398438,85.45730590820312,121.47000122070312,41.063385009765625,86.82823181152344,53.2862548828125,54.15713119506836,24.300777435302734,1.765148639678955,66.74468994140625,25.08293914794922,122.47259521484375,102.99744415283203,56.56332778930664,167.49282836914062,93.94790649414062,34.95815658569336,56.2995491027832
2016-10-26,26.433774948120117,41.12950134277344,62.14995193481445,127.54293060302734,86.13912200927734,120.79000091552734,40.743717193603516,87.285400390625,53.54182052612305,53.83745574951172,24.43242073059082,1.772270917892456,67.07470703125,24.812631607055664,121.15231323242188,102.31291961669922,55.82501983642578,167.11810302734375,93.66574096679688,34.76347732543945,56.539756774902344
2016-10-27,26.179935455322266,40.917999267578125,61.978511810302734,127.44152069091797,86.62743377685547,121.01000213623047,40.50830078125,88.15397644042969,53.61928939819336,53.366825103759766,24.223339080810547,1.7359219789505005,66.4454116821289,24.46282196044922,120.90533447265625,101.16915130615234,54.361995697021484,166.67538452148438,93.3493881225586,34.68111801147461,56.42936706542969
2016-10-28,26.006132125854492,38.816001892089844,61.94867706298828,126.51226806640625,86.47081756591797,121.58000183105469,40.617835998535156,87.87208557128906,53.5263557434082,53.162593841552734,24.3414363861084,1.7329742908477783,66.64492797851562,24.46282196044922,119.55093383789062,101.09986114501953,54.490692138671875,166.14747619628906,93.04159545898438,34.643672943115234,55.04007339477539
2016-10-31,25.964967727661133,39.49100112915039,62.01576232910156,124.9156265258789,85.40202331542969,121.94000244140625,40.139076232910156,88.37490844726562,53.642547607421875,53.20698928833008,24.780914306640625,1.7477105855941772,66.61424255371094,24.725177764892578,120.38568115234375,101.5677490234375,55.37799835205078,166.14747619628906,93.1014404296875,34.67362976074219,54.09223175048828
2016-11-01,25.49616050720215,39.27050018310547,61.99562072753906,123.89350128173828,85.1256103515625,122.7300033569336,39.920021057128906,87.87969207763672,53.41791534423828,53.100440979003906,24.372411727905273,1.6958882808685303,66.65258026123047,24.415117263793945,118.76725769042969,100.40665435791016,54.17234420776367,164.98947143554688,92.40888214111328,34.53886032104492,54.30645751953125
2016-11-02,25.519027709960938,38.27799987792969,62.055362701416016,123.9443359375,84.683349609375,123.63999938964844,39.07452392578125,87.51396942138672,53.19330978393555,52.77188491821289,23.944549560546875,1.6887658834457397,66.56816864013672,24.160715103149414,118.38399505615234,99.2802734375,53.3798828125,163.89962768554688,91.76764678955078,34.24684524536133,54.1766242980957
2016-11-03,25.245498657226562,38.35150146484375,62.01800537109375,122.40213775634766,86.02855682373047,124.30000305175781,38.7657585144043,87.64347839355469,52.9609375,52.57654571533203,23.975528717041016,1.6691182851791382,66.46075439453125,24.073253631591797,117.40438842773438,98.92501831054688,52.966712951660156,163.26100158691406,91.36576080322266,34.2169075012207,54.31296157836914
2016-11-04,25.017940521240234,37.752498626708984,62.13004684448242,120.52946472167969,85.18089294433594,124.38999938964844,38.711734771728516,87.7044448852539,52.480751037597656,52.13255310058594,23.847753524780273,1.6595391035079956,65.29424285888672,24.041460037231445,117.30218505859375,99.2889404296875,53.386653900146484,163.03961181640625,91.30591583251953,33.8874626159668,54.25454330444336
2016-11-07,25.378812789916992,39.246498107910156,62.04789733886719,121.63107299804688,87.00521850585938,122.1500015258789,39.74903869628906,88.88541412353516,54.122711181640625,53.65096664428711,24.134281158447266,1.7504125833511353,66.43003845214844,24.923933029174805,120.89678192138672,101.46378326416016,54.32137680053711,166.6157989501953,93.32374572753906,34.5313720703125,55.47502136230469
2016-11-08,25.528228759765625,39.38750076293945,61.935882568359375,123.79183197021484,86.95913696289062,121.63999938964844,40.242164611816406,89.18254852294922,54.238887786865234,53.69538116455078,24.233015060424805,1.7477105855941772,67.12074279785156,24.91598892211914,121.72299194335938,101.7410659790039,54.60584259033203,167.38206481933594,93.72559356689453,34.643672943115234,55.87458419799805
2016-11-09,25.486852645874023,38.59400177001953,61.3233528137207,124.38497924804688,87.19869232177734,121.55999755859375,39.92546844482422,91.66639709472656,56.73280334472656,53.428993225097656,22.746158599853516,1.718238353729248,65.94654083251953,24.319713592529297,120.87120819091797,104.01119995117188,53.77949523925781,169.17019653320312,94.88839721679688,34.41158676147461,56.4902229309082
2016-11-10,24.776582717895508,37.11899948120117,61.06198501586914,124.30867004394531,87.49352264404297,119.75,38.67158889770508,91.07975006103516,59.366146087646484,52.123695373535156,22.275711059570312,1.664451241493225,63.66722106933594,23.405441284179688,124.474365234375,104.7563705444336,52.878665924072266,169.5618896484375,95.22185516357422,34.18696975708008,57.014190673828125
2016-11-11,24.92369270324707,36.95050048828125,60.949893951416016,126.56272888183594,89.99967956542969,117.0999984741211,38.24834442138672,90.26448822021484,59.397125244140625,52.407833099365234,21.98143768310547,2.160568952560425,64.14305114746094,23.794998168945312,124.72136688232422,106.2640151977539,53.1970100402832,169.24685668945312,95.25601959228516,33.83505630493164,56.110355377197266
2016-11-14,24.298473358154297,35.95349884033203,60.71833419799805,128.79974365234375,90.22079467773438,116.11000061035156,37.329986572265625,88.83970642089844,61.581241607666016,51.6086540222168,22.155675888061523,2.054222822189331,63.69793701171875,22.93638038635254,129.71298217773438,107.89298248291016,54.45683288574219,169.27239990234375,95.50401306152344,33.625404357910156,55.85491943359375
2016-11-15,24.620277404785156,37.1619987487793,60.80050277709961,128.0795135498047,90.0180892944336,117.12000274658203,38.41734313964844,88.6263656616211,61.46506881713867,52.627769470214844,22.269908905029297,2.116852283477783,64.17375946044922,23.214635848999023,129.6703338623047,108.3955307006836,54.00300979614258,170.6432342529297,96.24784851074219,33.95485305786133,56.86355972290039
2016-11-16,25.282276153564453,37.324501037597656,60.92747116088867,128.91844177246094,91.3264389038086,116.7699966430664,38.65622329711914,88.65684509277344,59.947044372558594,53.325069427490234,22.12664222717285,2.250460147857666,63.843753814697266,23.739347457885742,129.04855346679688,108.30021667480469,53.84722137451172,170.35372924804688,96.11106872558594,33.602943420410156,56.16276168823242
2016-11-17,25.273073196411133,37.81999969482422,60.680992126464844,128.12191772460938,91.55680084228516,116.16999816894531,38.96250534057617,88.81685638427734,60.42720031738281,54.21010208129883,22.221511840820312,2.2691259384155273,63.75163269042969,23.429292678833008,128.42669677734375,108.88076782226562,53.298606872558594,171.16261291503906,96.59840393066406,33.812599182128906,55.82215881347656
2016-11-18,25.298368453979492,38.007999420166016,60.53162384033203,127.41008758544922,90.51564025878906,115.1500015258789,38.45748519897461,88.50231170654297,60.18710708618164,53.95084762573242,22.087923049926758,2.2929484844207764,62.93050765991211,23.429292678833008,127.30232238769531,108.98474884033203,53.45438766479492,170.85614013671875,96.41886138916016,33.528072357177734,55.85491943359375
2016-11-21,25.682231903076172,39.0,60.52416229248047,128.096435546875,89.95358276367188,115.58000183105469,38.895111083984375,88.2260971069336,60.450469970703125,54.40676498413086,22.138254165649414,2.283616304397583,63.421669006347656,23.57239532470703,128.12005615234375,109.71259307861328,53.29182815551758,172.1162872314453,97.14559936523438,33.82757568359375,56.647422790527344
2016-11-22,25.698318481445312,39.26649856567383,60.57640075683594,129.36749267578125,90.02731323242188,115.54000091552734,38.905025482177734,86.49227142333984,60.822227478027344,54.639198303222656,22.206539154052734,2.3000714778900146,63.513755798339844,23.779098510742188,129.6959686279297,110.52706909179688,54.22654342651367,172.4313201904297,97.42778015136719,33.992286682128906,56.7718620300293
2016-11-23,25.567304611206055,39.00600051879883,60.4195671081543,128.4608154296875,90.5340576171875,113.25,38.60765838623047,86.74544525146484,61.07780075073242,53.99555206298828,22.126554489135742,2.3113861083984375,63.452354431152344,23.763198852539062,130.78622436523438,111.14227294921875,53.99624252319336,172.5845489501953,97.56456756591797,33.83505630493164,56.929039001464844
2016-11-25,25.696022033691406,39.01850128173828,60.44197463989258,128.69805908203125,91.0500259399414,112.61000061035156,38.668617248535156,87.55863952636719,61.05458450317383,54.11175537109375,22.387968063354492,2.3160593509674072,64.05095672607422,23.58034896850586,130.16441345214844,111.51485443115234,54.307804107666016,173.27426147460938,97.94078826904297,33.969825744628906,57.06005096435547
2016-11-28,25.64545249938965,38.3385009765625,60.5838623046875,128.16421508789062,91.18824768066406,113.80000305175781,38.94416809082031,86.79147338867188,60.659568786621094,54.18328094482422,22.688396453857422,2.3148303031921387,63.75163269042969,23.58034896850586,129.5681915283203,110.40575408935547,54.55842971801758,172.45689392089844,97.37644958496094,33.8425407409668,56.634342193603516
2016-11-29,25.620168685913086,38.125999450683594,60.628726959228516,128.35911560058594,91.83320617675781,113.2699966430664,39.12507247924805,86.29281616210938,61.12428665161133,54.61238098144531,22.877626419067383,2.2936770915985107,63.61351776123047,23.49289321899414,134.23605346679688,110.44041442871094,55.0799560546875,172.72935485839844,97.51324462890625,34.007259368896484,56.26100540161133
2016-11-30,25.404094696044922,37.528499603271484,60.4195671081543,127.1982421875,91.3264389038086,111.75,38.453025817871094,85.38751220703125,62.09241485595703,53.870384216308594,22.284570693969727,2.2678494453430176,63.283504486083984,23.604196548461914,135.39479064941406,110.26712799072266,54.450050354003906,172.33766174316406,97.28243255615234,33.977317810058594,57.17793655395508
2016-12-01,25.16734504699707,37.182498931884766,60.195030212402344,128.57943725585938,91.16061401367188,111.54000091552734,37.88059616088867,85.44889831542969,63.34711837768555,52.92278289794922,22.034862518310547,2.155687093734741,62.823055267333984,22.697872161865234,137.63552856445312,109.79055786132812,53.65081024169922,171.66500854492188,96.88055419921875,33.8874626159668,57.138633728027344
2016-12-02,25.261587142944336,37.016998291015625,60.412052154541016,128.87600708007812,90.75520324707031,112.13999938964844,37.88703918457031,85.89387512207031,63.1999626159668,52.967491149902344,22.319686889648438,2.1756105422973633,63.23746871948242,22.944326400756836,137.4558868408203,109.92920684814453,54.18589782714844,171.78419494628906,96.88055419921875,33.977317810058594,57.00764846801758
2016-12-05,25.079998016357422,37.96799850463867,60.48690414428711,128.6048583984375,92.10038757324219,111.54000091552734,38.569000244140625,85.87852478027344,64.48565673828125,53.834632873535156,22.434789657592773,2.2599780559539795,63.69027328491211,23.071535110473633,134.8047637939453,111.3675308227539,54.58552551269531,172.77188110351562,97.5560073852539,34.24684524536133,57.29583740234375
2016-12-06,25.273073196411133,38.236000061035156,60.47945022583008,127.96084594726562,92.74536895751953,111.43000030517578,38.467899322509766,85.97057342529297,64.81867980957031,53.59326171875,22.38602066040039,2.2971200942993164,63.62887954711914,23.461091995239258,134.5396270751953,112.47663879394531,54.937721252441406,173.37644958496094,98.0519027709961,34.42655944824219,57.34821701049805
2016-12-07,25.521324157714844,38.520999908447266,60.62165832519531,130.3673858642578,93.97077941894531,111.83000183105469,39.22568130493164,85.23409271240234,65.11299896240234,54.86269760131836,22.957611083984375,2.3384435176849365,64.60352325439453,23.794998168945312,136.3184356689453,113.60303497314453,56.034976959228516,175.5732421875,99.26602935791016,34.92070770263672,57.682254791259766
2016-12-08,25.771869659423828,38.36650085449219,60.50190734863281,133.53652954101562,95.9855728149414,111.56999969482422,39.40904998779297,85.14971160888672,65.92621612548828,54.540870666503906,22.799596786499023,2.299333333969116,64.08164978027344,23.88245391845703,136.25009155273438,114.9460678100586,56.421077728271484,176.0330047607422,99.62510681152344,34.943172454833984,57.84600067138672
2016-12-09,26.192516326904297,38.43299865722656,60.322242736816406,135.32447814941406,97.35971069335938,110.4000015258789,40.11677169799805,86.12403106689453,66.21281433105469,55.399078369140625,22.725461959838867,2.2585031986236572,64.74934387207031,23.94605255126953,136.9342041015625,114.8680648803711,56.360103607177734,177.10592651367188,100.16376495361328,35.04799270629883,58.291358947753906
2016-12-12,26.04311180114746,38.00600051879883,60.254920959472656,135.85830688476562,96.61693572998047,110.81999969482422,40.03995895385742,88.50231170654297,65.6241683959961,55.5778694152832,22.91274642944336,2.203650951385498,65.33257293701172,23.771150588989258,136.39541625976562,113.83696746826172,56.73265075683594,176.91006469726562,99.90726470947266,34.84583282470703,59.58820343017578
2016-12-13,26.4775447845459,38.71699905395508,60.322242736816406,135.38381958007812,96.42195892333984,110.44999694824219,40.40868377685547,88.90890502929688,65.64743041992188,56.30197525024414,23.21902847290039,2.242514133453369,65.3709716796875,24.13686180114746,137.29339599609375,113.98429870605469,56.70554733276367,178.119140625,100.48867797851562,35.190242767333984,60.6361198425293
2016-12-14,26.4775447845459,38.441001892089844,60.01542663574219,134.72280883789062,96.60765075683594,108.83000183105469,40.535072326660156,88.21842193603516,65.6241683959961,56.03378677368164,22.635717391967773,2.372387647628784,64.74934387207031,23.747297286987305,136.71185302734375,112.44194793701172,55.46604537963867,176.64614868164062,99.5823745727539,34.5538444519043,59.32620620727539
2016-12-15,26.62236213684082,38.04999923706055,59.92560958862305,135.67190551757812,96.92332458496094,107.33999633789062,40.42405319213867,88.90890502929688,66.60781860351562,55.94438552856445,22.830810546875,2.427976608276367,64.98722076416016,23.977853775024414,137.36178588867188,113.0398178100586,55.14092254638672,177.3018035888672,99.9927749633789,34.5313720703125,59.52924728393555
2016-12-16,26.656837463378906,37.88850021362305,59.97800064086914,135.9261016845703,96.4776611328125,108.05000305175781,40.1361083984375,88.9012222290039,65.78682708740234,55.69407653808594,23.19561767578125,2.4697914123535156,64.98722076416016,23.437238693237305,140.2010955810547,112.86652374267578,55.96726608276367,176.9951934814453,99.83887481689453,34.463985443115234,59.71917724609375
2016-12-19,26.810840606689453,38.29999923706055,60.135162353515625,138.51058959960938,97.76824951171875,108.58999633789062,40.26793670654297,89.00862121582031,66.16632080078125,56.874114990234375,23.258045196533203,2.4997997283935547,65.01026916503906,23.270292282104492,138.14857482910156,113.58570861816406,56.570091247558594,177.39541625976562,100.12102508544922,34.42655944824219,59.221405029296875
2016-12-20,26.882097244262695,38.56100082397461,60.14263916015625,138.84951782226562,97.91680908203125,107.79000091552734,40.4017448425293,88.73245239257812,67.01829528808594,56.80259704589844,23.27365493774414,2.5868732929229736,64.90282440185547,23.302087783813477,138.19129943847656,114.32221221923828,56.69877243041992,178.0765380859375,100.54861450195312,34.53227615356445,59.227970123291016
2016-12-21,26.907390594482422,38.529998779296875,60.23247146606445,138.15467834472656,98.0096435546875,107.8499984741211,40.25306701660156,88.46393585205078,67.188720703125,56.80259704589844,23.137094497680664,2.6031079292297363,64.68026733398438,23.166929244995117,137.96897888183594,113.78502655029297,55.83858108520508,177.59124755859375,100.26470184326172,34.47941589355469,59.129722595214844
2016-12-22,26.730398178100586,38.31700134277344,60.19118881225586,137.33277893066406,97.8796615600586,107.58999633789062,40.128177642822266,88.56368255615234,67.29712677001953,56.811546325683594,23.19561767578125,2.634591817855835,64.82608795166016,22.848926544189453,138.1827850341797,112.90397644042969,55.74522018432617,177.36505126953125,100.00660705566406,34.313289642333984,59.51613998413086
2016-12-23,26.78325843811035,38.02949905395508,60.22122573852539,137.34120178222656,97.62898254394531,107.93000030517578,40.03499984741211,88.96259307861328,67.42103576660156,56.53440856933594,23.25999641418457,2.7002665996551514,65.20211029052734,23.095386505126953,139.4227752685547,113.3919906616211,55.890438079833984,177.51930236816406,100.16145324707031,34.411441802978516,59.411346435546875
2016-12-27,26.953346252441406,38.56999969482422,60.17616653442383,137.31576538085938,97.64754486083984,108.55999755859375,40.140567779541016,88.92427825927734,67.48300170898438,56.570159912109375,23.26390266418457,2.885728120803833,64.92582702636719,23.135133743286133,139.08929443359375,113.80155181884766,56.007999420166016,177.95619201660156,100.41095733642578,34.419002532958984,59.437538146972656
2016-12-28,26.83843231201172,38.60649871826172,60.32624816894531,136.43453979492188,96.83976745605469,108.86000061035156,39.87492370605469,88.3028335571289,66.99507141113281,56.3109245300293,23.146848678588867,2.687229633331299,64.51911163330078,23.151037216186523,138.0630340576172,112.52925872802734,55.66912841796875,176.55105590820312,99.57642364501953,34.39634704589844,59.14281463623047
2016-12-29,26.831525802612305,38.25749969482422,60.491310119628906,136.53622436523438,97.08116149902344,110.29000091552734,39.791160583496094,88.60204315185547,66.52259826660156,56.2304573059082,23.445327758789062,2.7408506870269775,64.73399353027344,23.158981323242188,137.72096252441406,112.82554626464844,56.36066436767578,176.51687622070312,99.58502960205078,34.58512496948242,59.17558670043945
2016-12-30,26.62236213684082,37.493499755859375,60.61887741088867,135.67190551757812,96.76549530029297,109.61000061035156,39.27424240112305,88.38723754882812,66.8324203491211,55.551048278808594,23.304866790771484,2.625490665435791,64.52680206298828,22.856876373291016,136.86578369140625,112.381103515625,57.07298278808594,175.9084930419922,99.21508026123047,34.645538330078125,59.11663055419922
2017-01-03,26.69820785522461,37.68349838256836,60.626373291015625,135.34994506835938,98.4924545288086,110.47000122070312,40.045406341552734,88.87054443359375,67.56046295166016,55.94438552856445,23.160503387451172,2.5091471672058105,64.6188735961914,23.302087783813477,138.07162475585938,113.03469848632812,57.25967788696289,177.1336669921875,99.9721908569336,34.894737243652344,59.52924728393555
2017-01-04,26.6683292388916,37.85900115966797,60.67140579223633,135.3753204345703,99.75516510009766,110.86000061035156,40.033512115478516,88.72478485107422,67.68505859375,55.69407653808594,23.228784561157227,2.567687749862671,64.84911346435547,23.294137954711914,138.46502685546875,114.92572784423828,58.096431732177734,178.17898559570312,100.73790740966797,35.27985763549805,58.87427520751953
2017-01-05,26.80394744873047,39.022499084472656,60.97898864746094,138.04454040527344,99.699462890625,112.58000183105469,40.293704986572266,89.65304565429688,67.06201171875,55.69407653808594,23.215129852294922,2.502505302429199,65.27886199951172,23.691650390625,138.6958770751953,114.01068115234375,58.28316879272461,178.0419158935547,100.54000091552734,35.54414749145508,57.99665832519531
2017-01-06,27.10276222229004,39.79949951171875,60.73892593383789,137.9767303466797,101.18502807617188,111.75,40.89784622192383,89.22344970703125,67.06982421875,56.17681884765625,23.146848678588867,2.5359575748443604,65.25585174560547,23.556493759155273,138.89256286621094,113.85385131835938,58.290096282958984,178.73590087890625,100.85832977294922,35.46864700317383,57.96389389038086
2017-01-09,27.35100555419922,39.84600067138672,60.88901901245117,136.400634765625,100.60938262939453,112.66999816894531,40.9954833984375,89.20809173583984,67.1165542602539,55.998023986816406,23.08832359313965,2.6387736797332764,64.77234649658203,23.88245391845703,138.4992218017578,113.17408752441406,57.76451110839844,178.17047119140625,100.47120666503906,35.40067672729492,57.00764846801758
2017-01-10,27.378602981567383,39.79499816894531,60.87397003173828,136.98538208007812,100.6279525756836,113.1500015258789,40.9375,89.11605072021484,67.31124877929688,55.980159759521484,23.13319206237793,2.618849992752075,64.073974609375,23.906307220458984,138.1827850341797,114.00198364257812,57.273502349853516,178.14471435546875,100.54861450195312,35.46108627319336,56.2806510925293
2017-01-11,27.52570915222168,39.95100021362305,60.903968811035156,136.8835906982422,101.61212158203125,113.5,41.1283073425293,88.01895141601562,67.8174819946289,56.48971176147461,23.295114517211914,2.586627244949341,64.27352142333984,23.985807418823242,138.44789123535156,114.32444763183594,56.92082595825195,178.65020751953125,100.86695098876953,35.72538757324219,56.856990814208984
2017-01-12,27.410778045654297,40.68199920654297,60.918983459472656,137.16329956054688,99.83872985839844,113.91000366210938,41.11195755004883,87.93460083007812,67.16326904296875,55.97121047973633,23.312667846679688,2.5443203449249268,64.34261322021484,23.286191940307617,138.84983825683594,113.70570373535156,57.211265563964844,178.256103515625,100.60022735595703,35.778236389160156,56.5491828918457
2017-01-13,27.362506866455078,40.856998443603516,60.82146453857422,137.15481567382812,100.330810546875,114.20999908447266,41.18183898925781,87.91923522949219,67.52149963378906,56.05167007446289,23.224885940551758,2.5440752506256104,64.47307586669922,23.405441284179688,138.37088012695312,114.42030334472656,57.1282844543457,178.6073760986328,100.8497314453125,35.88396453857422,56.55572509765625
2017-01-17,27.58316993713379,40.486000061035156,61.009090423583984,138.80714416503906,100.24727630615234,115.8499984741211,41.009368896484375,88.12638092041016,65.06831359863281,55.899688720703125,23.453134536743164,2.4870095252990723,65.39396667480469,23.548547744750977,137.39601135253906,113.23512268066406,57.57088088989258,177.9733428955078,100.40235900878906,35.793338775634766,57.21722412109375
2017-01-18,27.58087158203125,40.374000549316406,60.693870544433594,139.19699096679688,100.42367553710938,114.87000274658203,41.08667755126953,87.99595642089844,65.37203216552734,55.87287902832031,23.41606903076172,2.532268762588501,65.69567108154297,23.445188522338867,134.89877319335938,113.74057006835938,57.66770553588867,178.35040283203125,100.63465881347656,35.604557037353516,56.5098876953125
2017-01-19,27.532602310180664,40.45199966430664,60.58889389038086,138.71395874023438,99.60661315917969,114.7699966430664,40.85622024536133,87.61233520507812,64.87361907958984,55.69407653808594,23.269750595092773,2.586627244949341,65.51775360107422,23.556493759155273,135.71983337402344,112.89525604248047,57.07987976074219,177.7506103515625,100.23890686035156,35.57435989379883,55.49469757080078
2017-01-20,27.58316993713379,40.416500091552734,60.63384246826172,139.17153930664062,99.95943450927734,115.05000305175781,41.0445442199707,87.5739974975586,65.16177368164062,56.08742904663086,23.265850067138672,2.5583407878875732,67.64498138427734,23.906307220458984,135.6856231689453,113.4355239868164,57.494808197021484,178.32464599609375,100.58303833007812,35.71781921386719,56.25446319580078
2017-01-23,27.6015625,40.89400100708008,60.79898452758789,138.12928771972656,99.45806884765625,115.79000091552734,41.850406646728516,87.389892578125,65.19292449951172,56.28410339355469,23.172210693359375,2.584906578063965,67.26591491699219,24.113008499145508,136.03627014160156,113.06956481933594,57.97888946533203,177.91336059570312,100.31635284423828,35.88396453857422,55.65188980102539
2017-01-24,27.576278686523438,41.12200164794922,60.70893096923828,138.68853759765625,100.18225860595703,115.2699966430664,42.10316848754883,85.74044799804688,65.97950744628906,56.78472137451172,23.17806053161621,2.6400020122528076,67.96211242675781,24.50257110595703,137.1992950439453,114.68171691894531,57.99271774291992,179.0443115234375,101.09925079345703,36.027427673339844,55.730472564697266
2017-01-25,28.015304565429688,41.82600021362305,60.52885437011719,139.0868377685547,100.312255859375,114.31999969482422,42.54523468017578,86.538330078125,66.9997329711914,56.92774963378906,23.21902847290039,2.651318311691284,67.42063903808594,24.892133712768555,137.89202880859375,115.60543823242188,57.61236572265625,180.53517150878906,101.96819305419922,36.40499496459961,55.89419937133789
2017-01-26,28.02910041809082,41.95750045776367,60.55135726928711,139.02748107910156,100.330810546875,113.26000213623047,42.472389221191406,85.80181884765625,67.56048583984375,57.455204010009766,23.16635513305664,2.6970691680908203,66.98748016357422,24.733123779296875,139.18336486816406,115.3004379272461,57.50172424316406,180.39808654785156,101.82192993164062,36.29172897338867,56.06449890136719
2017-01-27,28.031394958496094,41.78850173950195,60.61887741088867,137.3242950439453,101.48213195800781,113.48999786376953,41.8801383972168,86.98324584960938,67.70063781738281,58.805091857910156,23.677478790283203,2.7492141723632812,67.08026885986328,24.844430923461914,139.3886260986328,114.72528076171875,56.94157791137695,180.1410369873047,101.65846252441406,36.20866394042969,56.00556182861328
2017-01-30,27.95784568786621,41.51900100708008,60.603851318359375,138.33258056640625,103.00482940673828,113.97000122070312,40.82946014404297,86.79147338867188,66.9997329711914,58.2239990234375,23.888174057006836,2.706169366836548,67.10350036621094,24.79673194885254,138.61895751953125,113.4529800415039,56.5543212890625,179.05294799804688,100.97016906738281,35.97457504272461,55.579837799072266
2017-01-31,27.89348030090332,41.17399978637695,60.7314338684082,138.92575073242188,102.7355728149414,115.55000305175781,40.64905548095703,86.88353729248047,65.90940856933594,57.7949104309082,24.135929107666016,2.6855080127716064,67.760986328125,24.57412338256836,138.62753295898438,114.09783935546875,56.96232986450195,179.0443115234375,101.05622863769531,36.057640075683594,54.944541931152344
2017-02-01,29.594440460205078,41.61750030517578,60.624637603759766,137.15481567382812,103.33908081054688,115.19999694824219,40.40373611450195,86.86817932128906,66.1585922241211,56.838348388671875,23.921335220336914,2.802835464477539,67.5521469116211,24.709278106689453,139.14915466308594,113.87997436523438,56.277679443359375,179.07003784179688,101.047607421875,36.178466796875,54.32229995727539
2017-02-02,29.54387855529785,41.997501373291016,60.66228103637695,142.48472595214844,102.69844818115234,115.83999633789062,40.55339431762695,87.12903594970703,65.87825012207031,56.47183609008789,24.0852108001709,2.838254928588867,67.88475799560547,24.470767974853516,137.4814910888672,113.87997436523438,56.9484977722168,179.14715576171875,101.11644744873047,36.2237663269043,54.656349182128906
2017-02-03,29.67029571533203,40.5099983215332,60.67729568481445,142.62879943847656,102.41061401367188,116.12999725341797,40.646080017089844,87.1827392578125,67.89534759521484,56.92774963378906,24.231517791748047,2.8134121894836426,67.61400604248047,24.621822357177734,138.43081665039062,115.37886047363281,57.25967788696289,180.47518920898438,101.88215637207031,36.389892578125,54.715309143066406
2017-02-06,29.948429107666016,40.38199996948242,60.865272521972656,141.53564453125,101.73281860351562,117.69999694824219,40.71992874145508,86.99860382080078,67.5760269165039,56.891990661621094,24.163240432739258,2.885481357574463,67.60628509521484,24.54232406616211,137.26771545410156,114.7078628540039,57.16284942626953,180.09825134277344,101.64126586914062,36.178466796875,54.56464767456055
2017-02-07,30.233457565307617,40.625,60.9630012512207,141.95086669921875,101.20359802246094,117.45999908447266,41.097084045410156,87.05999755859375,67.53707122802734,56.70427703857422,24.254932403564453,2.930248498916626,68.07814025878906,24.26405906677246,137.28480529785156,114.28955078125,56.96232986450195,180.1410369873047,101.63262939453125,36.140716552734375,54.21097183227539
2017-02-08,30.350669860839844,40.98550033569336,61.12843704223633,143.09796142578125,101.20359802246094,118.19000244140625,41.129295349121094,86.99860382080078,66.9452133178711,56.623809814453125,24.63924789428711,2.9174585342407227,68.32564544677734,24.113008499145508,137.0966796875,114.30701446533203,57.41181182861328,180.3723907470703,101.74451446533203,36.253963470458984,53.854061126708984
2017-02-09,30.569992065429688,41.06800079345703,60.9630012512207,145.2560577392578,101.65853118896484,117.29000091552734,41.13821792602539,87.52030944824219,67.91088104248047,57.267452239990234,24.31736183166504,2.862605571746826,68.58866119384766,24.017606735229492,137.20785522460938,115.60543823242188,57.55013656616211,181.4005889892578,102.41557312011719,36.352134704589844,54.09200668334961
2017-02-10,30.500728607177734,41.37300109863281,60.94796371459961,146.13966369628906,101.44501495361328,117.5999984741211,41.375614166259766,88.41024017333984,67.75514221191406,57.21381378173828,24.477323532104492,2.7947187423706055,68.04719543457031,24.415117263793945,137.4729766845703,116.37230682373047,57.95814514160156,182.12881469726562,102.84574890136719,36.54848098754883,54.54146194458008
2017-02-13,30.77083969116211,41.826499938964844,60.88028335571289,146.1056671142578,101.8071060180664,116.80000305175781,41.57930374145508,88.9012222290039,68.65074157714844,57.857486724853516,24.580730438232422,2.6658291816711426,68.31017303466797,25.19423484802246,138.53341674804688,116.67730712890625,57.97888946533203,183.0970001220703,103.36196899414062,36.691951751708984,54.85871887207031
2017-02-14,31.170228958129883,41.81949996948242,60.7524528503418,147.5245819091797,102.4384536743164,116.93000030517578,41.63233184814453,89.26947784423828,69.74886322021484,58.073341369628906,24.580730438232422,2.6756691932678223,67.96211242675781,24.908031463623047,139.5083770751953,117.03460693359375,57.67460250854492,183.85955810546875,103.7405014038086,36.661739349365234,54.7397346496582
2017-02-15,31.283348083496094,42.1349983215332,60.65475845336914,148.68862915039062,102.29917907714844,117.44999694824219,41.49803161621094,89.91388702392578,70.55101013183594,58.03736114501953,24.44221305847168,2.681079626083374,70.48381042480469,25.241933822631836,140.5003662109375,117.59234619140625,57.480979919433594,184.79345703125,104.30833435058594,36.865638732910156,54.96446990966797
2017-02-16,31.246408462524414,42.207000732421875,60.76750183105469,149.3258514404297,102.79129028320312,118.08000183105469,41.738399505615234,90.58902740478516,70.50431060791016,58.02834701538086,24.61779022216797,2.638036012649536,70.22853088378906,25.695104598999023,139.9530487060547,117.29605102539062,57.8198356628418,184.64781188964844,104.21369171142578,36.895835876464844,54.39604949951172
2017-02-17,31.331819534301758,42.253501892089844,60.91034698486328,149.4193115234375,102.1877670288086,117.68000030517578,41.95547103881836,91.18743133544922,70.27064514160156,58.11830139160156,24.748497009277344,2.637543201446533,70.46057891845703,25.71100425720215,134.79617309570312,117.40059661865234,57.930484771728516,184.93055725097656,104.36856079101562,36.73725128173828,54.03913879394531
2017-02-21,31.558053970336914,42.821998596191406,60.902870178222656,150.3369903564453,102.14134979248047,117.75,42.090274810791016,91.80118560791016,70.87812805175781,58.00137710571289,25.021617889404297,2.7319962978363037,70.90925598144531,25.70305824279785,137.31903076171875,118.3766098022461,58.67043685913086,186.0186004638672,104.98800659179688,36.94870376586914,54.125057220458984
2017-02-22,31.652719497680664,42.78049850463867,60.940467834472656,149.9716339111328,102.24348449707031,117.91000366210938,42.1938591003418,91.69377136230469,70.91706848144531,57.884464263916016,25.05672836303711,2.727809429168701,70.7313232421875,25.49634552001953,137.31903076171875,117.80147552490234,58.47679901123047,185.93299865722656,104.85035705566406,36.95625305175781,53.49053955078125
2017-02-23,31.518808364868164,42.609500885009766,61.05325698852539,149.41082763671875,101.88137817382812,118.94000244140625,42.1760139465332,93.36622619628906,70.97157287597656,58.11830139160156,25.199138641357422,2.474879264831543,70.49153137207031,25.241933822631836,139.05511474609375,117.20893859863281,58.78108215332031,186.03582763671875,104.77290344238281,36.99399948120117,54.05234146118164
2017-02-24,31.548831939697266,42.262001037597656,61.278778076171875,150.86375427246094,102.4291763305664,119.69999694824219,42.017913818359375,94.77947998046875,70.34851837158203,58.11830139160156,25.7442626953125,2.498767375946045,70.42967987060547,25.377094268798828,139.448486328125,117.2437515258789,59.05767822265625,186.25860595703125,104.94499206542969,36.699501037597656,53.58969497680664
2017-02-27,31.61115264892578,42.43199920654297,61.15098190307617,150.91470336914062,102.3456039428711,119.12000274658203,42.110103607177734,94.52464294433594,70.42642974853516,57.76754379272461,25.529987335205078,2.5714216232299805,70.30590057373047,25.067033767700195,141.4325408935547,118.2197494506836,59.36888885498047,186.53277587890625,105.17727661132812,36.66929244995117,53.89372634887695
2017-02-28,31.625019073486328,42.25199890136719,61.1058464050293,150.54083251953125,102.21562194824219,119.2300033569336,41.87518310546875,94.3779067993164,70.57438659667969,57.542694091796875,25.75212860107422,2.4992611408233643,70.44511413574219,25.019332885742188,141.4325408935547,116.74702453613281,58.96088790893555,185.98439025878906,104.79014587402344,36.540931701660156,53.74831771850586
2017-03-01,32.271400451660156,42.65399932861328,60.85574722290039,151.11865234375,103.09767150878906,119.05999755859375,42.460994720458984,95.65213012695312,72.89520263671875,58.40610122680664,25.43956184387207,2.5315229892730713,70.9014892578125,25.106782913208008,143.62179565429688,118.63806915283203,58.78108215332031,188.62332153320312,106.20110321044922,36.96380615234375,54.871917724609375
2017-03-02,32.07979202270508,42.445499420166016,60.74274826049805,151.22061157226562,102.67985534667969,117.58000183105469,42.1190185546875,95.47450256347656,71.7581558227539,57.569679260253906,25.740331649780273,2.438183069229126,70.32137298583984,24.54232406616211,143.08306884765625,117.34832763671875,58.462982177734375,187.51805114746094,105.52142333984375,36.64663314819336,55.0569953918457
2017-03-03,32.26908493041992,42.49399948120117,60.787967681884766,144.66127014160156,103.28337860107422,117.51000213623047,42.08086013793945,95.59806823730469,72.27216339111328,57.78553009033203,25.71280860900879,2.424144983291626,70.00420379638672,24.526424407958984,143.84420776367188,117.40059661865234,58.23476028442383,187.62086486816406,105.60743713378906,36.827880859375,54.50177764892578
2017-03-06,32.16753005981445,42.330501556396484,60.75028610229492,141.66200256347656,102.75414276123047,116.72000122070312,41.991153717041016,95.53628540039062,71.58680725097656,57.803524017333984,25.681350708007812,2.4054276943206787,69.9036636352539,24.526424407958984,144.27174377441406,116.62504577636719,57.97197341918945,187.03822326660156,105.19447326660156,36.73725128173828,54.7463493347168
2017-03-07,32.209083557128906,42.30099868774414,60.637271881103516,141.89141845703125,102.93055725097656,115.77999877929688,42.183448791503906,95.62895965576172,71.18963623046875,57.92042922973633,25.68332290649414,2.4317800998687744,69.84178161621094,24.892133712768555,143.92970275878906,115.85814666748047,57.695350646972656,186.4727783203125,104.85895538330078,36.65419387817383,54.54146194458008
2017-03-08,32.08903503417969,42.525001525878906,60.49415969848633,141.24566650390625,102.91197967529297,115.05999755859375,42.30685806274414,95.83746337890625,71.03388214111328,58.451072692871094,25.445459365844727,2.4273464679718018,69.72573852539062,24.820579528808594,144.13143920898438,115.16099548339844,56.6303825378418,186.0786590576172,104.56645202636719,36.43521499633789,53.556636810302734
2017-03-09,32.01514434814453,42.650001525878906,60.305816650390625,140.8463592529297,103.08839416503906,114.47000122070312,42.515018463134766,97.26615905761719,71.31424713134766,58.217247009277344,25.3098201751709,2.4268534183502197,69.88044738769531,24.629772186279297,144.21725463867188,114.7078628540039,55.779788970947266,186.27569580078125,104.61803436279297,36.48051834106445,53.979637145996094
2017-03-10,32.121337890625,42.62300109863281,60.426353454589844,140.5065155029297,102.98625183105469,114.72000122070312,42.69194030761719,97.46694946289062,71.08839416503906,58.39710998535156,25.56734275817871,2.4411377906799316,70.44511413574219,24.693378448486328,145.9082794189453,115.11743927001953,55.60689926147461,186.92686462402344,104.9966049194336,36.8203239440918,53.939979553222656
2017-03-13,32.13520050048828,42.72949981689453,60.305816650390625,139.80979919433594,103.54331970214844,114.73999786376953,42.84905242919922,97.82990264892578,71.15067291259766,58.19925308227539,25.64596939086914,2.508373260498047,70.63077545166016,25.04318618774414,146.10569763183594,115.4311752319336,55.74522018432617,187.03822326660156,105.07404327392578,37.024208068847656,53.81440353393555
2017-03-14,32.086727142333984,42.62649917602539,60.298301696777344,140.39602661132812,104.27682495117188,114.12000274658203,42.91497039794922,98.11563873291016,71.26748657226562,57.9294319152832,25.667598724365234,2.5066494941711426,70.39097595214844,24.812631607055664,145.11859130859375,114.9083023071289,55.73137664794922,186.40420532226562,104.69547271728516,36.767459869384766,53.53019332885742
2017-03-15,32.42608642578125,42.64849853515625,60.67496871948242,141.50057983398438,103.8683090209961,116.25,43.03787612915039,99.59066009521484,71.4388656616211,58.235225677490234,25.929040908813477,2.525613307952881,70.70038604736328,25.369140625,147.45339965820312,116.63374328613281,56.85860061645508,187.95504760742188,105.6418685913086,37.36402130126953,54.197750091552734
2017-03-16,32.47917556762695,42.67100143432617,60.584564208984375,141.9424285888672,103.7197494506836,116.7300033569336,43.1176643371582,99.20453643798828,71.3687744140625,58.13628387451172,25.5358829498291,2.5566439628601074,70.7313232421875,25.766658782958984,147.04135131835938,116.57274627685547,56.7479362487793,187.63800048828125,105.51282501220703,37.583011627197266,54.244022369384766
2017-03-17,32.31758117675781,42.615501403808594,60.705081939697266,142.57968139648438,103.76617431640625,116.98999786376953,43.23512268066406,98.8956298828125,70.6211166381836,58.3431510925293,25.600759506225586,2.6123037338256836,70.39097595214844,25.909765243530273,145.66793823242188,116.7557144165039,57.01073455810547,187.2610321044922,105.45257568359375,37.57546615600586,54.197750091552734
2017-03-20,32.65693664550781,42.8484992980957,60.82561492919922,142.26528930664062,104.64822387695312,117.51000213623047,43.01408386230469,98.90335083007812,70.11492156982422,58.39710998535156,25.533912658691406,2.6955459117889404,70.56116485595703,26.1164608001709,144.20867919921875,116.38103485107422,56.96232986450195,187.09823608398438,105.20308685302734,37.650978088378906,54.197750091552734
2017-03-21,32.282955169677734,42.15999984741211,60.96875,141.7044677734375,103.75690460205078,118.54000091552734,42.133392333984375,98.27008819580078,68.05889129638672,57.74955368041992,25.919218063354492,2.6083626747131348,70.53794860839844,25.822307586669922,143.95115661621094,113.749267578125,56.713356018066406,184.70773315429688,103.73188018798828,37.38667678833008,54.08540344238281
2017-03-22,32.64771270751953,42.40299987792969,61.05160140991211,142.46922302246094,104.06327819824219,118.83000183105469,42.116546630859375,97.50555419921875,68.16790771484375,58.48704528808594,26.029306411743164,2.661559581756592,70.38324737548828,25.989261627197266,143.3760528564453,113.78413391113281,56.68202209472656,185.08477783203125,103.86955261230469,37.45463180541992,54.03913879394531
2017-03-23,32.53227996826172,42.36899948120117,61.021507263183594,141.80642700195312,104.21183776855469,118.66999816894531,41.613502502441406,97.22755432128906,68.05889129638672,58.3431510925293,25.966402053833008,2.6374244689941406,70.21306610107422,25.885910034179688,141.8824462890625,114.13268280029297,57.09998321533203,184.89544677734375,103.83512878417969,37.537696838378906,54.105228424072266
2017-03-24,32.46763229370117,42.28049850463867,61.00643539428711,141.05874633789062,104.1189956665039,118.86000061035156,41.38998031616211,96.9031982421875,67.98101043701172,58.44208908081055,26.10597038269043,2.646782398223877,70.05836486816406,26.08466911315918,141.633544921875,114.20616912841797,57.03727722167969,184.8351593017578,103.84552764892578,37.674068450927734,53.6888313293457
2017-03-27,32.523033142089844,42.340999603271484,61.134498596191406,141.1692352294922,104.34183502197266,119.52999877929688,41.557003021240234,97.15032196044922,67.94207763671875,58.55000305175781,25.77178955078125,2.665992498397827,69.99647521972656,26.370866775512695,141.29019165039062,114.23238372802734,56.52180099487305,184.5338897705078,103.72450256347656,37.72710037231445,53.70204544067383
2017-03-28,33.1971435546875,42.79999923706055,61.021507263183594,141.696044921875,104.96390533447266,119.04000091552734,41.66207504272461,97.04219055175781,69.001220703125,58.72090148925781,25.80323028564453,2.652200698852539,70.20533752441406,26.51397132873535,141.93397521972656,115.19407653808594,56.76561737060547,185.90255737304688,104.45049285888672,37.84829330444336,54.09200668334961
2017-03-29,33.27101135253906,43.715999603271484,61.14201736450195,142.25672912597656,104.4811019897461,119.33000183105469,42.12001419067383,96.47074890136719,68.74423217773438,58.88277816772461,25.663663864135742,2.6435813903808594,70.08158111572266,26.18006706237793,140.29444885253906,115.69243621826172,57.0860481262207,186.177978515625,104.6406021118164,37.89375305175781,54.21097183227539
2017-03-30,33.227142333984375,43.81700134277344,61.04411697387695,142.64761352539062,105.0846176147461,118.47000122070312,42.10068130493164,96.26992797851562,69.33609771728516,59.098636627197266,25.187938690185547,2.6943156719207764,69.77217864990234,26.291366577148438,141.62498474121094,116.2956771850586,57.19053649902344,186.67721557617188,105.0295181274414,37.74224853515625,55.32136154174805
2017-03-31,33.16481399536133,44.32699966430664,61.08176803588867,142.47769165039062,105.27959442138672,118.72000122070312,42.01742172241211,96.18500518798828,68.40933227539062,59.23353576660156,25.235116958618164,2.6827406883239746,69.50141143798828,26.108518600463867,140.78375244140625,116.52298736572266,57.5318603515625,186.2296600341797,104.84801483154297,37.63618469238281,54.20438003540039
2017-04-03,33.174049377441406,44.57550048828125,61.303733825683594,141.6365203857422,105.10318756103516,119.3499984741211,42.460994720458984,96.2931137084961,68.16011047363281,58.95472717285156,25.30392074584961,2.6691935062408447,69.36990356445312,26.14826774597168,142.13998413085938,115.5699691772461,57.69905471801758,185.9971923828125,104.5887451171875,37.628597259521484,54.244022369384766
2017-04-04,33.42106628417969,45.34149932861328,61.23580551147461,142.1038360595703,104.95463562011719,119.62000274658203,42.25382614135742,96.28539276123047,68.38726043701172,59.116634368896484,25.46511459350586,2.482020378112793,69.5478286743164,26.12441635131836,141.60780334472656,115.50884246826172,57.69905471801758,186.1005096435547,104.6406021118164,37.658912658691406,54.44231033325195
2017-04-05,33.247920989990234,45.4640007019043,61.288570404052734,141.89141845703125,104.91748046875,119.62000274658203,42.07243728637695,96.3780517578125,67.510009765625,58.963714599609375,25.681350708007812,2.463549852371216,69.59425354003906,26.156217575073242,141.9511260986328,114.42472839355469,57.78263854980469,185.53240966796875,104.21713256835938,37.492244720458984,54.54806900024414
2017-04-06,33.16481399536133,44.91400146484375,61.31124496459961,144.4573516845703,104.96390533447266,119.18000030517578,41.88361358642578,96.57112884521484,67.73715209960938,59.116634368896484,25.50836944580078,2.481527805328369,69.15332794189453,26.12441635131836,141.92539978027344,115.43011474609375,58.08914566040039,186.01446533203125,104.54552459716797,37.492244720458984,54.86532211303711
2017-04-07,33.090946197509766,44.74399948120117,61.175384521484375,144.96713256835938,104.52752685546875,119.45999908447266,41.73492431640625,96.47074890136719,67.50218963623047,59.07164764404297,25.345197677612305,2.470937967300415,69.02182006835938,26.13236427307129,142.50909423828125,115.34268188476562,58.1727409362793,185.85092163085938,104.46776580810547,37.45436477661133,54.700069427490234
2017-04-10,33.05171585083008,45.35200119018555,61.23580551147461,145.47695922851562,104.38825988769531,119.45999908447266,41.71510696411133,96.02283477783203,67.26720428466797,58.936737060546875,25.443492889404297,2.4078900814056396,69.22296142578125,25.854110717773438,142.0455322265625,115.70113372802734,58.534969329833984,185.9800262451172,104.59737396240234,37.42406463623047,54.94461441040039
2017-04-11,32.69618606567383,45.11800003051758,61.43206024169922,144.97567749023438,104.98248291015625,121.19000244140625,41.62490463256836,95.93013000488281,67.14970397949219,58.891788482666016,25.421871185302734,2.4165117740631104,69.4627456665039,25.758708953857422,142.3459930419922,116.35684204101562,58.938987731933594,185.74757385253906,104.56282806396484,37.530120849609375,54.752952575683594
2017-04-12,32.73543930053711,44.811500549316406,61.57554244995117,144.5848388671875,104.95463562011719,122.0199966430664,41.703208923339844,96.84141540527344,66.89124298095703,58.66691970825195,25.655792236328125,2.3965611457824707,69.85725402832031,25.66330337524414,142.1142578125,114.9754638671875,58.83450698852539,184.98150634765625,104.0270004272461,37.537696838378906,54.838871002197266
2017-04-13,32.562286376953125,44.23350143432617,61.666099548339844,143.45477294921875,105.10318756103516,122.5999984741211,41.6397705078125,96.5247802734375,66.10794830322266,58.415096282958984,25.706912994384766,2.351738452911377,69.64067077636719,25.3055362701416,141.59922790527344,113.83020782470703,58.702144622802734,183.7505645751953,103.31835174560547,37.325584411621094,53.99287033081055
2017-04-17,32.74234390258789,45.0994987487793,61.62836837768555,144.18545532226562,105.64169311523438,122.23999786376953,42.380699157714844,97.08853149414062,67.25151824951172,58.891788482666016,25.734437942504883,2.443847894668579,69.91912078857422,25.464550018310547,143.5048065185547,115.18531036376953,59.412681579589844,185.3602752685547,104.21713256835938,37.628597259521484,53.920162200927734
2017-04-18,32.59690475463867,45.18899917602539,61.84732437133789,144.55084228515625,106.02236938476562,122.81999969482422,42.32420349121094,94.07672882080078,66.70325469970703,58.810813903808594,25.936912536621094,2.4453248977661133,70.23625946044922,25.27374267578125,144.7151336669922,115.17658233642578,59.572879791259766,184.85238647460938,103.99244689941406,37.371036529541016,53.569862365722656
2017-04-19,32.476863861083984,44.959999084472656,61.73408126831055,144.49130249023438,105.59526062011719,121.7300033569336,42.449092864990234,93.72918701171875,66.15496063232422,58.496036529541016,25.850414276123047,2.454930305480957,69.83873748779297,25.130640029907227,145.28167724609375,115.42135620117188,59.48930358886719,184.4478302001953,103.906005859375,37.204368591308594,53.1997184753418
2017-04-20,32.88318634033203,45.10300064086914,61.65099334716797,144.5678253173828,106.57945251464844,121.95999908447266,42.62602615356445,94.11531829833984,67.00872039794922,58.909759521484375,25.7265682220459,2.493842363357544,69.62831115722656,25.27374267578125,147.2473907470703,116.61038970947266,59.49626159667969,185.95413208007812,104.76158905029297,37.54527282714844,53.543418884277344
2017-04-21,32.84392547607422,44.92649841308594,61.666099548339844,145.09461975097656,106.2544937133789,122.30999755859375,42.57001876831055,94.03038024902344,66.20195007324219,59.71920394897461,26.14922332763672,2.504185914993286,69.07488250732422,25.504297256469727,146.92123413085938,116.35684204101562,59.28030776977539,185.41188049316406,104.42454528808594,37.530120849609375,53.33191680908203
2017-04-24,33.16020202636719,45.37049865722656,61.58306884765625,146.42001342773438,105.56742095947266,121.4800033569336,43.56024169921875,94.90303802490234,68.53610229492188,60.73553466796875,26.09614372253418,2.5354645252227783,69.79976654052734,25.99721908569336,147.9254913330078,117.52836608886719,58.62553024291992,187.39166259765625,105.53073120117188,38.3255729675293,53.609519958496094
2017-04-25,33.365657806396484,45.38100051879883,61.394325256347656,146.71746826171875,106.9415512084961,120.25,44.051387786865234,95.32007598876953,69.13137817382812,61.08628845214844,26.129562377929688,2.5795483589172363,70.15052032470703,26.291366577148438,149.39329528808594,118.41138458251953,58.86932373046875,188.51931762695312,106.18756866455078,38.55284118652344,54.019283294677734
2017-04-26,33.169429779052734,45.464500427246094,61.454742431640625,150.21798706054688,107.31295013427734,120.83999633789062,44.066253662109375,95.38182067871094,69.26451873779297,61.005332946777344,26.111865997314453,2.561816453933716,68.38896179199219,26.235719680786133,149.6851806640625,118.63867950439453,58.430484771728516,188.381591796875,106.2134780883789,38.46194076538086,53.801204681396484
2017-04-27,33.19483184814453,45.91899871826172,61.50000762939453,150.7703399658203,107.55433654785156,120.38999938964844,44.180240631103516,95.55945587158203,68.62224578857422,61.401039123535156,26.247514724731445,2.6017141342163086,68.3499984741211,26.251615524291992,149.89979553222656,118.69990539550781,58.2772216796875,188.52786254882812,106.31719970703125,38.40890884399414,53.70866012573242
2017-04-28,33.162513732910156,46.2495002746582,61.56801223754883,150.8297119140625,107.33150482177734,120.7699966430664,45.81970977783203,95.3509292602539,68.14444732666016,61.571937561035156,26.255374908447266,2.568711996078491,68.06941223144531,26.291366577148438,150.11434936523438,117.5196304321289,57.671173095703125,188.16639709472656,105.96287536621094,38.40890884399414,53.96643829345703
2017-05-01,33.83892822265625,47.4114990234375,61.452980041503906,151.11865234375,106.52375030517578,119.66999816894531,46.23105239868164,95.25054931640625,68.1914291381836,62.42637252807617,26.153154373168945,2.6263413429260254,67.88230895996094,26.55373191833496,149.86544799804688,117.956787109375,58.01250076293945,188.6226043701172,106.23939514160156,38.58314514160156,54.2374153137207
2017-05-02,34.05361557006836,47.34700012207031,61.55887222290039,151.73883056640625,106.18948364257812,119.6500015258789,46.44267654418945,95.52857208251953,67.75282287597656,62.32743835449219,26.34579849243164,2.5485165119171143,67.2042236328125,26.9750919342041,149.47921752929688,117.65950012207031,57.91498565673828,188.68284606933594,106.23939514160156,38.810420989990234,54.23078536987305
2017-05-03,33.94972610473633,47.05149841308594,61.490787506103516,152.78392028808594,103.63619232177734,117.9800033569336,47.00569152832031,95.24283599853516,68.14444732666016,62.12957000732422,26.216060638427734,2.567481279373169,67.3678970336914,27.26129913330078,148.1057586669922,117.02127075195312,57.14176559448242,188.4934539794922,105.98016357421875,38.69679260253906,54.6604118347168
2017-05-04,33.82737731933594,46.87649917602539,61.422706604003906,155.01852416992188,103.21839141845703,116.79000091552734,47.316436767578125,95.72163391113281,68.22279357910156,61.886741638183594,26.408702850341797,2.557629346847534,67.38348388671875,27.142044067382812,149.3761444091797,116.70655822753906,56.86315155029297,188.66561889648438,106.05792999267578,38.795265197753906,53.95981216430664
2017-05-05,34.38835144042969,46.70750045776367,61.460548400878906,153.10679626464844,103.979736328125,117.01000213623047,47.09638977050781,95.38182067871094,68.14444732666016,62.057621002197266,26.4067440032959,2.557875156402588,67.4224624633789,27.36465072631836,149.46205139160156,117.71196746826172,57.39950942993164,189.42312622070312,106.58509826660156,39.166481018066406,54.21097183227539
2017-05-08,35.323326110839844,47.45199966430664,61.35464859008789,152.61175537109375,103.45050048828125,116.75,47.51319122314453,95.18107604980469,68.22279357910156,62.0036506652832,26.52861976623535,2.531031608581543,67.46143341064453,27.80986213684082,149.73670959472656,117.16116333007812,56.99549865722656,189.4317169189453,106.4208984375,38.96194076538086,54.78599548339844
2017-05-09,35.549560546875,47.64099884033203,61.32437515258789,152.64712524414062,104.05400848388672,116.05000305175781,47.41505813598633,95.15017700195312,67.94866943359375,62.09358596801758,26.29665756225586,2.5352182388305664,67.34451293945312,28.15172004699707,148.70664978027344,116.96012115478516,56.688987731933594,189.190673828125,106.38633728027344,38.939205169677734,54.40266799926758
2017-05-10,35.381038665771484,47.4474983215332,61.31681823730469,151.9113006591797,101.8163833618164,116.04000091552734,47.3223876953125,94.84126281738281,68.48125457763672,62.33641815185547,26.37529182434082,2.9871437549591064,67.4146499633789,28.15172004699707,148.83538818359375,117.67700958251953,57.134788513183594,189.5436553955078,106.61968994140625,39.0679931640625,54.64952087402344
2017-05-11,35.68702697753906,47.38100051879883,61.362205505371094,151.83148193359375,101.74210357666016,116.5,47.37441635131836,95.14244842529297,68.2697982788086,61.571937561035156,26.467679977416992,3.1154558658599854,67.16523742675781,28.27097511291504,148.7753143310547,116.986328125,56.849185943603516,189.15631103515625,106.30856323242188,38.98466491699219,55.11653137207031
2017-05-12,36.185428619384766,48.067501068115234,61.543739318847656,151.49462890625,101.84425354003906,116.83000183105469,47.33724594116211,95.48223114013672,68.08179473876953,61.5,26.646574020385742,3.149688720703125,67.18081665039062,28.119924545288086,147.47914123535156,116.4180679321289,56.619327545166016,188.86361694335938,106.10113525390625,39.189212799072266,55.0765266418457
2017-05-15,36.09268569946289,47.89849853515625,61.528594970703125,152.10629272460938,101.32428741455078,117.13999938964844,47.53945541381836,98.06929779052734,68.41075134277344,61.54496383666992,26.760589599609375,3.3078019618988037,67.28992462158203,27.87346649169922,147.2388153076172,117.30107116699219,56.786502838134766,189.81906127929688,106.67152404785156,39.46192932128906,55.24329376220703
2017-05-16,36.03937911987305,48.30350112915039,61.58914566040039,151.6009979248047,100.25655364990234,117.6500015258789,47.80658721923828,98.67166137695312,68.62224578857422,62.78419494628906,26.71537208557129,3.3693721294403076,67.21977996826172,27.849613189697266,144.31167602539062,117.16116333007812,56.403385162353516,189.7846221923828,106.61102294921875,39.61344528198242,55.0765266418457
2017-05-17,34.829341888427734,47.237998962402344,61.92202377319336,149.9608917236328,98.70599365234375,119.79000091552734,46.6944465637207,97.82218933105469,66.00614166259766,61.03842544555664,26.823497772216797,3.1455020904541016,67.23538208007812,27.36465072631836,144.9469451904297,114.61701965332031,56.63326644897461,186.4190216064453,104.69247436523438,39.0907096862793,54.70287322998047
2017-05-18,35.36017608642578,47.92449951171875,61.8690299987793,151.35275268554688,99.0495376586914,118.80999755859375,47.10729217529297,98.0538558959961,65.7633285522461,61.24646759033203,26.91982078552246,3.2772631645202637,66.931396484375,27.746252059936523,147.17010498046875,114.914306640625,56.946720123291016,187.09901428222656,105.00358581542969,38.99981689453125,54.54276657104492
2017-05-19,35.48073196411133,47.992000579833984,61.9068489074707,152.1683807373047,99.82946014404297,119.4000015258789,47.312965393066406,98.0770263671875,66.4056167602539,61.2283821105957,26.98862075805664,3.3529508113861084,67.21977996826172,27.984773635864258,148.1486358642578,115.69243621826172,57.25322723388672,188.26109313964844,105.75545501708984,39.53768539428711,54.66286849975586
2017-05-22,35.6963005065918,48.53350067138672,61.85396194458008,152.84214782714844,99.93157958984375,119.9000015258789,47.77981948852539,98.27783203125,66.34292602539062,61.91581726074219,27.19700050354004,3.4244472980499268,67.19642639160156,28.143779754638672,149.95985412597656,116.58415985107422,57.47614288330078,189.31124877929688,106.31719970703125,39.590721130371094,54.90304183959961
2017-05-23,35.65226745605469,48.57699966430664,61.72531509399414,152.90419006347656,99.36521911621094,119.13999938964844,48.10097122192383,98.47859954833984,67.17321014404297,62.12385940551758,27.316909790039062,3.378344774246216,67.09508514404297,28.143779754638672,150.40626525878906,116.68907928466797,57.52489471435547,189.68136596679688,106.49868774414062,39.590721130371094,55.09653091430664
2017-05-24,35.54561996459961,49.01750183105469,61.85396194458008,153.38291931152344,100.00586700439453,119.61000061035156,48.45087432861328,98.47087860107422,67.13404846191406,62.20527648925781,27.55084800720215,3.416311025619507,67.4224624633789,28.23918342590332,150.72381591796875,117.03004455566406,57.99162292480469,190.1375732421875,106.80980682373047,39.66647720336914,54.90304183959961
2017-05-25,35.66848373413086,49.66899871826172,61.85396194458008,154.90782165527344,99.59733581542969,119.4800033569336,49.1571159362793,99.1394271850586,66.85205078125,62.97412872314453,27.854324340820312,3.4086694717407227,67.70303344726562,28.278913497924805,152.83544921875,117.08248138427734,57.99858474731445,191.02413940429688,107.25920867919922,39.68162155151367,54.54276657104492
2017-05-26,35.608219146728516,49.78900146484375,61.884185791015625,157.68276977539062,100.65579223632812,120.54000091552734,49.226993560791016,98.66522979736328,66.85989379882812,63.28165817260742,27.85630989074707,3.4969305992126465,68.00704193115234,28.231225967407227,152.36334228515625,116.99508666992188,57.58061981201172,191.0327911376953,107.241943359375,39.64373779296875,54.40933609008789
2017-05-30,35.62211608886719,49.834999084472656,61.97499084472656,158.6224822998047,100.5907974243164,120.13999938964844,49.37071228027344,98.81291198730469,65.71630859375,63.6887092590332,27.844436645507812,3.571632146835327,68.12397003173828,28.445877075195312,151.5822296142578,116.18199920654297,57.218406677246094,190.85202026367188,107.069091796875,39.5604248046875,54.10908889770508
2017-05-31,35.41117858886719,49.73099899291992,62.00522994995117,159.96119689941406,100.21942138671875,120.62000274658203,48.920711517333984,99.69914245605469,64.3456039428711,63.173118591308594,28.00082778930664,3.558811902999878,68.66178131103516,28.111974716186523,150.37185668945312,116.21695709228516,57.25322723388672,190.80894470214844,107.03450012207031,39.5452766418457,53.70877456665039
2017-06-01,35.50852966308594,49.79750061035156,62.021907806396484,160.13851928710938,100.47008514404297,120.72000122070312,48.98018264770508,100.11115264892578,65.05838775634766,63.408294677734375,28.091894149780273,3.559058427810669,68.69293975830078,28.533334732055664,154.14881896972656,118.0442123413086,57.55274200439453,192.29812622070312,108.02837371826172,39.84072494506836,53.84221267700195
2017-06-02,36.03474426269531,50.33649826049805,62.22663116455078,160.43995666503906,99.5137710571289,121.61000061035156,49.36824035644531,101.12174224853516,64.72941589355469,64.90985870361328,28.252248764038086,3.5413074493408203,69.0514907836914,28.76388931274414,153.98565673828125,118.48131561279297,58.14485549926758,192.9006805419922,108.3827133178711,40.1816291809082,53.04156494140625
2017-06-05,35.68239212036133,50.56700134277344,62.1280517578125,161.4240264892578,98.9009780883789,121.7300033569336,49.752830505371094,101.33943176269531,64.84689331054688,65.3802261352539,28.081995010375977,3.649045705795288,69.16842651367188,28.930835723876953,153.96849060058594,117.92179870605469,57.894107818603516,192.77151489257812,108.24445343017578,40.02253341674805,53.45524978637695
2017-06-06,35.802940368652344,50.150001525878906,62.24176788330078,160.86544799804688,97.95393371582031,123.0999984741211,49.39599609375,101.70479583740234,64.98004913330078,65.59728240966797,28.095849990844727,3.6325278282165527,69.2152099609375,28.96263885498047,155.21324157714844,117.58959197998047,57.6154670715332,192.2206573486328,107.96784210205078,39.9391975402832,54.182472229003906
2017-06-07,36.01620101928711,50.503501892089844,62.15838623046875,161.5303955078125,98.3438949584961,122.44999694824219,49.6348762512207,101.6426010131836,65.72415161132812,65.4797134399414,28.226518630981445,3.6764113903045654,69.19181060791016,28.98649787902832,157.2647247314453,117.50215148925781,58.019474029541016,192.53916931152344,108.0888671875,39.9543571472168,53.982337951660156
2017-06-08,35.9281005859375,50.51350021362305,62.11293411254883,160.8300323486328,96.85831451416016,121.6500015258789,49.77265167236328,101.48710632324219,66.53872680664062,65.08171081542969,28.002811431884766,3.9431684017181396,68.47471618652344,29.280654907226562,155.95994567871094,118.58626556396484,57.88016891479492,192.6080322265625,108.27901458740234,39.91647720336914,53.788818359375
2017-06-09,34.534942626953125,48.91550064086914,62.059818267822266,159.91685485839844,98.06536102294922,120.54000091552734,48.07966995239258,102.24897766113281,68.1131362915039,63.6072998046875,27.76326560974121,3.688246250152588,68.71635437011719,28.45383644104004,155.7625732421875,118.89228057861328,58.2841911315918,192.3842315673828,108.19257354736328,39.734657287597656,54.796287536621094
2017-06-12,33.70970153808594,48.24549865722656,62.0446662902832,159.2608184814453,99.38378143310547,120.36000061035156,47.66782760620117,102.47440338134766,68.12879180908203,63.11884307861328,27.600929260253906,3.6973676681518555,68.77871704101562,28.016569137573242,153.8655548095703,118.90971374511719,58.806644439697266,192.3067169189453,108.17530822753906,39.598304748535156,55.33004379272461
2017-06-13,33.98092269897461,49.03950119018555,62.059818267822266,160.03207397460938,98.9381103515625,120.4800033569336,48.0984992980957,102.62986755371094,68.3559341430664,63.905799865722656,27.705852508544922,3.732623338699341,68.63838958740234,28.27097511291504,155.41064453125,119.76653289794922,58.938987731933594,193.24497985839844,108.71110534667969,39.92405700683594,55.35006332397461
2017-06-14,33.6494255065918,48.82350158691406,62.28726577758789,161.06056213378906,98.54816436767578,119.81999969482422,47.97113037109375,103.21293640136719,68.21495819091797,63.56208419799805,27.943410873413086,3.7405121326446533,68.93458557128906,28.342517852783203,156.5350799560547,119.11079406738281,59.022579193115234,193.0383758544922,108.55553436279297,39.87101745605469,54.75625228881836
2017-06-15,33.447750091552734,48.208499908447266,62.2190055847168,159.63316345214844,98.39961242675781,119.31999969482422,47.5870361328125,103.42279052734375,67.80764770507812,63.22739791870117,28.085956573486328,3.7565371990203857,69.66726684570312,28.175579071044922,155.4749298095703,118.59498596191406,59.32211685180664,192.65109252929688,108.31355285644531,39.47708511352539,54.883026123046875
2017-06-16,32.97948455810547,49.385501861572266,62.28726577758789,148.15225219726562,97.96322631835938,119.33999633789062,47.50971603393555,104.44117736816406,67.50218963623047,63.31785202026367,28.277984619140625,3.738046646118164,69.88552856445312,28.517431259155273,156.55233764648438,118.45511627197266,59.16888427734375,192.70274353027344,108.24445343017578,39.757389068603516,55.70366668701172
2017-06-19,33.92296600341797,49.75849914550781,62.19627380371094,145.69650268554688,97.83323669433594,118.43000030517578,48.33243179321289,104.2234878540039,68.98255920410156,64.10480499267578,28.18889808654785,3.878575325012207,70.04141235351562,28.787736892700195,157.75039672851562,119.33814239501953,59.175838470458984,194.2779083251953,109.12593841552734,39.9316291809082,55.21663284301758
2017-06-20,33.614654541015625,49.62950134277344,62.28726577758789,144.41993713378906,96.5055160522461,118.18000030517578,48.0236701965332,104.3401107788086,68.55177307128906,63.23648452758789,28.103769302368164,3.872903347015381,69.86211395263672,28.724140167236328,157.9658966064453,118.2190933227539,59.03651428222656,193.00393676757812,108.3827133178711,39.5452766418457,54.9163818359375
2017-06-21,33.814022064208984,50.11149978637695,62.31760025024414,144.64149475097656,97.30400085449219,118.5199966430664,48.49944305419922,104.87647247314453,68.23846435546875,63.56208419799805,27.92560577392578,3.931581497192383,69.68285369873047,29.18524742126465,159.38809204101562,117.73112487792969,58.91810607910156,192.9264373779297,108.25682067871094,39.4809455871582,54.33591842651367
2017-06-22,33.75837707519531,50.064998626708984,62.34030532836914,141.66270446777344,96.76549530029297,118.91999816894531,48.40181350708008,105.76271057128906,68.16011047363281,63.55302810668945,28.030519485473633,3.904460906982422,69.39445495605469,29.18524742126465,160.7499542236328,117.993896484375,58.973819732666016,192.8145751953125,108.30021667480469,39.61878204345703,54.095741271972656
2017-06-23,33.9090576171875,50.1870002746582,62.35546875,139.30450439453125,96.89547729492188,119.43000030517578,48.87114715576172,106.05815124511719,68.03480529785156,64.412353515625,28.337373733520508,3.792532205581665,69.69844055175781,29.20115089416504,159.67251586914062,118.68595886230469,59.17845916748047,193.1431427001953,108.56938934326172,39.718318939208984,54.44935989379883
2017-06-26,33.80241394042969,49.69900131225586,62.42368698120117,142.0261688232422,98.01892852783203,118.36000061035156,48.17729568481445,105.98816680908203,68.33245849609375,63.797264099121094,28.55316925048828,3.751113176345825,69.65166473388672,29.660045623779297,159.56045532226562,119.08012390136719,59.600425720214844,193.20370483398438,108.64749908447266,39.833168029785156,54.20249557495117
2017-06-27,33.31793975830078,48.8390007019043,62.21139907836914,141.19281005859375,97.8703842163086,118.80999755859375,46.98784637451172,104.9542465209961,68.96688842773438,62.603267669677734,28.16514015197754,3.613790273666382,69.0671157836914,28.8062801361084,159.11228942871094,118.01142883300781,59.06595230102539,191.66455078125,107.75323486328125,39.74129104614258,54.115753173828125
2017-06-28,33.804744720458984,49.51649856567383,62.21139907836914,141.99960327148438,99.21666717529297,118.9000015258789,47.628170013427734,104.0291748046875,70.353271484375,63.13694763183594,27.917680740356445,3.7412519454956055,68.88004302978516,29.01972198486328,160.0603485107422,119.52686309814453,59.20661163330078,193.35931396484375,108.76903533935547,40.1241455078125,54.39597702026367
2017-06-29,33.306339263916016,48.79650115966797,62.08256530761719,140.67861938476562,98.14892578125,118.31999969482422,46.478858947753906,103.1118392944336,71.39502716064453,61.952003479003906,27.70981216430664,3.61625599861145,67.80439758300781,28.576431274414062,159.68971252441406,118.65088653564453,58.5314826965332,191.6904754638672,107.90083312988281,39.710662841796875,53.84221267700195
2017-06-30,33.38515853881836,48.400001525878906,62.03703689575195,141.7867889404297,98.65028381347656,118.0199966430664,46.075439453125,102.83975982666016,71.5908432006836,62.34999465942383,27.741493225097656,3.5639896392822266,67.9291000366211,28.699562072753906,159.8190460205078,118.72972869873047,58.5314826965332,192.01043701171875,108.04845428466797,39.79489517211914,53.86223602294922
2017-07-03,33.26463317871094,47.68299865722656,62.04390335083008,140.802734375,99.77374267578125,116.08999633789062,45.568931579589844,103.31397247314453,73.04785919189453,61.662540435791016,27.64052391052246,3.435048818588257,68.38896179199219,28.633888244628906,160.8792266845703,119.5619125366211,59.27692794799805,192.4341583251953,108.30890655517578,39.82551956176758,54.776283264160156
2017-07-05,33.40138626098633,48.56999969482422,62.08204650878906,140.09349060058594,98.07463836669922,116.5199966430664,46.20330810546875,103.88924407958984,73.78030395507812,62.485679626464844,27.482154846191406,3.526761293411255,68.33440399169922,28.584630966186523,162.25828552246094,119.1764907836914,58.4400520324707,192.77139282226562,108.43045806884766,39.79489517211914,53.942283630371094
2017-07-06,33.08613204956055,48.25699996948242,61.9373664855957,139.2689971923828,96.67156219482422,116.47000122070312,45.976806640625,103.01856231689453,73.54405212402344,62.02437210083008,27.630632400512695,3.537363052368164,68.10060119628906,28.321935653686523,161.129150390625,117.51207733154297,57.34300231933594,191.0420379638672,107.36256408691406,39.557518005371094,53.45524978637695
2017-07-07,33.42224884033203,48.9379997253418,61.9221305847168,136.6270294189453,96.64349365234375,115.27999877929688,46.62704849243164,103.03409576416016,73.91423797607422,62.82941436767578,27.810779571533203,3.61822772026062,68.31883239746094,28.42865562438965,162.0083465576172,118.65970611572266,57.66647720336914,192.2525634765625,108.10921478271484,39.60346221923828,53.52196502685547
2017-07-10,33.62625503540039,49.82350158691406,61.95256423950195,133.86985778808594,96.89604187011719,115.47000122070312,47.13206481933594,102.26448059082031,73.39440155029297,63.29977798461914,27.919666290283203,3.7893271446228027,67.88230895996094,28.732406616210938,161.13783264160156,118.23918151855469,57.1390380859375,192.45143127441406,108.18733978271484,39.72597885131836,53.48193359375
2017-07-11,33.73519515991211,49.70650100708008,62.013484954833984,133.9674072265625,97.12989807128906,115.62000274658203,47.257450103759766,102.01573181152344,73.11087036132812,63.30880355834961,27.86423110961914,3.8430731296539307,67.6329116821289,29.044343948364258,160.27584838867188,118.53702545166016,57.07575988769531,192.30442810058594,108.16132354736328,39.86380386352539,53.775489807128906
2017-07-12,33.78388214111328,50.32550048828125,62.158119201660156,134.53475952148438,97.63500213623047,116.02999877929688,47.95774459838867,102.79313659667969,72.85884857177734,64.35806274414062,27.870162963867188,4.006527900695801,67.78099060058594,29.29883575439453,160.91371154785156,119.42174530029297,57.778995513916016,193.74842834472656,108.93402862548828,40.24667739868164,54.015689849853516
2017-07-13,34.25444793701172,50.03150177001953,62.135276794433594,136.17494201660156,97.55082702636719,115.81999969482422,48.016727447509766,102.50547790527344,73.32353210449219,64.91888427734375,27.830581665039062,3.960179328918457,67.57833099365234,29.676464080810547,159.87075805664062,119.59698486328125,57.87042236328125,194.07701110839844,109.10768127441406,40.39980697631836,54.0223503112793
2017-07-14,34.54884338378906,50.09049987792969,62.158119201660156,135.64300537109375,98.29912567138672,116.7699966430664,48.41617965698242,103.08077239990234,72.6540756225586,65.83248138427734,28.04438018798828,4.066684246063232,67.89012145996094,29.758563995361328,161.09471130371094,119.99114227294922,58.42599105834961,194.95901489257812,109.59386444091797,40.759708404541016,54.22918701171875
2017-07-17,34.66937255859375,50.50199890136719,62.24188995361328,135.5011444091797,98.01850891113281,117.29000091552734,48.36909866333008,102.73094940185547,71.97675323486328,66.34807586669922,27.907779693603516,4.049426078796387,68.24088287353516,29.479450225830078,160.62063598632812,120.26268005371094,58.89717102050781,194.9849395751953,109.59386444091797,40.60655975341797,53.94895935058594
2017-07-18,34.78993225097656,51.22249984741211,62.38649368286133,134.3131103515625,98.91649627685547,118.11000061035156,48.91377258300781,104.52667999267578,71.72473907470703,66.30284881591797,28.010732650756836,4.091584205627441,69.09050750732422,29.44660758972168,161.05160522460938,119.9736328125,58.77058792114258,195.13197326660156,109.66332244873047,40.71376037597656,53.775489807128906
2017-07-19,35.007835388183594,51.34349822998047,62.39411544799805,134.08267211914062,99.91734313964844,118.08000183105469,49.202213287353516,105.10971069335938,71.8271255493164,66.80939483642578,28.072092056274414,4.0703840255737305,69.40471649169922,29.8898983001709,163.0685272216797,121.20875549316406,59.213623046875,196.16091918945312,110.29708862304688,40.92816162109375,53.942283630371094
2017-07-20,34.85019302368164,51.435001373291016,62.43217849731445,133.8610076904297,100.42244720458984,118.23999786376953,49.17346954345703,106.16697692871094,71.8271255493164,67.1350326538086,28.404685974121094,4.129552364349365,69.60108184814453,29.635419845581055,165.05958557128906,121.20875549316406,58.93936538696289,196.22137451171875,110.3665542602539,41.081329345703125,53.94895935058594
2017-07-21,34.833980560302734,51.28350067138672,62.50069046020508,133.3733673095703,100.16989135742188,119.26000213623047,49.25524139404297,105.18746185302734,71.58297729492188,66.74605560302734,28.580873489379883,4.144345760345459,69.60897064208984,29.43018913269043,165.30093383789062,120.74446868896484,58.89717102050781,196.08309936523438,110.21893310546875,40.90520095825195,53.45524978637695
2017-07-24,35.25586700439453,51.9474983215332,62.470218658447266,133.86985778808594,100.08570098876953,119.30999755859375,49.476776123046875,103.39948272705078,71.89014434814453,66.57421875,28.339353561401367,4.09627103805542,69.27116394042969,29.73392677307129,164.53378295898438,120.99851989746094,58.7846565246582,196.013916015625,110.22762298583984,40.90520095825195,53.28844451904297
2017-07-25,35.40654373168945,51.993499755859375,62.2342414855957,135.79371643066406,99.54318237304688,118.91999816894531,48.02564239501953,102.52104949951172,73.08724212646484,67.1078872680664,28.331436157226562,4.076547145843506,70.0252914428711,29.635419845581055,164.11148071289062,121.9796142578125,58.861995697021484,196.48080444335938,110.5922622680664,40.95114517211914,53.55532455444336
2017-07-26,35.57344436645508,52.63999938964844,62.38649368286133,134.83616638183594,100.02958679199219,119.87999725341797,47.84128189086914,101.79808044433594,72.40206146240234,66.98127746582031,28.802608489990234,4.123636245727539,70.15098571777344,29.73392677307129,164.41311645507812,121.35765838623047,59.26988220214844,196.54136657714844,110.51416778564453,41.17320251464844,53.62205505371094
2017-07-27,34.90119171142578,52.29999923706055,62.31040573120117,135.21742248535156,102.89183807373047,119.79000091552734,47.206905364990234,101.70479583740234,72.10279846191406,66.17621612548828,28.636314392089844,3.9875454902648926,71.2350845336914,29.70109748840332,162.84439086914062,120.71819305419922,59.3402099609375,196.30795288085938,110.3231430053711,41.058349609375,53.92894744873047
2017-07-28,34.65546798706055,51.00199890136719,62.42460632324219,135.54544067382812,102.85441589355469,120.69000244140625,47.49535369873047,102.49772644042969,71.89014434814453,66.06768035888672,28.729352951049805,4.052879333496094,70.8658676147461,29.438392639160156,164.7578887939453,120.33279418945312,59.17845916748047,196.08309936523438,110.14080810546875,41.058349609375,53.10829544067383
2017-07-31,34.47697448730469,49.388999938964844,62.4169807434082,140.52789306640625,102.82637023925781,120.75,46.85948944091797,103.17405700683594,72.29969024658203,65.7601089477539,28.92138671875,4.006527900695801,71.3450698852539,29.52049446105957,165.32675170898438,120.14006042480469,59.255828857421875,195.97067260742188,110.08007049560547,41.13490676879883,53.40185546875
2017-08-01,34.78296661376953,49.80950164794922,62.670738220214844,141.6006317138672,103.4624252319336,120.6500015258789,46.912017822265625,103.01078033447266,73.26838684082031,65.65155792236328,29.016408920288086,4.055344581604004,71.56501770019531,29.421985626220703,165.68878173828125,120.42040252685547,59.5230598449707,196.41165161132812,110.30579376220703,41.395267486572266,53.48859405517578
2017-08-02,36.426509857177734,49.794498443603516,62.63255310058594,142.983642578125,101.64779663085938,120.4000015258789,46.96554183959961,102.73873138427734,73.33140563964844,65.36213684082031,29.05006980895996,4.052879333496094,71.51786804199219,29.610790252685547,166.35244750976562,119.3779525756836,58.98157501220703,196.52401733398438,110.20159912109375,41.387611389160156,53.775489807128906
2017-08-03,36.06256103515625,49.34600067138672,62.7624626159668,139.99598693847656,102.06871795654297,120.58999633789062,46.601768493652344,103.66380310058594,72.85095977783203,65.26262664794922,29.208444595336914,4.104405403137207,71.37647247314453,29.38093376159668,167.8780975341797,118.9224853515625,58.861995697021484,196.1781463623047,109.94981384277344,41.31869888305664,53.702091217041016
2017-08-04,36.25265884399414,49.37900161743164,62.663116455078125,138.69273376464844,100.73112487792969,119.6500015258789,46.87385940551758,103.53164672851562,73.76457214355469,65.74202728271484,29.052038192749023,4.122403621673584,71.22722625732422,29.577943801879883,167.97288513183594,119.42174530029297,59.05892562866211,196.50677490234375,110.18423461914062,41.395267486572266,53.51526641845703
2017-08-07,36.81362533569336,49.61349868774414,62.6860466003418,139.14492797851562,99.47770690917969,119.51000213623047,46.87187576293945,103.28287506103516,74.04808044433594,65.48877716064453,29.11935043334961,4.249124050140381,71.83210754394531,30.201854705810547,167.88673400878906,119.48309326171875,58.995628356933594,196.82672119140625,110.40127563476562,41.44121551513672,53.48193359375
2017-08-08,37.1080207824707,49.492000579833984,62.601951599121094,139.85409545898438,100.06700134277344,119.86000061035156,46.794559478759766,102.82421112060547,73.78030395507812,65.8415298461914,29.17083168029785,4.19858455657959,71.94207763671875,30.127967834472656,167.99012756347656,119.21147918701172,58.71432876586914,196.43756103515625,110.09742736816406,41.288063049316406,53.348506927490234
2017-08-09,37.3351936340332,49.10049819946289,62.64783477783203,139.06507873535156,96.18517303466797,121.30999755859375,46.59087371826172,103.57048797607422,73.66217803955078,65.55206298828125,29.14905548095703,4.2432098388671875,72.20918273925781,29.930946350097656,167.9298095703125,118.27423095703125,58.517417907714844,196.32521057128906,109.97584533691406,41.165550231933594,53.51526641845703
2017-08-10,36.14600372314453,47.84600067138672,62.739532470703125,138.8700714111328,94.80079650878906,122.20999908447266,45.773616790771484,103.46168518066406,72.60682678222656,64.59329223632812,29.24407196044922,4.061508655548096,72.06775665283203,29.011520385742188,165.98184204101562,116.32080078125,58.095462799072266,193.62741088867188,108.36100006103516,40.50702667236328,53.198673248291016
2017-08-11,36.648677825927734,48.39950180053711,62.79304504394531,138.87889099121094,95.39944458007812,122.79000091552734,46.095760345458984,103.46947479248047,72.00037384033203,65.57923126220703,29.13717269897461,3.8450450897216797,71.75354766845703,29.668251037597656,166.36972045898438,116.61865997314453,57.73680877685547,193.88677978515625,108.5606918334961,40.514678955078125,52.68669891357422
2017-08-14,37.20022201538086,49.165000915527344,62.747249603271484,139.99598693847656,94.84757232666016,121.91999816894531,46.533870697021484,103.7648696899414,72.84308624267578,66.56515502929688,29.31139373779297,4.1517415046691895,71.99705505371094,29.594377517700195,166.96446228027344,117.97639465332031,58.70024871826172,195.78904724121094,109.67198944091797,40.82096862792969,52.70016860961914
2017-08-15,37.60746383666992,49.137001037597656,62.64020919799805,139.0828094482422,94.9504623413086,120.9800033569336,46.49174880981445,103.68710327148438,73.0321044921875,66.5833511352539,29.50737953186035,4.116732120513916,72.42915344238281,29.898107528686523,167.64537048339844,117.29315185546875,58.524452209472656,195.806396484375,109.56781005859375,40.736732482910156,52.572174072265625
2017-08-16,37.456207275390625,48.909000396728516,62.73192596435547,142.0889434814453,95.59587860107422,121.87000274658203,46.79853057861328,104.30123901367188,72.5280532836914,66.9743881225586,29.691482543945312,4.0716166496276855,72.61766052246094,29.832439422607422,167.01617431640625,117.59098052978516,58.756500244140625,196.1176300048828,109.76749420166016,41.03538131713867,52.18817901611328
2017-08-17,36.73710250854492,48.028499603271484,62.84657287597656,141.03060913085938,94.82886505126953,122.48999786376953,45.9753303527832,103.42279052734375,71.39395141601562,65.83769226074219,29.420272827148438,3.980888843536377,72.32701110839844,29.38093376159668,166.0939178466797,115.58499908447266,58.390838623046875,193.0653533935547,108.02239227294922,40.537654876708984,51.37306213378906
2017-08-18,36.65332794189453,47.923500061035156,62.81599807739258,139.7053985595703,94.19280242919922,122.30000305175781,45.901981353759766,103.10408782958984,71.46484375,65.91950988769531,29.681594848632812,3.9816277027130127,72.6412124633789,29.438392639160156,164.4735107421875,115.4798812866211,57.80009841918945,192.71083068847656,107.84004974365234,40.675479888916016,51.629051208496094
2017-08-21,36.58584213256836,47.66450119018555,62.84657287597656,139.69650268554688,94.63243103027344,122.76000213623047,45.63880920410156,103.74150848388672,71.37820434570312,65.61033630371094,29.784528732299805,3.923691987991333,72.94761657714844,29.53690528869629,165.51638793945312,115.46234130859375,58.418949127197266,192.9443359375,107.996337890625,40.759708404541016,51.453887939453125
2017-08-22,37.18392562866211,48.345001220703125,62.770118713378906,141.1461944580078,96.12903594970703,122.20999908447266,46.60673141479492,104.71327209472656,72.11065673828125,66.5287857055664,29.86174774169922,4.011044025421143,72.89263153076172,29.980209350585938,167.89529418945312,116.57482147216797,58.25019073486328,194.89846801757812,109.08160400390625,40.92051315307617,51.6964111328125
2017-08-23,37.230472564697266,47.900001525878906,62.95359420776367,141.74208068847656,94.94110870361328,122.66999816894531,46.71476745605469,103.23622131347656,72.19729614257812,66.12866973876953,29.81849479675293,4.091239929199219,72.61766052246094,30.029464721679688,167.42129516601562,116.38213348388672,58.84794616699219,194.23265075683594,108.7516860961914,40.98942184448242,51.608848571777344
2017-08-24,37.06523895263672,47.622501373291016,62.86186599731445,134.59146118164062,94.9598159790039,122.29000091552734,46.43277359008789,103.30619049072266,72.07910919189453,66.10137939453125,29.752735137939453,4.076186656951904,72.4841079711914,30.234703063964844,167.86087036132812,116.54856872558594,58.66508865356445,193.7830352783203,108.57804870605469,40.99707794189453,51.420223236083984
2017-08-25,37.20254135131836,47.26300048828125,62.938316345214844,135.58749389648438,95.79232788085938,122.73999786376953,46.1160774230957,103.01675415039062,72.37054443359375,66.21961212158203,29.91016960144043,4.0421342849731445,72.67265319824219,30.25110626220703,167.52474975585938,116.89019012451172,58.94639205932617,194.206787109375,108.8385238647461,41.257442474365234,51.682952880859375
2017-08-28,37.577213287353516,47.30099868774414,62.968894958496094,135.67648315429688,95.9326171875,124.69000244140625,45.99862289428711,103.06369018554688,72.14213562011719,66.22868347167969,30.065597534179688,4.070759296417236,72.6412124633789,30.185440063476562,168.15386962890625,117.02157592773438,58.496299743652344,194.2758331298828,108.88189697265625,41.234466552734375,51.5145263671875
2017-08-29,37.9123420715332,47.702999114990234,63.03771209716797,136.57470703125,95.94197082519531,124.41999816894531,46.37626647949219,103.43134307861328,71.74834442138672,66.42877197265625,30.03371810913086,4.0640974044799805,72.52339172363281,30.27574348449707,169.5675048828125,116.92521667480469,58.43303298950195,194.42291259765625,108.92533111572266,41.06600570678711,51.501041412353516
2017-08-30,38.014732360839844,48.37950134277344,63.03003692626953,137.357421875,96.22259521484375,124.36000061035156,46.766807556152344,102.53950500488281,71.91377258300781,67.30175018310547,30.013784408569336,4.088277339935303,72.16989135742188,30.31678581237793,168.83485412597656,117.84498596191406,58.7635612487793,195.3913116455078,109.49835205078125,41.043025970458984,51.26527786254883
2017-08-31,38.16599655151367,49.029998779296875,63.08354949951172,139.40301513671875,94.6604995727539,125.81999969482422,47.34221267700195,103.55653381347656,71.58297729492188,67.99283599853516,29.99186134338379,4.181058883666992,72.4841079711914,30.349624633789062,171.43788146972656,119.01881408691406,59.101104736328125,196.54136657714844,110.24500274658203,41.356971740722656,51.420223236083984
2017-09-01,38.17763900756836,48.912498474121094,62.9793586730957,140.737060546875,94.94110870361328,126.05999755859375,47.18113327026367,102.50822448730469,72.22089385986328,67.23808288574219,29.922119140625,4.206229209899902,72.68836975097656,30.55486488342285,172.17050170898438,119.50060272216797,59.3050422668457,196.87863159179688,110.49678802490234,41.471824645996094,51.5819091796875
2017-09-05,37.71917724609375,48.26350021362305,63.23982238769531,141.53753662109375,95.0346450805664,127.45999908447266,46.66025924682617,101.62420654296875,70.49610900878906,66.93800354003906,29.942039489746094,4.0939531326293945,72.83765411376953,30.25110626220703,171.791259765625,118.38811492919922,59.14331817626953,195.42588806152344,109.64595794677734,41.157894134521484,51.99283218383789
2017-09-06,37.67961883544922,48.38999938964844,63.132572174072266,141.2884979248047,94.94110870361328,126.80999755859375,46.6870231628418,102.22657012939453,70.9686508178711,66.74703216552734,29.54151725769043,4.091487407684326,72.83765411376953,30.595897674560547,170.98960876464844,118.60710144042969,59.29802322387695,196.1090087890625,109.94981384277344,41.44887161254883,53.070674896240234
2017-09-07,37.52835464477539,48.9734992980957,63.33180618286133,141.66204833984375,90.78801727294922,128.1300048828125,47.07705307006836,103.41572570800781,69.72429656982422,67.60183715820312,29.78861427307129,4.110487461090088,73.03399658203125,30.817554473876953,171.4568634033203,118.2917251586914,59.67776870727539,196.06578063964844,109.89773559570312,41.76280975341797,53.23906707763672
2017-09-08,36.91630172729492,48.29499816894531,63.26280212402344,139.90994262695312,90.79737091064453,127.97000122070312,46.65678024291992,102.4690933227539,69.6376953125,67.27446746826172,29.543508529663086,4.0391740798950195,72.9319076538086,30.784717559814453,171.09349060058594,118.39685821533203,59.727012634277344,195.76312255859375,109.81957244873047,41.72453308105469,53.097618103027344
2017-09-11,37.584197998046875,48.89799880981445,63.0713005065918,139.9543914794922,90.81607055664062,126.19000244140625,46.749961853027344,104.21371459960938,70.71663665771484,67.98374938964844,30.16921043395996,4.170201301574707,73.83529663085938,31.06382942199707,172.67678833007812,119.66699981689453,60.27553176879883,197.8988800048828,111.0003433227539,42.08442306518555,53.38728713989258
2017-09-12,37.435272216796875,49.12900161743164,62.9793586730957,142.33802795410156,91.56439971923828,126.55999755859375,46.916481018066406,103.75997161865234,71.58297729492188,67.9110107421875,29.716886520385742,4.18525505065918,73.45822143554688,31.08024787902832,170.85122680664062,120.49920654296875,59.565250396728516,198.62522888183594,111.42578887939453,42.10739517211914,53.55571746826172
2017-09-13,37.1536750793457,49.97999954223633,62.90275955200195,144.96173095703125,92.43428039550781,125.61000061035156,47.104312896728516,103.6191177368164,71.78772735595703,68.39295196533203,29.527572631835938,4.204007148742676,73.48966217041016,30.80933952331543,171.59530639648438,120.481689453125,59.4105339050293,198.74632263183594,111.47789001464844,41.91596984863281,53.73758316040039
2017-09-14,36.83484649658203,49.61050033569336,62.94106674194336,144.41024780273438,91.57374572753906,126.16000366210938,46.593345642089844,104.97254180908203,71.64598846435547,67.99283599853516,29.800567626953125,4.1800713539123535,73.48966217041016,30.68620491027832,171.07615661621094,120.3590087890625,59.902828216552734,198.67710876464844,111.44315338134766,42.007850646972656,53.95317077636719
2017-09-15,37.20719909667969,49.339500427246094,62.94873046875,144.34800720214844,92.1536636352539,125.52999877929688,46.35347366333008,105.18376159667969,72.15792846679688,68.48390197753906,29.908164978027344,4.444350719451904,73.26969146728516,30.907859802246094,171.46548461914062,120.77076721191406,60.01533508300781,198.9537811279297,111.65150451660156,42.115047454833984,53.93968200683594
2017-09-18,36.92560577392578,48.70949935913086,62.90275955200195,143.11172485351562,91.76081848144531,124.36000061035156,46.07890319824219,105.9113540649414,73.18177032470703,68.3475112915039,29.551477432250977,4.627937316894531,73.17543029785156,31.252641677856445,171.47413635253906,121.43656158447266,59.69184112548828,199.29969787597656,111.92066192626953,42.1839714050293,53.95317077636719
2017-09-19,36.93956756591797,48.49300003051758,62.856815338134766,143.68988037109375,92.06949615478516,124.62000274658203,46.43128204345703,105.78617095947266,73.98507690429688,68.60213470458984,29.475759506225586,4.623003005981445,73.9767074584961,31.44145393371582,168.41136169433594,121.29638671875,59.29802322387695,199.541748046875,111.9727554321289,42.32944869995117,54.040740966796875
2017-09-20,36.320533752441406,48.660499572753906,62.803157806396484,144.837158203125,92.79910278320312,123.62000274658203,46.96059036254883,104.22154235839844,74.50489807128906,68.1474609375,29.240629196166992,4.5857415199279785,74.15737915039062,31.047412872314453,169.36306762695312,121.8793716430664,59.136268615722656,199.6512908935547,112.15505981445312,42.25861740112305,54.26305389404297
2017-09-21,35.69684600830078,48.23249816894531,62.78786849975586,143.61871337890625,92.49977111816406,122.68000030517578,46.961090087890625,103.07150268554688,74.84354400634766,67.48361206054688,29.24859619140625,4.460389137268066,72.77478790283203,31.392200469970703,168.89588928222656,121.58920288085938,59.023746490478516,199.08636474609375,111.84251403808594,42.18163299560547,53.81843566894531
2017-09-22,35.3477783203125,47.755001068115234,62.84916305541992,143.44970703125,92.22850799560547,123.23999786376953,46.74846649169922,102.78986358642578,74.68603515625,67.66548919677734,29.16490364074707,4.416958808898926,72.46057891845703,31.00636863708496,167.0097198486328,121.99368286132812,58.6074333190918,199.060302734375,111.93231201171875,42.220130920410156,53.838645935058594
2017-09-25,35.03592300415039,46.989498138427734,62.987037658691406,144.3746795654297,93.13583374023438,124.52999877929688,46.30341720581055,102.61774444580078,74.1268539428711,66.61972045898438,29.25657081604004,4.2195539474487305,72.83765411376953,30.43170928955078,165.90228271484375,122.08161163330078,58.94844436645508,198.76483154296875,111.74922180175781,41.950679779052734,54.552711486816406
2017-09-26,35.638671875,46.93000030517578,62.956398010253906,145.92225646972656,92.2565689086914,123.13999938964844,46.45952606201172,102.43780517578125,73.79605865478516,66.61972045898438,29.431922912597656,4.24324369430542,72.78263854980469,30.489181518554688,166.72422790527344,122.25749969482422,59.04792404174805,198.83433532714844,111.7753677368164,41.8351936340332,54.49209213256836
2017-09-27,35.892337799072266,47.54349899291992,62.7648811340332,146.23355102539062,92.82713317871094,121.9800033569336,47.57315444946289,101.50686645507812,74.9616928100586,67.15623474121094,29.14298439025879,4.336270809173584,71.38431549072266,30.57949447631836,168.27291870117188,123.70845794677734,58.515052795410156,199.60781860351562,112.3857192993164,41.79670333862305,54.855857849121094
2017-09-28,35.67124938964844,47.81999969482422,62.780208587646484,145.77099609375,91.71404266357422,122.20999908447266,47.81650161743164,101.28778839111328,75.11920166015625,67.17443084716797,29.29043197631836,4.335036754608154,71.40003967285156,30.41529655456543,169.66590881347656,123.97225189208984,58.91291809082031,199.84251403808594,112.56884765625,41.89677810668945,55.36784362792969
2017-09-29,35.866729736328125,48.067501068115234,62.78786849975586,146.11790466308594,92.200439453125,121.58000183105469,48.258087158203125,101.71025848388672,75.2215805053711,67.73825073242188,29.202775955200195,4.411284923553467,71.47077178955078,30.82576560974121,169.4496307373047,124.27120971679688,59.03370666503906,200.55514526367188,112.93505859375,42.13544464111328,55.22637939453125
2017-10-02,35.79460525512695,47.95949935913086,62.763301849365234,147.54090881347656,93.40708923339844,120.7699966430664,47.948326110839844,102.65687561035156,76.26904296875,67.84734344482422,29.240629196166992,4.416958808898926,72.0913314819336,31.301897048950195,170.8252716064453,125.47595977783203,58.94844436645508,201.39817810058594,113.52799987792969,42.13544464111328,54.99059295654297
2017-10-03,35.950523376464844,47.85499954223633,62.794010162353516,146.8204803466797,94.27698516845703,120.83000183105469,48.17681121826172,103.34532165527344,76.67070770263672,67.52909851074219,29.270511627197266,4.426089763641357,72.36631774902344,31.556379318237305,171.8548583984375,125.73980712890625,58.863189697265625,201.80662536621094,113.75467681884766,42.37411117553711,55.07816696166992
2017-10-04,35.71779251098633,48.272499084472656,62.794010162353516,146.93609619140625,94.05249786376953,121.16999816894531,47.91413879394531,103.96334075927734,75.8910140991211,67.92012786865234,29.60528564453125,4.463103294372559,72.60193634033203,31.416820526123047,173.45545959472656,125.64305114746094,59.161590576171875,202.08482360839844,113.8680419921875,42.34331512451172,55.098392486572266
2017-10-05,36.16228485107422,49.04249954223633,62.74797058105469,148.59042358398438,93.64093017578125,120.5199966430664,48.8265380859375,104.19802856445312,76.9129409790039,69.08409881591797,29.443872451782227,4.46063756942749,72.29557800292969,31.572805404663086,171.2233123779297,125.96837615966797,59.37472915649414,203.28416442871094,114.46966552734375,42.35871124267578,55.25331497192383
2017-10-06,36.1413459777832,49.479000091552734,62.67885971069336,139.71429443359375,93.603515625,121.08999633789062,49.24533462524414,104.22154235839844,76.77822875976562,69.11136627197266,29.386093139648438,4.473714351654053,72.53128051757812,31.572805404663086,171.36170959472656,125.80132293701172,59.182899475097656,203.09295654296875,114.39122772216797,42.3048095703125,55.04448699951172
2017-10-09,36.26701354980469,49.54949951171875,62.74026870727539,137.50857543945312,93.13583374023438,122.08000183105469,49.17942428588867,104.40143585205078,76.374267578125,69.3750991821289,29.471778869628906,4.574636936187744,72.36631774902344,31.827293395996094,169.8389129638672,125.39682006835938,59.32499694824219,202.73667907714844,114.16451263427734,42.29711151123047,55.26006317138672
2017-10-10,36.28096389770508,49.36000061035156,62.77095413208008,139.51861572265625,93.14518737792969,122.4000015258789,48.955894470214844,104.75350189208984,76.94461059570312,69.3750991821289,29.69695281982422,4.661990165710449,71.97352600097656,31.991474151611328,168.43728637695312,125.5462646484375,59.50261688232422,203.2493896484375,114.43482208251953,42.666664123535156,55.415016174316406
2017-10-11,36.432247161865234,49.75,62.80168533325195,140.40802001953125,92.1817398071289,122.79000091552734,49.84054946899414,106.90489196777344,76.71488952636719,69.49330139160156,29.864334106445312,4.711587905883789,71.84779357910156,33.12434768676758,168.93911743164062,125.56391143798828,59.70155715942383,203.5796356201172,114.5917739868164,42.859130859375,55.64403533935547
2017-10-12,36.30425262451172,50.04650115966797,62.85539627075195,139.82992553710938,90.66642761230469,122.88999938964844,49.84054946899414,107.04572296142578,76.0415267944336,70.1298599243164,30.02972412109375,4.713809967041016,72.38983154296875,33.1982307434082,166.91456604003906,125.61660766601562,60.08522033691406,203.2667999267578,114.45223999023438,42.82064437866211,55.52952575683594
2017-10-13,36.534637451171875,50.14699935913086,62.985923767089844,142.1689910888672,91.08734893798828,123.81999969482422,49.95057678222656,106.7327880859375,75.93855285644531,70.4663314819336,29.999832153320312,4.80165433883667,73.0890121459961,33.51018142700195,166.5684356689453,125.5462646484375,60.24153518676758,203.49273681640625,114.53947448730469,43.10549545288086,55.51604461669922
2017-10-16,37.20719909667969,50.31700134277344,62.92451095581055,141.2440185546875,91.78888702392578,122.97000122070312,50.023921966552734,106.49029541015625,77.507080078125,70.61181640625,30.193126678466797,4.8840718269348145,73.16755676269531,33.56764602661133,167.1568145751953,125.51993560791016,59.9431037902832,203.81431579589844,114.617919921875,43.05930709838867,55.78551483154297
2017-10-17,37.34449768066406,50.45650100708008,62.93215560913086,140.8616180419922,92.0040054321289,122.12999725341797,50.1057014465332,110.1436996459961,77.33279418945312,70.55724334716797,30.422279357910156,4.879630088806152,72.90045928955078,33.86318588256836,176.4058074951172,125.34403991699219,60.01416015625,203.9447021484375,114.67021942138672,42.943817138671875,55.88656997680664
2017-10-18,37.17927551269531,49.849998474121094,62.83237838745117,140.1234130859375,91.90111541748047,121.66999816894531,50.19193649291992,110.05767822265625,77.62590026855469,70.57544708251953,30.396379470825195,4.875436305999756,72.87690734863281,34.068416595458984,177.5651397705078,125.6869888305664,59.95022201538086,204.12716674804688,114.81847381591797,43.05160903930664,55.75182342529297
2017-10-19,36.29959487915039,49.330501556396484,62.86307907104492,140.93276977539062,92.61202239990234,122.38999938964844,49.6517219543457,111.12162017822266,77.7209701538086,70.84825897216797,30.661399841308594,4.880863189697266,72.48908996582031,33.71541976928711,175.8520965576172,125.58145141601562,59.77260971069336,204.23147583007812,114.84463500976562,42.87452697753906,55.73835754394531
2017-10-20,36.362430572509766,49.14550018310547,62.709564208984375,142.9872589111328,92.976806640625,121.61000061035156,49.81180953979492,111.40332794189453,78.83001708984375,71.6666488647461,30.719196319580078,4.858656406402588,69.84563446044922,33.7564582824707,179.52061462402344,126.27616119384766,59.43157196044922,205.2483367919922,115.46371459960938,42.8514289855957,55.98760986328125
2017-10-23,36.343807220458984,48.314998626708984,62.763301849365234,144.1167449951172,92.32205200195312,121.80000305175781,48.843894958496094,112.3576889038086,78.69532775878906,71.68486022949219,30.763029098510742,4.851747035980225,69.09376525878906,33.83034896850586,179.10523986816406,125.50228118896484,59.2042121887207,204.50091552734375,114.97543334960938,42.73594284057617,56.0751838684082
2017-10-24,36.56024169921875,48.79499816894531,62.65583038330078,144.339111328125,91.93854522705078,121.33000183105469,48.99009323120117,110.8086929321289,79.94698333740234,71.7121353149414,30.73114585876465,4.902579307556152,68.84049987792969,33.920650482177734,180.09152221679688,125.73980712890625,58.8489875793457,204.7877197265625,115.17597961425781,42.81293869018555,56.23013687133789
2017-10-25,36.39966583251953,48.64550018310547,62.60207748413086,144.24124145507812,91.48018646240234,121.3499984741211,49.13729476928711,111.37196350097656,80.02620697021484,71.50297546386719,30.659414291381836,4.778705596923828,68.74552917480469,33.789306640625,179.58108520507812,125.00991821289062,58.67845153808594,203.80560302734375,114.5743179321289,42.658966064453125,56.02801513671875
2017-10-26,36.63236999511719,48.621498107910156,62.52532196044922,144.49034118652344,92.19107818603516,120.33000183105469,49.13530731201172,110.94169616699219,80.59656524658203,71.62120819091797,30.56575584411621,4.828799247741699,69.25208282470703,33.822139739990234,180.95675659179688,125.48477172851562,58.19533157348633,203.99681091308594,114.72257995605469,42.59737014770508,56.23013687133789
2017-10-27,37.94493103027344,55.04750061035156,62.66349792480469,144.419189453125,91.95723724365234,120.9000015258789,51.22923278808594,110.91824340820312,80.62032318115234,76.2134780883789,31.053966522216797,4.981048107147217,68.88798522949219,34.60201644897461,183.9416961669922,126.2673568725586,58.45821762084961,205.7350616455078,115.65556335449219,42.766746520996094,56.391807556152344
2017-10-30,38.79899978637695,55.54249954223633,62.80937957763672,142.50697326660156,91.70468139648438,121.12999725341797,51.20247268676758,109.52569580078125,80.33515167236328,76.28621673583984,30.95832061767578,5.029907703399658,68.278564453125,34.585601806640625,181.16444396972656,125.35283660888672,58.408470153808594,204.9875946044922,115.14982604980469,42.78984451293945,56.277286529541016
2017-10-31,39.338905334472656,55.263999938964844,62.77095413208008,143.26290893554688,91.48956298828125,120.66999816894531,51.198020935058594,109.06412506103516,79.701416015625,75.64056396484375,30.900535583496094,5.103193283081055,68.33396911621094,34.74978256225586,181.88255310058594,126.2146224975586,58.40138244628906,205.22225952148438,115.38525390625,42.99000930786133,56.149269104003906
2017-11-01,38.83855438232422,55.183998107910156,62.811729431152344,144.6948699951172,92.63070678710938,121.11000061035156,51.671817779541016,109.51004791259766,79.94698333740234,75.64056396484375,30.56376838684082,5.112814903259277,68.76927947998047,34.560977935791016,181.28553771972656,125.7046127319336,58.685569763183594,205.57861328125,115.48117065429688,43.12858581542969,56.499576568603516
2017-11-02,39.12248229980469,54.71099853515625,62.873268127441406,146.704833984375,91.99465942382812,121.19000244140625,51.69015121459961,109.4709243774414,80.47772979736328,76.43173217773438,29.862346649169922,5.081725597381592,68.4685287475586,34.60201644897461,182.64393615722656,125.9420166015625,59.182899475097656,205.6654815673828,115.50733184814453,43.22098159790039,56.27052688598633
2017-11-03,40.14413070678711,55.58000183105469,62.92713165283203,148.03012084960938,92.26593017578125,120.62000274658203,52.03806686401367,109.5882568359375,80.33515167236328,76.5135269165039,30.41829490661621,5.149582862854004,68.52391815185547,34.634857177734375,184.17529296875,126.17943572998047,59.03370666503906,206.3521270751953,115.81249237060547,43.136287689208984,56.034767150878906
2017-11-06,40.55137634277344,56.03300094604492,62.973270416259766,146.79383850097656,94.13668823242188,121.6500015258789,51.67578125,109.33792114257812,79.83609008789062,76.81365203857422,30.260879516601562,5.17277717590332,68.10446166992188,34.831878662109375,183.52642822265625,126.53113555908203,59.43157196044922,206.6649932861328,116.03047943115234,43.282562255859375,56.41875076293945
2017-11-07,40.68170166015625,56.15850067138672,62.996376037597656,147.88780212402344,95.04399108886719,121.20999908447266,52.15700912475586,109.34576416015625,78.22795867919922,76.63175964355469,30.98422622680664,5.231998920440674,68.84049987792969,34.897544860839844,184.0281982421875,125.56391143798828,59.91468811035156,206.57806396484375,115.8299331665039,43.12089157104492,56.30424499511719
2017-11-08,41.01449966430664,56.64400100708008,62.950252532958984,150.3514404296875,94.64179229736328,121.62999725341797,52.44942092895508,110.558349609375,77.34864044189453,76.89549255371094,30.870643615722656,5.16118049621582,69.31537628173828,34.831878662109375,182.35838317871094,125.82768249511719,60.213096618652344,206.88221740722656,116.02175903320312,43.282562255859375,56.23013687133789
2017-11-09,40.93071365356445,56.45650100708008,62.88871765136719,150.4047393798828,96.04485321044922,122.12999725341797,51.92557144165039,109.79949951171875,77.34068298339844,76.46810150146484,30.936391830444336,5.066424369812012,69.47364044189453,34.183349609375,183.04193115234375,125.09783935546875,60.277042388916016,206.1348114013672,115.55091857910156,43.020809173583984,56.56694793701172
2017-11-10,40.795249938964844,56.26750183105469,62.6347770690918,152.40585327148438,98.0091552734375,121.12999725341797,51.748634338378906,109.18144226074219,77.24567413330078,76.26805114746094,30.918458938598633,5.3334174156188965,69.77442169189453,34.249019622802734,182.6179656982422,125.185791015625,60.340999603271484,206.01312255859375,115.56836700439453,42.90532684326172,56.39017868041992
2017-11-13,40.63175582885742,56.458499908447266,62.64255142211914,152.49484252929688,97.97174072265625,121.30999755859375,51.60243225097656,109.33792114257812,77.52291107177734,76.32259368896484,31.241275787353516,5.246805191040039,70.43921661376953,34.487091064453125,183.9936065673828,125.20335388183594,60.646488189697266,206.25653076171875,115.6293716430664,42.71284866333008,56.356197357177734
2017-11-14,40.01750183105469,56.84199905395508,62.71944808959961,152.47703552246094,96.50320434570312,121.55999755859375,51.62423324584961,109.12670135498047,77.0555191040039,76.43173217773438,31.564088821411133,5.285054683685303,70.33634948730469,34.36394500732422,183.171630859375,124.88678741455078,60.51860809326172,205.75245666503906,115.42011260986328,42.666664123535156,55.91426467895508
2017-11-15,39.48966598510742,56.33449935913086,62.86560821533203,150.3069305419922,96.98959350585938,121.41000366210938,51.36503982543945,108.82158660888672,77.7843246459961,75.83766174316406,31.35684585571289,5.181414604187012,69.829833984375,34.10125732421875,181.57110595703125,124.29759216308594,59.907596588134766,204.70079040527344,114.82720184326172,42.428001403808594,55.21396255493164
2017-11-16,39.96145248413086,56.864498138427734,62.7809944152832,152.51913452148438,96.90540313720703,121.4000015258789,51.962738037109375,108.64164733886719,78.00613403320312,76.0387191772461,31.342905044555664,5.221636772155762,70.6371078491211,34.560977935791016,182.6698760986328,125.83650207519531,60.4049186706543,206.4477081298828,115.87353515625,42.91301345825195,54.772037506103516
2017-11-17,39.73957824707031,56.49399948120117,62.84248352050781,152.51913452148438,96.7557601928711,122.86000061035156,51.33926010131836,107.96104431152344,77.74473571777344,75.30760192871094,31.093814849853516,5.215466022491455,69.98812866210938,34.53634262084961,181.6056365966797,126.25861358642578,60.14204788208008,205.89149475097656,115.65556335449219,42.87452697753906,54.55445861816406
2017-11-20,39.699886322021484,56.31549835205078,62.80406951904297,153.67877197265625,96.11034393310547,121.30999755859375,51.27830505371094,107.90628051757812,78.43390655517578,75.42640686035156,31.06990623474121,5.282585144042969,69.86146545410156,34.651268005371094,181.90843200683594,126.86531829833984,59.96443557739258,206.16090393066406,115.9520034790039,42.943817138671875,54.7652473449707
2017-11-21,40.437904357910156,56.9744987487793,62.85790252685547,154.69570922851562,96.34418487548828,121.51000213623047,52.05342483520508,108.22703552246094,78.37053680419922,76.51398468017578,31.127685546875,5.331196308135986,70.21761322021484,34.955020904541016,183.9416961669922,127.9469223022461,60.412044525146484,207.53408813476562,116.75421142578125,43.2902717590332,54.982810974121094
2017-11-22,40.86297607421875,57.80799865722656,62.98866271972656,153.85719299316406,96.10096740722656,122.62999725341797,52.13371658325195,107.40557098388672,78.14082336425781,75.95646667480469,31.118276596069336,5.30724573135376,69.90894317626953,34.81545639038086,182.7477264404297,127.9029769897461,60.277042388916016,207.38632202148438,116.66702270507812,43.4134407043457,55.13917541503906
2017-11-24,40.86530685424805,59.29999923706055,62.973270416259766,153.09005737304688,96.00743865966797,122.31999969482422,52.3616943359375,107.9688720703125,77.8873291015625,76.09355163574219,31.28872299194336,5.3573713302612305,70.00393676757812,35.29159927368164,183.8638916015625,128.052490234375,60.35519027709961,207.82089233398438,116.93727111816406,43.64440155029297,55.35673904418945
2017-11-27,40.65978240966797,59.791500091552734,62.950252532958984,153.97314453125,96.14775848388672,122.83000183105469,53.12937927246094,108.70087432861328,77.578369140625,76.65107727050781,31.48322868347168,5.287736415863037,70.4075927734375,33.731842041015625,183.76866149902344,127.56883239746094,60.07098388671875,207.7600555419922,116.81526947021484,43.32106399536133,55.14599609375
2017-11-28,40.42156219482422,59.68000030517578,62.950252532958984,154.90086364746094,96.72769165039062,122.80999755859375,52.69721984863281,110.21214294433594,80.29554748535156,77.57413482666016,31.641651153564453,5.203041076660156,70.75582885742188,33.60048294067383,187.00454711914062,129.13409423828125,59.84365463256836,209.81982421875,117.97496032714844,43.58281326293945,55.5267219543457
2017-11-29,39.58308410644531,58.063499450683594,62.796356201171875,158.3619384765625,98.43943786621094,122.04000091552734,51.413108825683594,110.04685974121094,82.17303466796875,76.16667938232422,31.637649536132812,4.850179195404053,70.739990234375,32.35268020629883,192.8359832763672,129.4418487548828,59.864967346191406,209.74160766601562,117.97496032714844,43.282562255859375,55.934654235839844
2017-11-30,40.136634826660156,58.837501525878906,62.70404052734375,164.5169677734375,98.04656982421875,121.0999984741211,51.3531379699707,109.66903686523438,82.79884338378906,76.92523956298828,31.691783905029297,4.956111431121826,71.2227783203125,32.50865173339844,198.07948303222656,130.06626892089844,59.957332611083984,211.49720764160156,118.88175201416016,43.259464263916016,56.62813949584961
2017-12-01,39.94978713989258,58.11750030517578,62.872066497802734,165.14137268066406,98.44879150390625,121.58999633789062,50.80302047729492,110.18065643310547,83.01274871826172,77.00751495361328,31.57748031616211,4.881291389465332,71.515625,32.59075164794922,196.87278747558594,129.8200225830078,60.09942626953125,211.1061248779297,118.6463623046875,43.19017791748047,56.74372863769531
2017-12-04,39.65782928466797,56.6974983215332,62.879791259765625,169.09300231933594,103.09761810302734,121.18000030517578,50.14881134033203,109.41714477539062,84.72384643554688,74.10120391845703,31.27667999267578,4.609175205230713,72.34664154052734,32.33626937866211,192.21963500976562,129.42425537109375,59.80103302001953,210.880126953125,118.48936462402344,43.03620147705078,56.81850814819336
2017-12-05,39.62045669555664,57.07849884033203,62.956905364990234,167.54092407226562,100.29148864746094,120.31999969482422,50.531917572021484,109.93663024902344,83.74946594238281,74.56729888916016,31.210508346557617,4.635844707489014,72.33869934082031,32.180301666259766,191.0650177001953,128.35145568847656,59.303672790527344,210.13272094726562,117.98363494873047,42.974613189697266,56.356197357177734
2017-12-06,39.47332763671875,57.61750030517578,63.026275634765625,167.00570678710938,98.64523315429688,120.06999969482422,51.182159423828125,111.0307388305664,83.12364196777344,75.65485382080078,31.639644622802734,4.6733784675598145,72.21998596191406,31.753393173217773,190.93484497070312,127.77986907958984,59.24684143066406,210.12399291992188,117.91387176513672,42.72824478149414,55.941463470458984
2017-12-07,39.54572677612305,57.989498138427734,62.94144821166992,166.09579467773438,98.45813751220703,118.48999786376953,51.769447326660156,110.20423126220703,82.87805938720703,75.38984680175781,31.719871520996094,4.740789890289307,71.30982971191406,32.02431106567383,191.11709594726562,128.81752014160156,59.396034240722656,210.81932067871094,118.38475799560547,42.83603286743164,56.125030517578125
2017-12-08,39.55740737915039,58.099998474121094,62.91835021972656,167.7639617919922,98.27899932861328,118.4800033569336,52.00783920288086,110.66081237792969,83.91583251953125,76.91610717773438,31.89030647277832,4.728442668914795,71.52351379394531,32.01608657836914,194.38124084472656,129.11648559570312,59.70155715942383,211.96652221679688,119.00386047363281,43.0977897644043,56.19982147216797
2017-12-11,40.32814025878906,58.44599914550781,62.872066497802734,168.4686279296875,100.73054504394531,118.01000213623047,52.13619613647461,111.09370422363281,83.6702651977539,77.89400482177734,31.934423446655273,4.806721210479736,71.41272735595703,32.319847106933594,193.39157104492188,129.06370544433594,59.6944465637207,212.65310668945312,119.28285217285156,43.19017791748047,56.45137405395508
2017-12-12,40.10157775878906,58.25400161743164,62.8643798828125,167.96913146972656,101.2962875366211,118.1500015258789,51.977596282958984,112.24287414550781,84.64464569091797,78.2138442993164,31.497268676757812,4.712393283843994,71.1119613647461,32.262386322021484,193.1485137939453,128.66802978515625,59.98573303222656,213.01817321777344,119.41365814208984,43.17477798461914,56.26779556274414
2017-12-13,40.234710693359375,58.20650100708008,63.04170227050781,167.9512481689453,101.46601867675781,119.16999816894531,52.107452392578125,112.47117614746094,83.58309936523438,78.00367736816406,31.376949310302734,4.597323894500732,71.92716217041016,32.25416946411133,194.76321411132812,129.002197265625,60.08522033691406,212.96600341796875,119.43112182617188,43.4134407043457,56.51258087158203
2017-12-14,40.223045349121094,58.7130012512207,63.064815521240234,166.39022827148438,104.25701141357422,118.93000030517578,52.408782958984375,111.49514770507812,82.90975952148438,77.40049743652344,31.67975425720215,4.6044840812683105,72.02212524414062,32.344478607177734,192.07203674316406,127.76224517822266,60.07098388671875,212.12303161621094,118.87305450439453,43.213279724121094,56.362979888916016
2017-12-15,40.63175582885742,58.957000732421875,63.072532653808594,171.9208221435547,104.91704559326172,119.18000030517578,53.12888717651367,112.13274383544922,84.0821762084961,79.37454986572266,31.769983291625977,4.730172157287598,72.72652435302734,32.426570892333984,192.5668487548828,129.22206115722656,60.44755554199219,213.90467834472656,119.93682861328125,43.19017791748047,56.45137405395508
2017-12-18,41.203975677490234,59.52899932861328,62.9722900390625,171.546142578125,104.69074249267578,119.7300033569336,53.77764129638672,111.61322021484375,84.73178100585938,78.94502258300781,31.352890014648438,4.886724948883057,72.7186050415039,32.344478607177734,193.3047637939453,130.72572326660156,60.845420837402344,215.234375,120.76519012451172,43.68290328979492,56.39017868041992
2017-12-19,40.764888763427734,59.36899948120117,62.77958679199219,167.99581909179688,105.42620086669922,119.81999969482422,53.51447677612305,111.59748077392578,84.37529754638672,78.4423599243164,30.901691436767578,4.842524528503418,72.56031799316406,32.295223236083984,192.75787353515625,130.05740356445312,59.55234909057617,214.45217895507812,120.27690887451172,43.55202102661133,56.05024337768555
2017-12-20,40.72050476074219,58.88100051879883,62.65623092651367,167.2644500732422,103.42724609375,120.13999938964844,53.20621109008789,111.1094741821289,84.0821762084961,78.15904235839844,30.80945587158203,4.859562873840332,72.44159698486328,32.3773078918457,193.05300903320312,130.2508544921875,58.863189697265625,214.28709411621094,120.2681884765625,43.54432678222656,56.34257888793945
2017-12-21,40.874656677246094,58.737998962402344,62.694793701171875,166.63108825683594,103.3141098022461,120.30999755859375,53.071903228759766,111.0307388305664,85.42097473144531,78.14078521728516,30.97789192199707,4.837092876434326,72.55241394042969,32.20491409301758,192.4539794921875,130.76797485351562,58.635189056396484,214.7216339111328,120.54241943359375,43.76118469238281,57.008888244628906
2017-12-22,40.874656677246094,58.417999267578125,62.72563934326172,166.47943115234375,102.46549224853516,120.94000244140625,52.973270416259766,110.2908706665039,85.11995697021484,78.14991760253906,30.989927291870117,4.82178258895874,72.91647338867188,32.533294677734375,190.9868621826172,130.75035095214844,59.03921890258789,214.67816162109375,120.49861907958984,43.89332962036133,57.09046936035156
2017-12-26,39.83767318725586,58.8380012512207,62.788211822509766,166.40802001953125,101.94688415527344,121.7699966430664,52.824092864990234,110.26725769042969,84.77930450439453,78.04939270019531,30.881633758544922,4.8753662109375,73.1935043334961,31.97505760192871,190.63958740234375,130.91831970214844,59.33504867553711,214.42837524414062,120.40220642089844,43.9166374206543,57.09728240966797
2017-12-27,39.84468460083008,59.112998962402344,62.98147964477539,166.18502807617188,101.4942855834961,122.2300033569336,52.544071197509766,110.64506530761719,84.937744140625,78.33269500732422,31.140336990356445,4.868698596954346,72.89273834228516,32.081783294677734,191.35147094726562,130.9536895751953,59.529842376708984,214.55068969726562,120.44609832763672,43.994384765625,57.04288101196289
2017-12-28,39.956790924072266,59.30500030517578,62.94280242919922,166.4705047607422,101.61688232421875,122.8499984741211,52.33344650268555,110.63720703125,85.38928985595703,78.34182739257812,31.352890014648438,4.874378681182861,72.8689956665039,32.623592376708984,193.39157104492188,131.3956756591797,59.847312927246094,214.952392578125,120.70889282226562,44.07209014892578,57.12446212768555
2017-12-29,39.52471160888672,58.4734992980957,63.04326629638672,166.0244903564453,101.37171173095703,123.6500015258789,52.20706558227539,109.97602081298828,84.71593475341797,78.17733001708984,31.320804595947266,4.778076171875,72.7186050415039,32.54970932006836,191.38623046875,130.65309143066406,59.868927001953125,214.21005249023438,120.26203918457031,44.15760803222656,56.86609649658203
2018-01-02,40.23237228393555,59.45050048828125,62.865516662597656,167.98695373535156,105.4167709350586,125.1500015258789,53.18886184692383,109.59030151367188,85.51602172851562,78.55204772949219,31.100221633911133,4.92252779006958,71.7451400756836,33.67437744140625,191.99391174316406,131.69619750976562,59.645286560058594,215.78201293945312,121.11199951171875,44.600650787353516,57.811153411865234
2018-01-03,40.22536849975586,60.209999084472656,62.919620513916016,170.0029754638672,105.8693618774414,124.81999969482422,54.096317291259766,110.63720703125,85.6031723022461,78.91759490966797,30.440479278564453,5.2465009689331055,71.65805053710938,34.24081039428711,194.00796508789062,131.9437255859375,59.472110748291016,217.06573486328125,121.81298065185547,44.91157150268555,58.946571350097656
2018-01-04,40.4122200012207,60.47949981689453,62.88871765136719,168.6827392578125,105.82222747802734,125.45999908447266,54.306453704833984,110.62931823730469,86.82949829101562,79.6122055053711,30.28406524658203,5.2741570472717285,72.16460418701172,34.060211181640625,194.8500213623047,132.1204833984375,58.44759750366211,218.017578125,122.2773666381836,45.284664154052734,59.028160095214844
2018-01-05,40.87232208251953,61.457000732421875,62.80367660522461,167.4784698486328,105.2470474243164,125.33000183105469,55.026573181152344,111.5423812866211,86.2720718383789,80.59922790527344,30.42243194580078,5.318850040435791,72.21207427978516,34.856502532958984,198.5655975341797,132.606689453125,58.47647476196289,219.41488647460938,122.99586486816406,45.587799072265625,58.980567932128906
2018-01-08,40.72050476074219,62.34349822998047,62.811405181884766,168.129638671875,103.73841857910156,125.30999755859375,55.22084426879883,111.68405151367188,86.39949035644531,80.68146514892578,30.673093795776367,5.481822967529297,72.59198760986328,34.840091705322266,195.11912536621094,132.94256591796875,58.77949142456055,219.8690643310547,123.27625274658203,45.564491271972656,59.24573516845703
2018-01-09,40.71582794189453,62.6349983215332,62.625953674316406,166.1761016845703,103.6629867553711,124.7300033569336,55.15046691894531,113.455078125,86.83745574951172,80.62662506103516,30.448497772216797,5.480340480804443,72.06172180175781,34.626644134521484,196.09144592285156,132.88070678710938,58.021934509277344,220.3318328857422,123.50408935546875,45.603355407714844,58.99415588378906
2018-01-10,40.70649719238281,62.71649932861328,62.633670806884766,165.40008544921875,103.21981048583984,125.02999877929688,55.019134521484375,113.32125091552734,87.79302215576172,80.26106262207031,30.197832107543945,5.523305892944336,71.60265350341797,33.90423583984375,194.63296508789062,132.61557006835938,57.372581481933594,219.9563446044922,123.3113021850586,45.44788360595703,58.525020599365234
2018-01-11,40.93771743774414,63.83399963378906,62.633670806884766,168.93247985839844,104.65302276611328,125.44000244140625,55.11379623413086,113.9666976928711,88.26285552978516,80.49870300292969,30.179784774780273,5.5331854820251465,71.34940338134766,33.682586669921875,195.6660614013672,134.560302734375,57.177791595458984,221.5806884765625,124.35400390625,45.73549270629883,59.102943420410156
2018-01-12,41.36044692993164,65.26000213623047,62.625953674316406,171.12686157226562,106.04853057861328,126.95999908447266,56.035621643066406,114.73020935058594,89.72010040283203,81.88786315917969,30.143692016601562,5.506023406982422,70.9220199584961,33.813934326171875,198.48745727539062,134.99346923828125,56.716041564941406,223.04779052734375,125.081298828125,46.178550720214844,59.50408935546875
2018-01-16,41.1502571105957,65.24299621582031,62.67228317260742,170.85032653808594,104.37015533447266,127.16999816894531,56.0380973815918,115.59605407714844,89.40155029296875,80.74546813964844,30.18781089782715,5.435153961181641,71.40480041503906,34.667701721191406,202.18565368652344,133.56138610839844,56.82424545288086,222.23562622070312,124.52931213378906,46.131900787353516,59.13013458251953
2018-01-17,41.82991409301758,64.75,62.60277557373047,171.52828979492188,105.57707214355469,126.13999938964844,56.45440673828125,115.69046783447266,89.97490692138672,82.38139343261719,30.45652961730957,5.548989295959473,72.18042755126953,35.40653991699219,206.98641967773438,134.67523193359375,57.2210807800293,224.38392639160156,125.67710876464844,46.45058822631836,59.83042907714844
2018-01-18,41.867271423339844,64.66600036621094,62.47908020019531,170.83250427246094,104.11557006835938,125.86000061035156,56.29928207397461,115.64324188232422,90.1899185180664,82.34483337402344,30.235933303833008,5.5420732498168945,71.91725158691406,36.58865737915039,211.09255981445312,133.9945526123047,56.485164642333984,224.07827758789062,125.45802307128906,46.39619064331055,59.44288635253906
2018-01-19,41.680419921875,64.72899627685547,62.347679138183594,171.52828979492188,104.27584838867188,126.41999816894531,56.67247009277344,115.9896011352539,89.99083709716797,82.25342559814453,30.11160659790039,5.682082176208496,72.62699890136719,36.67074966430664,211.2575225830078,135.56805419921875,56.788185119628906,225.03016662597656,126.10643768310547,46.606048583984375,59.25252151489258
2018-01-22,41.33944320678711,66.3655014038086,62.30133056640625,173.39263916015625,104.75675201416016,126.6500015258789,57.69639205932617,116.60354614257812,91.04196166992188,83.72484588623047,30.083534240722656,5.770482540130615,73.28095245361328,38.07453155517578,211.43984985351562,136.46971130371094,57.30765914916992,226.83792114257812,127.1053695678711,46.86255645751953,60.000423431396484
2018-01-23,41.34878158569336,68.12699890136719,62.46360397338867,172.5362548828125,104.10614013671875,127.27999877929688,58.2916145324707,111.63687133789062,90.9463882446289,83.98991394042969,30.624969482421875,5.899381160736084,71.01610565185547,37.9924430847168,212.87228393554688,136.9912872314453,58.10129165649414,227.3531494140625,127.42076110839844,47.04909896850586,60.034393310546875
2018-01-24,40.69013977050781,67.87550354003906,62.39406967163086,173.2677001953125,104.1910171508789,128.8300018310547,58.04975509643555,111.82572937011719,92.10902404785156,83.9167709350586,30.249984741210938,5.822585582733154,70.42594146728516,37.212562561035156,212.5596923828125,136.4077911376953,57.79827880859375,227.2395782470703,127.2981948852539,47.25120162963867,60.1907844543457
2018-01-25,39.963783264160156,68.89749908447266,62.5640983581543,176.57711791992188,104.23815155029297,127.97000122070312,58.58749771118164,113.65969848632812,92.13288116455078,84.38288879394531,30.699155807495117,5.836165904998779,70.44989776611328,37.023746490478516,212.84616088867188,136.37249755859375,57.697269439697266,227.34439086914062,127.35072326660156,47.080196380615234,60.081993103027344
2018-01-26,40.05720520019531,70.10250091552734,62.448177337646484,177.4334716796875,105.78451538085938,128.07000732421875,58.85611343383789,114.39173126220703,92.6266098022461,85.96397399902344,31.62160301208496,6.008523941040039,69.96342468261719,37.53273010253906,215.70230102539062,137.07968139648438,57.49526596069336,229.99046325683594,128.68260192871094,47.546566009521484,60.51030731201172
2018-01-29,39.228084564208984,70.88400268554688,62.363128662109375,176.9072265625,105.17162322998047,127.3499984741211,58.80258560180664,113.09298706054688,92.53104400634766,85.83601379394531,31.218524932861328,6.095441818237305,69.26960754394531,37.27002716064453,214.78211975097656,136.0807647705078,56.723262786865234,228.40106201171875,127.84136962890625,47.056884765625,59.83723449707031
2018-01-30,38.99686813354492,71.89099884033203,62.24724197387695,176.54153442382812,103.8232650756836,126.80000305175781,58.3510856628418,112.10906982421875,91.66307830810547,84.75762176513672,31.102216720581055,5.993460178375244,69.34137725830078,36.843135833740234,205.4411163330078,134.6487274169922,56.31200408935547,225.96458435058594,126.50951385498047,46.613826751708984,59.000972747802734
2018-01-31,39.10429000854492,72.54450225830078,62.262699127197266,173.82977294921875,102.46549224853516,127.6500015258789,58.59144973754883,108.77171325683594,92.10902404785156,86.83220672607422,31.767976760864258,6.069513320922852,68.85491180419922,37.1961555480957,205.5540008544922,134.17137145996094,57.32208251953125,226.17417907714844,126.55329895019531,46.68377685546875,59.35451126098633
2018-02-01,39.18605041503906,69.5,62.08990478515625,172.58091735839844,104.18157958984375,128.07000732421875,58.56023406982422,110.21214294433594,93.06456756591797,86.14675903320312,31.35088348388672,5.9386420249938965,68.46415710449219,37.311073303222656,204.1996307373047,134.49838256835938,56.088348388671875,225.94717407226562,126.50070190429688,46.64490509033203,60.55790710449219
2018-02-02,37.48577117919922,71.49749755859375,61.90403747558594,170.36863708496094,102.49375915527344,126.38999938964844,55.46814727783203,108.37030029296875,91.00216674804688,83.88021087646484,31.266658782958984,5.766285419464111,67.18820190429688,36.53940200805664,201.30015563964844,131.9879150390625,55.61216735839844,221.1090545654297,123.81074523925781,45.62666320800781,57.47120666503906
2018-02-05,36.5491943359375,69.5,62.1751594543457,163.0361785888672,98.72213745117188,126.70999908447266,52.65261459350586,102.63220977783203,86.63838195800781,80.42559051513672,30.939788818359375,5.276872158050537,64.6441879272461,35.258758544921875,191.00425720214844,127.07293701171875,53.95996856689453,212.02682495117188,118.93892669677734,43.79228591918945,54.200923919677734
2018-02-06,38.076656341552734,72.14199829101562,61.973777770996094,165.03436279296875,100.10821533203125,125.37999725341797,53.74493408203125,103.76566314697266,89.27417755126953,83.46895599365234,29.99127769470215,5.570223808288574,65.69686889648438,35.78415298461914,195.48370361328125,128.38125610351562,53.967185974121094,215.94789123535156,120.88417053222656,44.849388122558594,53.26948928833008
2018-02-07,37.26154708862305,70.83899688720703,61.83433532714844,163.41082763671875,98.77872467041016,124.79000091552734,52.30668258666992,103.44293212890625,89.8793716430664,81.8969955444336,29.69651985168457,5.649735927581787,65.2662353515625,34.38037109375,196.0393829345703,128.36358642578125,53.73630142211914,214.7689971923828,120.3496322631836,44.04100036621094,52.31083297729492
2018-02-08,36.236228942871094,67.5250015258789,61.78786087036133,159.3253173828125,95.56341552734375,124.9800033569336,49.942649841308594,99.4601058959961,85.90576171875,77.69293975830078,29.135028839111328,5.3712005615234375,63.97429656982422,33.132568359375,187.91371154785156,124.13813018798828,52.19230651855469,206.78709411621094,116.02112579345703,42.82844543457031,51.719322204589844
2018-02-09,36.67945098876953,66.9800033569336,61.632938385009766,161.20751953125,97.20406341552734,124.7699966430664,51.853702545166016,101.95528411865234,87.62579345703125,80.59010314941406,29.698524475097656,5.7307281494140625,63.735042572021484,34.043800354003906,191.8202667236328,125.4464111328125,53.498226165771484,209.974609375,117.61585998535156,43.232627868652344,52.04899215698242
2018-02-12,38.15685272216797,69.3115005493164,61.6484375,161.5108184814453,97.48695373535156,125.37000274658203,52.26456069946289,102.53775787353516,88.9795150756836,81.45832061767578,30.07952880859375,5.6307220458984375,64.85950469970703,34.91397476196289,195.926513671875,126.79004669189453,53.519859313964844,212.85646057128906,119.18428039550781,43.83891296386719,52.488582611083984
2018-02-13,38.539100646972656,70.72550201416016,61.702659606933594,164.2671356201172,98.17527770996094,126.08000183105469,52.24374008178711,102.29375457763672,89.52897644042969,82.09806060791016,30.294092178344727,5.744309425354004,64.99508666992188,34.790836334228516,196.75125122070312,127.16136169433594,53.895023345947266,213.57260131835938,119.56107330322266,43.83891296386719,52.40616226196289
2018-02-14,39.24966049194336,72.55249786376953,61.50126266479492,167.12167358398438,98.62786865234375,128.22999572753906,53.1635856628418,102.06548309326172,91.59935760498047,83.38357543945312,30.095565795898438,5.961359977722168,64.34114837646484,35.34085464477539,198.60894775390625,129.44200134277344,53.50541305541992,216.36708068847656,121.23466491699219,44.62397766113281,52.51605987548828
2018-02-15,40.56761169433594,73.08799743652344,61.563228607177734,171.26280212402344,99.17474365234375,128.3800048828125,54.088382720947266,103.29338073730469,91.98161315917969,85.08229064941406,30.967859268188477,6.086799621582031,65.7208023071289,35.726688385009766,196.2129669189453,130.82106018066406,54.024898529052734,219.1703643798828,122.71546936035156,45.02039337158203,52.34434509277344
2018-02-16,40.43628692626953,72.43450164794922,61.69491195678711,171.33438110351562,100.44767761230469,127.95999908447266,54.2935676574707,104.80465698242188,91.32067108154297,84.47624969482422,31.292726516723633,6.0211181640625,65.87232208251953,35.693851470947266,199.12115478515625,131.13929748535156,54.320709228515625,219.14414978027344,122.7680435180664,45.08256912231445,52.571006774902344
2018-02-20,40.3002815246582,73.4175033569336,61.632938385009766,168.25758361816406,99.9290771484375,126.23999786376953,54.694515228271484,103.01002502441406,91.34455871582031,85.13737487792969,30.843547821044922,6.150505542755127,64.86750793457031,35.90728759765625,196.76858520507812,130.29953002929688,53.67858123779297,217.81678771972656,122.03202056884766,44.592891693115234,52.02840805053711
2018-02-21,40.11734390258789,74.14600372314453,61.40058135986328,166.1377716064453,99.05216979980469,125.66000366210938,55.19804382324219,102.25437927246094,91.72676849365234,84.00794982910156,30.432456970214844,5.963581085205078,63.99025344848633,35.20949935913086,195.4403533935547,129.97238159179688,52.61799621582031,216.67276000976562,121.46244812011719,44.48405838012695,51.43771743774414
2018-02-22,40.452693939208984,74.26699829101562,61.47803497314453,166.88909912109375,99.2313232421875,126.30000305175781,55.007232666015625,102.25437927246094,91.5595703125,84.22835540771484,30.542749404907227,5.983100891113281,64.46873474121094,34.799041748046875,197.14181518554688,129.89283752441406,53.216819763183594,216.93475341796875,121.54135131835938,44.686161041259766,52.10397720336914
2018-02-23,41.156219482421875,75.0,61.64069747924805,169.7691192626953,101.1265640258789,126.13999938964844,55.90874099731445,103.91520690917969,93.41497039794922,86.3677978515625,31.3348331451416,6.076498031616211,64.63623046875,36.03864669799805,199.8070068359375,131.56362915039062,54.06817626953125,220.49781799316406,123.42522430419922,45.17583084106445,53.250980377197266
2018-02-26,41.96996307373047,76.09750366210938,61.67169189453125,172.4523468017578,103.5404052734375,126.44999694824219,56.6823844909668,104.62024688720703,94.57758331298828,87.6166000366211,31.23386573791504,6.09255838394165,65.09877014160156,36.45732116699219,203.19268798828125,132.22657775878906,54.21969985961914,223.0390625,124.72200012207031,45.51784896850586,54.15076446533203
2018-02-27,41.833946228027344,75.5989990234375,61.540008544921875,170.02847290039062,98.88245391845703,125.12999725341797,55.38439178466797,104.30338287353516,93.45476531982422,86.496337890625,30.634023666381836,6.079710960388184,64.22949981689453,35.80877685546875,201.85574340820312,130.396728515625,52.95711898803711,220.192138671875,123.153564453125,44.740570068359375,53.23038864135742
2018-02-28,41.770626068115234,75.62249755859375,61.61747741699219,170.74407958984375,97.27008819580078,125.0,54.71086502075195,102.88540649414062,91.97362518310547,86.10149383544922,30.72894287109375,5.979394435882568,62.61854934692383,35.587135314941406,196.33453369140625,128.85862731933594,52.921024322509766,217.74693298339844,121.79542541503906,44.235328674316406,52.02153396606445
2018-03-01,41.038963317871094,74.67250061035156,61.72222137451172,169.07150268554688,96.7137680053711,124.72000122070312,53.09965133666992,100.8258056640625,90.32527923583984,85.25675201416016,30.947072982788086,5.7375006675720215,62.76211166381836,35.0699462890625,194.8500213623047,128.3282012939453,52.971527099609375,214.87379455566406,120.3496322631836,43.7767333984375,51.650665283203125
2018-03-02,41.322731018066406,75.01249694824219,61.6058235168457,169.33981323242188,97.10978698730469,125.38999938964844,53.730560302734375,102.04573059082031,90.23768615722656,85.44039916992188,30.870325088500977,5.844488143920898,63.400115966796875,35.308021545410156,195.492431640625,129.94589233398438,52.94987869262695,216.01780700683594,121.12952423095703,43.901092529296875,51.89103698730469
2018-03-05,41.46577072143555,76.18049621582031,61.5670280456543,171.26280212402344,97.50581359863281,125.18000030517578,54.25689697265625,102.81410217285156,91.62328338623047,85.9821548461914,31.308589935302734,5.822498798370361,64.0301284790039,35.70206069946289,198.2617645263672,131.2806854248047,53.5487174987793,218.49794006347656,122.49641418457031,44.07987594604492,52.38557815551758
2018-03-06,41.43058395385742,76.88200378417969,61.59028625488281,171.24490356445312,98.94844818115234,126.52999877929688,54.561195373535156,101.57041931152344,91.70291137695312,85.68832397460938,30.953126907348633,5.983348369598389,63.81481170654297,35.74311065673828,196.35186767578125,132.50946044921875,53.80122756958008,219.048095703125,122.94329071044922,44.41410827636719,52.32375717163086
2018-03-07,41.04600143432617,77.25,61.57475662231445,167.5778045654297,97.6755142211914,125.72000122070312,55.26197814941406,102.2199935913086,91.3604736328125,86.18412780761719,30.910720825195312,5.975440979003906,63.128963470458984,36.284915924072266,197.2981414794922,133.21661376953125,54.133121490478516,218.9520721435547,123.04840087890625,44.36747360229492,51.0050048828125
2018-03-08,41.49391555786133,77.59300231933594,61.644657135009766,166.08412170410156,98.09039306640625,125.41999816894531,55.972679138183594,104.61231231689453,91.36844635009766,86.70752716064453,31.165185928344727,5.959133625030518,63.77491760253906,35.95654296875,195.73902893066406,133.12828063964844,54.234127044677734,219.97377014160156,123.51288604736328,44.46074676513672,50.908843994140625
2018-03-09,42.206825256347656,78.94450378417969,61.5670280456543,168.66905212402344,98.7504653930664,125.54000091552734,57.53185272216797,105.99069213867188,93.99626922607422,88.64498138427734,31.26616859436035,6.061673164367676,64.0301284790039,36.60507583618164,196.3487091064453,135.1437225341797,54.529945373535156,223.78134155273438,125.56324005126953,44.8804817199707,51.211055755615234
2018-03-12,42.614864349365234,79.91950225830078,61.62909698486328,169.3756103515625,99.1653060913086,125.54000091552734,57.78411865234375,105.06385040283203,93.69367218017578,88.85617065429688,31.181352615356445,6.171130180358887,63.68721389770508,37.12226867675781,194.03187561035156,135.33819580078125,54.76802062988281,223.5630340576172,125.49314880371094,44.95820236206055,51.678123474121094
2018-03-13,42.204471588134766,79.40899658203125,61.644657135009766,167.6672821044922,97.80754089355469,125.77999877929688,56.49455261230469,106.42633819580078,92.57086944580078,86.68917846679688,31.237895965576172,6.120477199554443,63.575557708740234,36.93345642089844,197.6638946533203,134.74598693847656,54.818538665771484,222.08714294433594,124.71324157714844,44.63953399658203,51.19045639038086
2018-03-14,41.84567642211914,79.55000305175781,61.776554107666016,165.13609313964844,97.96782684326172,125.69999694824219,56.939605712890625,104.81826782226562,91.53564453125,86.17499542236328,31.91245460510254,6.145929336547852,63.00137710571289,37.06480407714844,196.3052215576172,134.00338745117188,54.86903762817383,220.9169921875,124.08236694335938,44.75611877441406,50.55168533325195
2018-03-15,41.89490509033203,79.11599731445312,61.78433609008789,165.9231414794922,97.34550476074219,124.9000015258789,57.024837493896484,105.40444946289062,91.76660919189453,86.47797393798828,31.938711166381836,6.16075325012207,62.73820114135742,37.1961555480957,199.87623596191406,133.49951171875,54.85460662841797,220.7073974609375,123.9158706665039,44.693939208984375,51.11490249633789
2018-03-16,41.74718475341797,78.58399963378906,61.729976654052734,166.2451171875,96.99665069580078,124.5999984741211,56.22246170043945,105.89559173583984,91.92585754394531,86.86360168457031,32.5244140625,6.188920974731445,62.97743606567383,36.917015075683594,198.46524047851562,134.16250610351562,55.23698425292969,220.93441772460938,124.12618255615234,44.608428955078125,51.5956916809082
2018-03-19,41.10929870605469,77.24649810791016,61.68342971801758,164.7067413330078,95.68600463867188,124.87000274658203,54.520057678222656,103.17060089111328,91.20123291015625,85.29345703125,32.30023193359375,5.954687118530273,62.7302360534668,36.6132926940918,196.0177459716797,132.85421752929688,54.76081466674805,217.98269653320312,122.53142547607422,44.21978759765625,50.929466247558594
2018-03-20,41.09524917602539,79.32550048828125,61.6058235168457,167.56886291503906,95.56341552734375,124.30999755859375,54.30843734741211,103.9389877319336,91.28878784179688,85.51382446289062,32.39918518066406,6.166683673858643,62.45108413696289,36.80210494995117,197.52456665039062,132.96913146972656,54.5732307434082,218.36697387695312,122.71546936035156,44.35969543457031,50.81955337524414
2018-03-21,40.16425704956055,79.09300231933594,61.6058235168457,166.42404174804688,96.00657653808594,126.4800033569336,54.21923065185547,103.9231185913086,91.36844635009766,84.91700744628906,32.33053207397461,6.141482353210449,61.438270568847656,36.69538116455078,194.07540893554688,133.50839233398438,54.169193267822266,217.86045837402344,122.61029815673828,44.48405838012695,51.54075241088867
2018-03-22,39.59674072265625,77.24600219726562,61.70671463012695,163.3561553955078,94.85623931884766,125.9800033569336,52.19468307495117,100.90502166748047,87.55412292480469,82.44699096679688,32.69608688354492,5.975687503814697,60.93589782714844,35.866249084472656,187.4471435546875,130.5070343017578,53.851741790771484,212.446044921875,119.60672760009766,43.52023696899414,50.48301696777344
2018-03-23,38.679813385009766,74.77799987792969,61.72222137451172,161.74624633789062,92.91386413574219,127.61000061035156,50.87636184692383,99.09890747070312,85.21298217773438,80.0504379272461,32.21137619018555,5.756278991699219,60.537147521972656,34.955020904541016,185.1303253173828,128.00665283203125,52.89214324951172,207.92236328125,117.09934997558594,43.022762298583984,50.06403350830078
2018-03-26,40.51601028442383,77.79299926757812,61.68342971801758,167.45263671875,94.90338897705078,128.27999877929688,52.241268157958984,100.91292572021484,87.84080505371094,86.1106948852539,32.603187561035156,6.040670394897461,60.93589782714844,36.342384338378906,190.80921936035156,130.83506774902344,53.49391174316406,213.6457977294922,120.18736267089844,43.90491485595703,50.82643508911133
2018-03-27,39.47713851928711,74.85250091552734,61.89299774169922,163.81234741210938,93.68704223632812,127.48999786376953,49.904483795166016,100.77035522460938,86.13668823242188,82.15315246582031,32.837459564208984,5.572202205657959,62.03643798828125,35.537879943847656,189.84234619140625,128.61843872070312,53.697879791259766,209.94363403320312,118.05831146240234,43.42955017089844,50.62038040161133
2018-03-28,39.04094696044922,71.57099914550781,61.885231018066406,164.22373962402344,92.91386413574219,125.7300033569336,49.817256927490234,100.96044921875,86.00133514404297,82.07971954345703,32.772830963134766,5.4691691398620605,62.8737678527832,35.04532241821289,190.312744140625,128.69827270507812,55.04561996459961,209.35580444335938,117.78558349609375,43.57762145996094,50.00908279418945
2018-03-29,39.3458137512207,72.36699676513672,62.040470123291016,168.53489685058594,94.70538330078125,125.79000091552734,51.40121078491211,101.5149917602539,87.57006072998047,83.80596923828125,32.986907958984375,5.722182273864746,63.224666595458984,35.9237060546875,186.3932342529297,130.26763916015625,54.98005294799805,212.3737335205078,119.4043960571289,44.06856918334961,51.24540328979492
2018-04-02,39.087852478027344,68.59950256347656,62.03268051147461,163.45462036132812,93.02700805664062,127.26000213623047,50.186485290527344,98.67111206054688,85.88188934326172,81.28085327148438,32.79302215576172,5.461755275726318,61.72539520263672,34.889347076416016,189.1804656982422,127.1288833618164,54.23698043823242,207.46092224121094,116.68587493896484,43.38279342651367,50.290687561035156
2018-04-03,39.48885726928711,69.60250091552734,61.962646484375,163.32936096191406,93.74362182617188,126.30000305175781,50.486328125,101.67341613769531,87.0604248046875,82.37351989746094,32.71830368041992,5.5680036544799805,62.570735931396484,35.693851470947266,195.60836791992188,128.7780303955078,54.695945739746094,210.0927734375,118.13748168945312,43.788028717041016,51.52701187133789
2018-04-04,40.243988037109375,70.52850341796875,61.962646484375,165.93211364746094,95.18626403808594,126.44999694824219,51.03297805786133,103.3052749633789,88.38227844238281,84.77925872802734,32.78495407104492,5.589993476867676,63.041236877441406,36.07147979736328,199.27529907226562,130.1434783935547,55.27145004272461,212.5140838623047,119.46595001220703,43.858154296875,51.423973083496094
2018-04-05,40.523048400878906,72.5875015258789,61.8770637512207,166.58505249023438,96.280029296875,125.80000305175781,51.178192138671875,103.54288482666016,89.54277038574219,84.82518768310547,33.12223434448242,5.469910621643066,62.84187316894531,35.5625,199.5191650390625,131.0922088623047,55.24959182739258,214.04933166503906,120.3017807006836,44.14649963378906,52.213871002197266
2018-04-06,39.48651123046875,70.2614974975586,62.03268051147461,164.53684997558594,94.62052154541016,126.38999938964844,50.05366897583008,101.47535705566406,87.30982208251953,82.85100555419922,32.86977005004883,5.293740272521973,62.546791076660156,34.82367706298828,195.06837463378906,128.55641174316406,54.83434295654297,209.33831787109375,117.77678680419922,43.68670654296875,51.423973083496094
2018-04-09,39.878143310546875,70.30400085449219,62.09494400024414,164.93930053710938,94.00762939453125,126.81999969482422,50.55621337890625,102.56855010986328,88.3582763671875,83.34684753417969,32.74455642700195,5.322403430938721,62.33149337768555,35.357269287109375,193.9970245361328,128.5740966796875,54.65951156616211,210.1892547607422,118.17272186279297,44.014015197753906,51.423973083496094
2018-04-10,40.62857437133789,71.81099700927734,61.98602294921875,164.17010498046875,95.58229064941406,127.12000274658203,51.36949157714844,103.1784896850586,90.04700469970703,85.28426361083984,32.67790603637695,5.631256103515625,62.49896240234375,35.77593994140625,197.53326416015625,130.8173370361328,54.601234436035156,213.654541015625,120.090576171875,44.536128997802734,52.935035705566406
2018-04-11,40.43861389160156,71.35250091552734,62.03268051147461,165.1539306640625,95.04483032226562,128.11000061035156,50.80252456665039,102.68737030029297,88.53437805175781,84.34774017333984,32.5244140625,5.589993476867676,62.41919708251953,35.61175537109375,193.2740936279297,130.89718627929688,54.717796325683594,212.52284240722656,119.53633880615234,44.40365982055664,53.18230056762695
2018-04-12,40.83728790283203,72.42500305175781,61.91597366333008,168.88368225097656,94.65823364257812,126.62000274658203,51.40864562988281,103.32107543945312,90.73529815673828,85.9270248413086,32.126548767089844,5.796553134918213,62.03643798828125,35.997589111328125,195.31224060058594,131.65969848632812,54.1058464050293,214.30374145507812,120.504150390625,44.52833938598633,53.03806686401367
2018-04-13,40.975643157958984,71.53949737548828,61.962646484375,168.96417236328125,94.62052154541016,127.44999694824219,51.34669494628906,103.47161102294922,88.27825164794922,85.46794891357422,32.35879135131836,5.719959735870361,62.49896240234375,35.01249694824219,195.3470916748047,131.15431213378906,54.389984130859375,213.7071990966797,120.16100311279297,44.45820236206055,53.46390914916992
2018-04-16,41.23124313354492,72.07499694824219,61.97043991088867,174.03550720214844,94.51679229736328,127.62999725341797,51.845279693603516,104.3746566772461,88.20622253417969,86.46880340576172,32.74253845214844,5.719712257385254,62.690364837646484,35.193092346191406,200.60789489746094,132.3867645263672,54.72507858276367,215.44418334960938,121.16397094726562,44.54392623901367,53.94470977783203
2018-04-17,41.798789978027344,75.19149780273438,61.9937629699707,175.30560302734375,96.33660125732422,127.75,53.49365997314453,103.40821075439453,88.20622253417969,88.21341705322266,32.964698791503906,5.869197368621826,62.546791076660156,34.733367919921875,207.77622985839844,133.60150146484375,55.36616516113281,217.76028442382812,122.43960571289062,44.73874282836914,53.80045700073242
2018-04-18,41.70496368408203,76.39199829101562,61.791500091552734,175.76173400878906,95.4314193725586,127.8499984741211,53.296905517578125,101.17434692382812,87.49390411376953,88.55316162109375,32.891990661621094,5.840286731719971,62.36335754394531,34.4132080078125,205.90354919433594,134.1068572998047,55.24959182739258,217.88308715820312,122.6067886352539,44.99591064453125,54.411766052246094
2018-04-19,40.523048400878906,77.84549713134766,61.6436653137207,174.47381591796875,95.12968444824219,127.5999984741211,53.99372482299805,101.03968811035156,89.41474151611328,88.25012969970703,32.82735061645508,5.659174919128418,60.32463836669922,32.45119094848633,205.34609985351562,133.24676513671875,54.44826126098633,216.6899871826172,121.93816375732422,44.80109786987305,54.54912185668945
2018-04-20,38.86271286010742,76.37449645996094,61.48798370361328,173.12319946289062,94.51679229736328,126.62999725341797,53.392555236816406,100.33465576171875,89.21465301513672,87.2309341430664,32.473915100097656,5.6510233879089355,59.39907455444336,31.97505760192871,204.7364044189453,132.53749084472656,53.945579528808594,214.93539428710938,120.9704360961914,44.52054977416992,54.26065444946289
2018-04-23,38.750179290771484,75.89299774169922,61.45686721801758,172.9353790283203,94.43193054199219,125.62000274658203,53.21859359741211,100.46931457519531,88.78246307373047,87.55229187011719,32.54259490966797,5.531680583953857,58.75516128540039,31.810861587524414,204.10928344726562,132.47537231445312,53.901859283447266,214.83885192871094,120.9264144897461,44.388065338134766,54.652137756347656
2018-04-24,38.21079635620117,73.00450134277344,61.347965240478516,172.18409729003906,93.78132629394531,126.2300033569336,50.682586669921875,99.96233367919922,88.36626434326172,85.50464630126953,32.752628326416016,5.465463161468506,58.35272216796875,31.810861587524414,204.00477600097656,131.5178680419922,54.1058464050293,211.9087371826172,119.47476196289062,44.201045989990234,53.8141975402832
2018-04-25,38.37728500366211,73.00849914550781,61.262351989746094,173.48989868164062,95.37483978271484,125.41000366210938,50.69993591308594,100.41386413574219,88.0301284790039,84.76091766357422,32.38102340698242,5.353287220001221,58.19175720214844,31.334735870361328,204.59706115722656,131.50006103515625,54.00385284423828,212.45266723632812,119.60672760009766,44.06078338623047,54.60407257080078
2018-04-26,38.51096725463867,75.89800262451172,61.386837005615234,174.64370727539062,94.1396255493164,124.97000122070312,51.70700454711914,101.40406036376953,88.1181640625,86.55142974853516,32.962684631347656,5.564789772033691,58.5539665222168,31.334735870361328,206.45233154296875,132.08526611328125,54.710514068603516,214.63710021972656,120.74166107177734,44.380287170410156,55.53818893432617
2018-04-27,38.065399169921875,78.63099670410156,61.48020935058594,175.82431030273438,93.56446838378906,125.5,51.11920928955078,101.61004638671875,87.55789947509766,87.9838638305664,33.11415100097656,5.592216491699219,58.60223388671875,31.334735870361328,209.19589233398438,131.907958984375,55.6502685546875,214.86520385742188,120.82087707519531,44.48938751220703,53.42957305908203
2018-04-30,38.754852294921875,78.30650329589844,61.51134490966797,176.34310913085938,94.60165405273438,124.58999633789062,50.48137283325195,100.19998931884766,87.06170654296875,85.8719482421875,33.10405731201172,5.556884765625,58.22395324707031,31.56459617614746,205.90354919433594,130.7552947998047,55.43170166015625,213.1106719970703,119.94104766845703,44.27119064331055,53.40208053588867
2018-05-01,39.65536880493164,79.11299896240234,61.41617965698242,175.79751586914062,94.34707641601562,123.70999908447266,51.58013153076172,99.81975555419922,87.06170654296875,87.2309341430664,32.964698791503906,5.6122307777404785,57.91810989379883,31.958637237548828,206.29550170898438,131.13658142089844,55.93438720703125,213.56680297851562,120.1258544921875,44.16987228393555,52.85261917114258
2018-05-02,41.40713882446289,78.48400115966797,61.42399215698242,173.51678466796875,93.93220520019531,123.6500015258789,50.85158920288086,97.83142852783203,86.37340545654297,85.8627700805664,33.01115036010742,5.591721534729004,57.09716033935547,30.989940643310547,203.34280395507812,131.1454315185547,55.730403900146484,212.1105499267578,119.43079376220703,44.05297088623047,52.74959182739258
2018-05-03,41.482173919677734,78.60399627685547,61.478599548339844,172.6312713623047,93.12129974365234,124.27999877929688,50.86397171020508,97.45912170410156,85.82918548583984,86.37696838378906,32.932376861572266,5.756772994995117,57.435203552246094,31.27726936340332,203.94383239746094,130.7552947998047,55.69398498535156,211.61044311523438,119.1052474975586,44.14649963378906,52.571006774902344
2018-05-04,43.10966491699219,79.04750061035156,61.517581939697266,174.5811309814453,95.37483978271484,124.54000091552734,52.0881233215332,98.37804412841797,86.78160095214844,87.3778305053711,33.140403747558594,5.906752109527588,58.296409606933594,31.679519653320312,205.46807861328125,132.4931182861328,56.305912017822266,214.4178009033203,120.64488983154297,44.27897262573242,52.81828308105469
2018-05-07,43.42155456542969,80.00700378417969,61.486412048339844,172.676025390625,96.62890625,124.56999969482422,52.50740432739258,97.90275573730469,87.53392791748047,88.35113525390625,32.99095916748047,6.144445896148682,57.93422317504883,31.56459617614746,203.62158203125,133.52169799804688,56.68474578857422,215.08453369140625,121.17269134521484,44.208839416503906,53.39522171020508
2018-05-08,43.630287170410156,79.61949920654297,61.43962860107422,173.94610595703125,95.97830200195312,124.58999633789062,52.46428298950195,97.12643432617188,88.8304672241211,87.97467803955078,32.296199798583984,6.186944007873535,57.49957275390625,32.16387176513672,202.09732055664062,134.03594970703125,56.40061950683594,215.0757598876953,121.21670532226562,44.32572555541992,53.6356315612793
2018-05-09,43.93748092651367,80.4000015258789,61.369422912597656,175.34136962890625,94.26221466064453,124.33000183105469,53.96894454956055,97.83935546875,90.76731872558594,89.01227569580078,31.96900749206543,6.319875717163086,58.24810028076172,32.30342483520508,199.64112854003906,134.96694946289062,56.779449462890625,217.16368103027344,122.36048126220703,44.37248229980469,54.899410247802734
2018-05-10,44.56595993041992,80.4540023803711,61.494224548339844,175.32337951660156,95.87459564208984,125.18000030517578,54.78768539428711,99.29692077636719,91.47163391113281,89.90294647216797,32.36082458496094,6.427354335784912,58.875911712646484,32.64821243286133,203.56056213378906,135.6585235595703,57.22385025024414,219.1990203857422,123.42501068115234,44.83225631713867,56.128875732421875
2018-05-11,44.39646530151367,80.14550018310547,61.55660629272461,175.60150146484375,96.24231719970703,125.0,54.68410110473633,100.79412078857422,91.12748718261719,89.71011352539062,32.463844299316406,6.2889885902404785,59.052978515625,32.76315689086914,207.54100036621094,135.89788818359375,57.02714538574219,219.73419189453125,123.6713638305664,44.88681411743164,56.39250183105469
2018-05-14,44.29288101196289,80.0770034790039,61.478599548339844,175.70913696289062,96.5911865234375,124.48999786376953,54.84368896484375,99.8593521118164,91.15948486328125,90.01313018798828,32.35476303100586,6.309497833251953,58.980533599853516,32.79597854614258,211.56503295898438,135.6053009033203,56.539031982421875,219.97979736328125,123.73291015625,44.933570861816406,56.774105072021484
2018-05-15,43.89033508300781,78.80599975585938,61.190040588378906,175.35032653808594,97.04378509521484,122.4800033569336,53.7667350769043,99.12265014648438,90.46318817138672,89.36117553710938,32.082115173339844,6.067356109619141,58.714927673339844,32.262386322021484,208.60366821289062,135.44573974609375,55.621131896972656,218.47088623046875,122.9851303100586,44.512752532958984,56.746341705322266
2018-05-16,44.29995346069336,79.36399841308594,61.14326095581055,178.24774169921875,99.0427474975586,122.29000091552734,53.72807693481445,99.29692077636719,90.71128845214844,89.59173583984375,31.742809295654297,6.078474521636963,59.181758880615234,32.66462707519531,210.5372772216797,136.47422790527344,55.453582763671875,219.40077209472656,123.58335876464844,44.73096466064453,56.90591812133789
2018-05-17,44.019813537597656,79.08799743652344,61.088680267333984,179.04608154296875,98.38270568847656,122.36000061035156,53.587825775146484,98.10869598388672,90.40717315673828,88.69721221923828,31.591331481933594,6.120477199554443,59.527828216552734,31.98326301574707,211.61732482910156,136.92640686035156,55.17675018310547,219.216552734375,123.6185531616211,44.6296501159668,56.80878448486328
2018-05-18,43.8597297668457,78.71849822998047,61.2524299621582,178.47201538085938,97.99610137939453,122.41000366210938,53.011940002441406,98.41764068603516,88.94253540039062,88.86321258544922,31.597394943237305,6.076745986938477,59.117347717285156,31.539966583251953,213.0806121826172,136.96185302734375,55.24959182739258,218.6726531982422,123.34583282470703,44.434837341308594,56.40638732910156
2018-05-21,44.17047882080078,79.27300262451172,61.2524299621582,179.06398010253906,98.11868286132812,122.4800033569336,53.72412109375,98.00570678710938,89.75886535644531,90.00672912597656,32.35879135131836,6.034739971160889,59.60832977294922,32.40193557739258,215.92005920410156,137.95492553710938,55.905242919921875,220.278076171875,124.2696304321289,44.73096466064453,57.08629608154297
2018-05-22,44.05984115600586,79.06999969482422,61.26801681518555,178.48092651367188,98.12812805175781,122.41000366210938,53.292938232421875,97.36405181884766,90.44719696044922,89.91452026367188,32.199249267578125,5.996690273284912,59.58417892456055,32.541500091552734,213.55091857910156,136.91758728027344,55.985382080078125,219.6464385986328,123.81214904785156,44.71536636352539,56.64228057861328
2018-05-23,44.34233093261719,80.09300231933594,61.4552116394043,177.73641967773438,97.0155029296875,122.54000091552734,53.820762634277344,97.79183959960938,90.03102111816406,90.98426818847656,32.37091827392578,6.120060920715332,59.704917907714844,32.54970932006836,212.74960327148438,137.050537109375,56.54633331298828,220.33071899414062,124.13761138916016,44.33353042602539,56.996131896972656
2018-05-24,44.29288101196289,80.15350341796875,61.57997512817383,178.40911865234375,96.280029296875,123.58999633789062,53.79548645019531,96.84125518798828,89.02255249023438,90.66150665283203,32.55671691894531,6.123768329620361,59.37491226196289,32.237754821777344,211.41700744628906,137.20135498046875,56.42976379394531,219.9096221923828,123.93524169921875,44.17766571044922,55.6917610168457
2018-05-25,44.39411926269531,80.50749969482422,61.71256637573242,177.93377685546875,96.3648910522461,123.20999908447266,53.727577209472656,96.93701934814453,88.56634521484375,90.70761108398438,32.80312728881836,6.163079261779785,59.809547424316406,32.262386322021484,213.35055541992188,137.050537109375,56.6264533996582,219.35690307617188,123.6977310180664,44.014015197753906,54.60942840576172
2018-05-29,44.23402786254883,80.64350128173828,62.1414680480957,176.48056030273438,93.99821472167969,123.19000244140625,52.93411636352539,95.28508758544922,84.78074645996094,90.38484954833984,33.06769561767578,6.146020889282227,59.60028839111328,31.32653045654297,210.9292449951172,136.67816162109375,56.89601516723633,216.821533203125,122.47482299804688,43.14899826049805,54.40822219848633
2018-05-30,44.13987731933594,81.24449920654297,61.95433044433594,179.08197021484375,94.27165222167969,123.37000274658203,53.39999771118164,96.5379867553711,86.71755981445312,91.25169372558594,33.378719329833984,6.2548041343688965,60.276344299316406,31.474292755126953,213.34188842773438,138.62881469726562,57.66822052001953,219.6815185546875,124.05840301513672,43.71009826660156,56.545143127441406
2018-05-31,43.991554260253906,81.48100280761719,61.930946350097656,177.82615661621094,93.79075622558594,123.0999984741211,54.51658630371094,95.46063995361328,85.64510345458984,91.1502685546875,33.48778533935547,6.235024452209473,58.8919792175293,31.769826889038086,210.35438537597656,137.4229278564453,57.47151184082031,218.26034545898438,123.20503234863281,43.546443939208984,56.36476516723633
2018-06-01,44.784908294677734,82.0770034790039,61.96931457519531,176.83038330078125,93.68704223632812,122.48999786376953,56.2512092590332,96.7694091796875,86.757568359375,92.94853210449219,32.93643569946289,6.3692731857299805,59.117347717285156,32.180301666259766,211.95697021484375,138.42481994628906,57.72650146484375,220.55885314941406,124.48954010009766,43.943870544433594,56.774105072021484
2018-06-04,45.15920639038086,83.26349639892578,61.83613586425781,178.16700744628906,94.51679229736328,122.37000274658203,57.14527893066406,97.320068359375,86.79759216308594,93.76007843017578,32.773738861083984,6.5480241775512695,59.704917907714844,32.812408447265625,213.07186889648438,139.07217407226562,58.229164123535156,221.53262329101562,125.07017517089844,44.10752868652344,56.17743682861328
2018-06-05,45.50761795043945,84.81749725341797,61.8909797668457,177.46730041503906,94.23391723632812,122.8499984741211,57.045162200927734,96.94498443603516,86.30940246582031,94.2396240234375,32.39348220825195,6.553464412689209,59.53588104248047,32.459407806396484,212.8976593017578,139.7017059326172,58.076175689697266,221.83970642089844,125.25491333007812,44.014015197753906,55.976219177246094
2018-06-06,45.66533660888672,84.7874984741211,61.71857833862305,177.3058624267578,96.0914535522461,122.91999816894531,56.84346008300781,97.99042510986328,88.32626342773438,94.51628875732422,31.74886703491211,6.5554423332214355,59.84172821044922,32.4758186340332,216.5732879638672,140.8543243408203,58.21460723876953,223.61175537109375,126.36348724365234,44.46600341796875,56.93367385864258
2018-06-07,45.54292297363281,84.46499633789062,61.875301361083984,181.71018981933594,96.61946868896484,122.86000061035156,56.22246170043945,98.42135620117188,88.67842864990234,93.03154754638672,31.799697875976562,6.499814510345459,60.976585388183594,32.44298553466797,216.8606719970703,140.49964904785156,58.21460723876953,223.5064697265625,126.1787109375,44.11531448364258,57.502586364746094
2018-06-08,45.12860870361328,84.19950103759766,61.79694747924805,182.77772521972656,98.04325866699219,123.01000213623047,56.137718200683594,99.0038833618164,88.92652893066406,93.72319793701172,31.885114669799805,6.484486103057861,62.11951446533203,31.958637237548828,218.34136962890625,141.00509643554688,58.425865173339844,224.2083282470703,126.60982513427734,44.17766571044922,58.00215530395508
2018-06-11,45.01796340942383,84.45600128173828,61.742088317871094,183.44146728515625,98.39213562011719,123.2300033569336,56.543609619140625,97.88665008544922,88.70242309570312,93.1883316040039,31.600425720214844,6.443443775177002,62.40118408203125,31.81908416748047,221.04147338867188,141.3065185546875,58.33844757080078,224.49781799316406,126.7945785522461,44.37248229980469,57.65522766113281
2018-06-12,45.26514434814453,84.9375,61.73426055908203,183.78237915039062,98.37327575683594,122.81999969482422,56.9049072265625,97.79092407226562,88.1902084350586,93.42809295654297,32.00914001464844,6.491903781890869,62.16779708862305,32.180301666259766,220.8672637939453,141.8562469482422,58.68813705444336,224.8750457763672,127.0584945678711,44.185462951660156,57.18345260620117
2018-06-13,44.893184661865234,85.24299621582031,61.69508743286133,183.0916290283203,100.240234375,123.19000244140625,56.708648681640625,97.86270904541016,88.0141372680664,93.00387573242188,31.954254150390625,6.487453460693359,61.54804229736328,32.057151794433594,220.24888610839844,141.05825805664062,57.54438400268555,223.9801788330078,126.58346557617188,44.15428924560547,56.552066802978516
2018-06-14,44.916748046875,86.19300079345703,61.82828140258789,183.99758911132812,102.5409164428711,123.37999725341797,57.49567413330078,97.68716430664062,86.4614486694336,93.5295181274414,32.29588317871094,6.598956108093262,61.161712646484375,31.687740325927734,222.39151000976562,141.54592895507812,58.090755462646484,224.62942504882812,126.94415283203125,43.99063491821289,56.81573486328125
2018-06-15,44.455318450927734,85.79850006103516,61.83613586425781,185.9711151123047,102.63520050048828,121.33999633789062,57.45404052734375,97.84676361083984,86.35740661621094,92.33989715576172,32.44227600097656,6.558161735534668,62.28047561645508,31.761619567871094,223.7462921142578,141.38633728027344,58.0543327331543,224.4364471435547,126.82098388671875,43.69450759887695,55.962345123291016
2018-06-18,44.431785583496094,86.18949890136719,61.83613586425781,184.9754638671875,100.94741821289062,121.11000061035156,58.65885925292969,96.81729888916016,86.5815200805664,93.01311492919922,32.619197845458984,6.553959846496582,61.040977478027344,31.400409698486328,222.776123046875,141.92718505859375,58.07050704956055,223.9012908935547,126.68024444580078,43.35163116455078,56.07337188720703
2018-06-19,43.71378707885742,86.73899841308594,61.93798828125,186.15945434570312,100.04222106933594,120.80000305175781,58.416507720947266,97.81484985351562,86.0772705078125,93.01311492919922,33.1458740234375,6.432319641113281,61.43537902832031,30.833980560302734,221.1591033935547,141.68780517578125,58.01168441772461,223.05030822753906,126.25792694091797,42.899635314941406,55.99009704589844
2018-06-20,43.904449462890625,87.50399780273438,61.79694747924805,186.56312561035156,101.03227233886719,120.26000213623047,58.68314743041992,97.39187622070312,86.06928253173828,93.94454193115234,33.084869384765625,6.485227108001709,61.04903793334961,31.482500076293945,220.9755401611328,142.67196655273438,58.658714294433594,223.45387268066406,126.54824829101562,43.024322509765625,55.81664276123047
2018-06-21,43.65962600708008,86.51100158691406,61.82828140258789,188.3391876220703,99.84420013427734,120.05000305175781,57.958072662353516,96.92105865478516,86.04527282714844,93.27132415771484,33.22111511230469,6.356664657592773,61.5239143371582,30.88322639465332,220.17137145996094,141.27987670898438,58.9381103515625,222.0589599609375,125.67724609375,42.62688446044922,55.28935241699219
2018-06-22,43.53252029418945,85.78350067138672,61.867469787597656,189.3618621826172,100.26850128173828,120.33999633789062,57.95064163208008,98.03030395507812,84.63665771484375,92.5981216430664,33.41022872924805,6.204367160797119,62.32072067260742,31.293691635131836,222.33909606933594,141.19281005859375,59.40131378173828,222.4537811279297,125.85657501220703,43.078311920166016,56.461883544921875
2018-06-25,42.88512420654297,83.15750122070312,61.85963439941406,189.94491577148438,98.48640441894531,119.88999938964844,56.46332550048828,97.83080291748047,83.86833190917969,90.73526000976562,33.837257385253906,5.91188907623291,62.610504150390625,31.06818962097168,219.1399383544922,138.89085388183594,59.24690628051758,219.3744659423828,124.0895767211914,42.48744583129883,55.324058532714844
2018-06-26,43.41716003417969,84.55449676513672,61.961517333984375,188.4558563232422,98.30728912353516,119.26000213623047,56.13324737548828,97.63926696777344,83.92435455322266,91.37158203125,33.91249084472656,5.982844829559326,62.77950668334961,31.025634765625,218.31832885742188,139.56631469726562,59.43808364868164,219.8569793701172,124.37226867675781,42.5425910949707,55.94847869873047
2018-06-27,43.35359191894531,83.02549743652344,62.1103401184082,188.40206909179688,98.02439880371094,118.58000183105469,55.35614776611328,97.04875183105469,82.62777709960938,89.9513931274414,34.17888259887695,5.827829360961914,62.529972076416016,30.21723747253418,216.9197998046875,137.64651489257812,59.210147857666016,218.03221130371094,123.21489715576172,42.01475524902344,56.69084930419922
2018-06-28,43.66904830932617,85.07250213623047,62.0633544921875,187.2179718017578,98.78815460205078,118.22000122070312,55.84382629394531,97.3599624633789,83.9803695678711,90.95661926269531,33.92063903808594,5.9549078941345215,62.81975555419922,30.58313751220703,214.06158447265625,138.3753662109375,59.73952865600586,219.3604736328125,123.98350524902344,42.22745895385742,56.87124252319336
2018-06-29,43.577232360839844,84.98999786376953,62.04763412475586,187.46014404296875,98.82586669921875,118.6500015258789,55.963260650634766,96.83324432373047,83.39614868164062,90.93811798095703,33.96537399291992,5.857002258300781,62.82777404785156,31.110734939575195,214.44613647460938,138.35757446289062,59.886566162109375,219.9157257080078,124.07188415527344,42.621368408203125,57.39854431152344
2018-07-02,44.06453323364258,85.68900299072266,62.00917053222656,186.57212829589844,99.3161849975586,117.45999908447266,56.603580474853516,97.02481842041016,84.10041809082031,92.22924041748047,34.36799621582031,5.98902702331543,62.884124755859375,31.093727111816406,216.3166961669922,138.9086456298828,59.55571365356445,220.1713409423828,124.37226867675781,42.17230224609375,56.72554016113281
2018-07-03,43.297080993652344,84.697998046875,62.134849548339844,185.7917022705078,98.0998306274414,118.6500015258789,55.32343292236328,97.92655181884766,82.92391204833984,91.34392547607422,34.2765007019043,5.855518817901611,62.69900894165039,30.9660701751709,215.87965393066406,139.29966735839844,60.00421142578125,219.28114318847656,124.05426025390625,42.26686096191406,57.058570861816406
2018-07-05,43.64550018310547,84.98650360107422,62.221229553222656,187.60366821289062,99.32561492919922,119.05000305175781,56.56293869018555,99.75405883789062,83.46304321289062,91.9986801147461,34.27242660522461,6.001140117645264,63.75337219238281,31.136266708374023,218.9564208984375,140.57064819335938,60.71742630004883,221.15850830078125,125.1056137084961,42.5425910949707,57.10713577270508
2018-07-06,44.250518798828125,85.53150177001953,62.29188919067383,188.0343017578125,99.59175109863281,118.86000061035156,57.24638366699219,100.35259246826172,83.73666381835938,93.28975677490234,34.63235092163086,6.114868640899658,63.833858489990234,31.71490478515625,219.18362426757812,141.85047912597656,61.040950775146484,223.00059509277344,126.15703582763672,42.771060943603516,57.121002197265625
2018-07-09,44.864952087402344,86.95099639892578,62.236942291259766,189.2183380126953,100.77035522460938,119.1500015258789,57.85102081298828,100.59197998046875,86.32778930664062,93.92607879638672,33.61764144897461,6.162339687347412,62.66679763793945,32.191444396972656,221.72718811035156,142.92593383789062,60.55567169189453,224.9749298095703,127.30558013916016,43.22799301147461,57.516483306884766
2018-07-10,44.8108024597168,87.15350341796875,62.19768142700195,189.90003967285156,100.77984619140625,118.93000030517578,57.84408187866211,101.65335845947266,85.79670715332031,94.17508697509766,34.048744201660156,6.261232376098633,64.24434661865234,32.27653503417969,223.36175537109375,142.5971221923828,60.680660247802734,225.7593536376953,127.63245391845703,43.22799301147461,58.04377365112305
2018-07-11,44.229339599609375,87.75,62.22911071777344,189.22727966308594,102.69034576416016,117.63999938964844,58.058189392089844,100.74359893798828,85.61161804199219,94.04595184326172,34.245994567871094,6.119814872741699,63.7131462097168,31.459625244140625,222.53135681152344,141.53053283691406,60.482139587402344,224.21693420410156,126.72245025634766,42.518951416015625,57.301387786865234
2018-07-12,44.970882415771484,89.83100128173828,62.27621841430664,191.9811553955078,102.88993835449219,118.12999725341797,59.53508758544922,101.95663452148438,85.98178100585938,96.08406066894531,34.26226043701172,6.2112908363342285,63.49582290649414,31.74894142150879,223.8074951171875,142.3215789794922,60.66594314575195,226.13836669921875,127.76498413085938,42.8813591003418,57.37078094482422
2018-07-13,45.041500091552734,90.65149688720703,62.3311767578125,194.2416534423828,104.55327606201172,117.61000061035156,59.69169998168945,100.4962158203125,85.58747100830078,97.22757720947266,34.471702575683594,6.164068222045898,63.833858489990234,32.14038848876953,226.1238250732422,142.09938049316406,60.482139587402344,226.33229064941406,127.84449005126953,43.01529312133789,57.80093002319336
2018-07-16,44.942630767822266,91.12449645996094,62.24481201171875,192.72572326660156,104.74337005615234,117.55000305175781,59.299678802490234,99.50665283203125,88.9832763671875,96.74800872802734,34.46764373779297,6.136379241943359,64.01094818115234,32.15740966796875,224.6204376220703,141.45057678222656,60.15861892700195,226.1912384033203,127.64130401611328,42.928627014160156,57.23201370239258
2018-07-17,45.06974792480469,92.19650268554688,62.221229553222656,192.86024475097656,104.83842468261719,116.27999877929688,60.12089920043945,103.03397369384766,88.9189224243164,97.70709228515625,34.61201477050781,6.2721099853515625,64.41336059570312,32.37015151977539,218.77285766601562,142.1527557373047,59.761600494384766,227.16078186035156,128.22439575195312,43.07042694091797,57.10713577270508
2018-07-18,44.82257843017578,92.14600372314453,62.18982696533203,192.8333282470703,105.20911407470703,116.30999755859375,60.11246871948242,101.98856353759766,89.74774932861328,96.9416732788086,34.45137405395508,6.222911357879639,64.16387176513672,32.685001373291016,223.2568817138672,142.623779296875,59.49690246582031,227.5750274658203,128.50714111328125,43.06254959106445,57.04468536376953
2018-07-19,45.17097854614258,90.64849853515625,62.3076286315918,195.13868713378906,106.57781219482422,115.80999755859375,59.42803955078125,100.50420379638672,88.42804718017578,96.2777099609375,34.62015151977539,6.231069087982178,63.9421272277832,33.87631607055664,221.08041381835938,143.2548065185547,60.19538879394531,226.71128845214844,128.19789123535156,42.84196472167969,56.89899444580078
2018-07-20,45.067405700683594,90.68499755859375,62.166259765625,196.1702880859375,105.96000671386719,116.55999755859375,59.36758041381836,100.43238830566406,89.54656982421875,98.0022201538086,34.563228607177734,6.202885150909424,63.901527404785156,34.65918731689453,220.87937927246094,142.75706481933594,59.61455154418945,226.49972534179688,127.96821594238281,43.172855377197266,56.475765228271484
2018-07-23,45.107421875,90.0999984741211,61.96995162963867,196.30482482910156,105.58929443359375,116.0,60.01780700683594,101.05484771728516,91.21231079101562,99.56995391845703,34.33139419555664,6.166294097900391,63.76346206665039,34.6677131652832,220.9143524169922,142.66819763183594,59.489559173583984,226.93162536621094,128.1714324951172,43.03104782104492,56.475765228271484
2018-07-24,45.434635162353516,91.46199798583984,62.06414031982422,196.0715789794922,105.2186050415039,116.04000091552734,62.354591369628906,103.23347473144531,91.85604858398438,99.28406524658203,34.61201477050781,6.148987770080566,64.1533203125,34.369876861572266,221.80587768554688,141.2461700439453,59.18809509277344,227.9980926513672,128.45411682128906,43.35405349731445,57.59280014038086
2018-07-25,45.86309814453125,93.18049621582031,62.06414031982422,197.97328186035156,105.67485809326172,116.68000030517578,63.236270904541016,102.6429443359375,92.68487548828125,102.20746612548828,34.11178207397461,6.227113723754883,64.54314422607422,34.795345306396484,222.76736450195312,142.0904998779297,59.65867233276367,230.0869598388672,129.5497283935547,43.80310821533203,57.99521255493164
2018-07-26,45.719482421875,90.4000015258789,62.06414031982422,198.8882598876953,107.88948822021484,115.7699966430664,63.71007537841797,103.96765899658203,92.41934967041016,101.09159088134766,34.195152282714844,6.300542831420898,65.04669952392578,34.735774993896484,224.63787841796875,142.72154235839844,59.857173919677734,229.40834045410156,129.33766174316406,43.574642181396484,58.446163177490234
2018-07-27,44.95909118652344,90.8635025024414,62.04847717285156,197.03138732910156,107.04354095458984,115.83000183105469,62.09390640258789,104.9811782836914,93.36886596679688,99.30250549316406,33.9552001953125,6.230822563171387,65.44466400146484,35.271881103515625,223.72012329101562,140.57064819335938,59.217498779296875,227.91876220703125,128.30397033691406,43.637664794921875,56.83652877807617
2018-07-30,44.707218170166016,88.96099853515625,61.97776794433594,196.5470428466797,107.05305480957031,115.6500015258789,60.96144104003906,105.47594451904297,93.93217468261719,97.1722412109375,33.80268478393555,6.035755157470703,65.13603973388672,34.965538024902344,221.87582397460938,139.5129852294922,59.25425720214844,226.60549926757812,127.464599609375,43.66130065917969,56.7116584777832
2018-07-31,44.796669006347656,88.87200164794922,62.02490997314453,196.1881866455078,107.93700408935547,115.98999786376953,60.82168197631836,105.75525665283203,92.49980163574219,97.82701110839844,34.069068908691406,6.053802967071533,65.68831634521484,35.06765365600586,221.33387756347656,140.87286376953125,60.24687576293945,227.75125122070312,128.1890411376953,43.70857620239258,56.552066802978516
2018-08-01,47.43564987182617,89.8584976196289,61.99106216430664,194.7708740234375,107.376220703125,115.13999938964844,61.10765075683594,105.85102081298828,93.07115936279297,98.01141357421875,34.14228439331055,6.093607425689697,65.50151062011719,35.493125915527344,221.46498107910156,140.92620849609375,60.673309326171875,227.4692840576172,128.03890991210938,43.51161193847656,55.7750244140625
2018-08-02,48.822242736816406,91.71649932861328,62.02253341674805,198.3500518798828,107.1671142578125,114.5199966430664,61.51106643676758,104.74175262451172,93.46543884277344,99.20108032226562,34.45747756958008,6.196208953857422,66.59793853759766,35.35697937011719,223.833740234375,142.12608337402344,60.43069839477539,228.6239013671875,128.7987060546875,43.18074035644531,55.441986083984375
2018-08-03,48.96347427368164,91.16449737548828,62.15633773803711,199.16635131835938,108.44075775146484,114.91999816894531,61.36387252807617,105.30039978027344,94.22184753417969,99.63451385498047,34.80316162109375,6.232799530029297,66.8659439086914,35.476104736328125,224.83023071289062,142.0015869140625,61.08505630493164,229.74322509765625,129.23158264160156,43.28314208984375,55.64320373535156
2018-08-06,49.21773147583008,92.38749694824219,62.211456298828125,199.78524780273438,110.19916534423828,114.33000183105469,61.3395881652832,105.35625457763672,94.24601745605469,99.71751403808594,34.77470016479492,6.280517101287842,67.02025604248047,34.94852066040039,224.42813110351562,142.82815551757812,61.0041618347168,230.6069793701172,129.81471252441406,43.09407043457031,55.629310607910156
2018-08-07,48.75631332397461,93.1240005493164,62.101253509521484,200.80789184570312,110.78844451904297,114.58999633789062,62.24010467529297,104.90933227539062,94.5920181274414,100.40914154052734,34.69742202758789,6.352710723876953,67.11773681640625,35.09318542480469,225.2060546875,143.1392822265625,60.89389419555664,231.2504119873047,130.2388153076172,43.338294982910156,56.38556671142578
2018-08-08,48.78926467895508,94.32599639892578,62.08549118041992,201.4537811279297,108.33621215820312,114.91000366210938,62.5121955871582,104.67791748046875,94.78514862060547,100.9717025756836,34.58557891845703,6.3890533447265625,66.88218688964844,35.71437454223633,226.219970703125,142.8637237548828,60.54097366333008,231.12704467773438,130.11514282226562,43.34617233276367,56.01091384887695
2018-08-09,49.17300033569336,94.9260025024414,62.203582763671875,195.76654052734375,108.50728607177734,114.73999786376953,62.66731643676758,104.70186614990234,94.05287170410156,101.13768005371094,34.74216079711914,6.34059476852417,66.11063385009766,35.603763580322266,228.64990234375,143.07699584960938,60.57036590576172,230.836181640625,130.02679443359375,43.22799301147461,55.72645950317383
2018-08-10,49.02653503417969,94.31500244140625,62.329524993896484,197.6234130859375,107.10057067871094,114.69000244140625,62.07506561279297,104.3427505493164,93.12745666503906,100.51983642578125,34.7584228515625,6.2993059158325195,66.13500213623047,34.914485931396484,227.5748291015625,142.623779296875,60.10715866088867,229.26730346679688,129.21397399902344,42.40865707397461,55.67037582397461
2018-08-13,49.343082427978516,94.80999755859375,62.337398529052734,196.95068359375,106.56831359863281,112.95999908447266,61.883262634277344,103.9197769165039,91.64683532714844,99.79127502441406,34.83366394042969,6.332189083099365,66.20809173583984,34.64218521118164,228.05552673339844,141.77943420410156,59.989501953125,228.4035186767578,128.7191925048828,42.085636138916016,55.067543029785156
2018-08-14,49.55097579956055,95.98249816894531,62.29802703857422,199.13946533203125,107.1671142578125,113.06999969482422,62.35409164428711,103.34520721435547,92.2583999633789,101.0362319946289,34.96381378173828,6.463470935821533,66.03754425048828,34.81237030029297,230.30194091796875,143.1837158203125,60.28361892700195,229.87548828125,129.5673370361328,42.16444778442383,54.89229202270508
2018-08-15,49.66674041748047,94.13099670410156,62.3689079284668,198.8434295654297,107.26215362548828,111.19000244140625,61.06948471069336,104.08736419677734,91.49393463134766,99.6661376953125,35.132591247558594,6.405370712280273,66.8415756225586,34.420936584472656,227.7932891845703,141.73497009277344,60.74684524536133,228.18319702148438,128.54249572753906,41.4790153503418,53.93199920654297
2018-08-16,50.394351959228516,94.32599639892578,62.40039825439453,200.20684814453125,106.91047668457031,111.0999984741211,60.665069580078125,105.72334289550781,92.35494995117188,99.64761352539062,35.543357849121094,6.3648223876953125,67.97050476074219,34.38689422607422,229.96978759765625,142.88150024414062,61.23948287963867,230.03411865234375,129.5497283935547,41.72324752807617,54.67500305175781
2018-08-17,51.40072250366211,94.11100006103516,62.471256256103516,202.4405059814453,106.91047668457031,112.12999725341797,60.2581787109375,107.3114242553711,92.35494995117188,99.59209442138672,35.62062454223633,6.052814483642578,67.97050476074219,34.14862823486328,229.2966766357422,143.66363525390625,61.80561065673828,230.8009033203125,130.02679443359375,41.99899673461914,54.85727310180664
2018-08-20,50.899898529052734,93.83550262451172,62.549930572509766,203.93849182128906,106.44474029541016,112.69000244140625,60.56049728393555,109.23468017578125,92.23424530029297,98.9347915649414,35.44371032714844,6.127478122711182,67.92989349365234,34.123104095458984,229.35792541503906,144.05471801757812,61.84971237182617,231.31211853027344,130.274169921875,42.18806457519531,55.24278259277344
2018-08-21,50.800689697265625,94.1709976196289,62.518497467041016,205.00595092773438,106.82493591308594,113.0199966430664,60.335487365722656,108.01371765136719,92.79753112792969,98.11090850830078,35.1041259765625,6.26296329498291,68.14105987548828,34.795345306396484,228.73736572265625,145.46786499023438,61.47473907470703,231.8145751953125,130.76011657714844,42.495323181152344,55.256813049316406
2018-08-22,50.80303955078125,95.24500274658203,62.55778503417969,205.60691833496094,106.397216796875,113.2699966430664,60.55058288574219,107.42314910888672,92.51590728759766,99.11067962646484,34.91704177856445,6.497836112976074,67.7268295288086,34.803863525390625,227.9069366455078,145.71673583984375,61.12916946411133,231.74398803710938,130.8042755126953,42.71590805053711,56.04888916015625
2018-08-23,50.906982421875,95.1449966430664,62.55778503417969,205.87608337402344,106.45425415039062,112.19999694824219,60.521339416503906,107.82217407226562,92.32274627685547,99.57356262207031,34.90076446533203,6.59722375869751,67.60501861572266,34.61664581298828,228.50137329101562,145.31678771972656,60.97475051879883,231.40904235839844,130.5480194091797,42.314117431640625,55.43205642700195
2018-08-24,51.065277099609375,95.26950073242188,62.589332580566406,207.4638214111328,106.38771057128906,114.16000366210938,61.29399871826172,108.49250793457031,92.28255462646484,100.3511962890625,35.11836242675781,6.730236530303955,67.70247650146484,35.09318542480469,231.0011444091797,146.1255645751953,61.33504104614258,232.86343383789062,131.36090087890625,42.70802688598633,55.81056594848633
2018-08-27,51.48576354980469,96.38400268554688,62.51060104370117,206.34251403808594,106.76791381835938,114.58999633789062,62.26141357421875,108.38806915283203,93.91607666015625,101.46210479736328,34.86620330810547,6.821219444274902,67.76747131347656,35.33995819091797,233.44859313964844,146.6944122314453,61.11447525024414,234.61729431152344,132.30624389648438,43.26738357543945,56.35731506347656
2018-08-28,51.901554107666016,96.64099884033203,62.416114807128906,206.54884338378906,107.00553131103516,113.68000030517578,61.74549102783203,107.90608215332031,93.45740509033203,102.0731201171875,34.683189392089844,6.783639907836914,67.79998016357422,36.03773880004883,234.698486328125,146.83663940429688,61.93795394897461,234.7495880126953,132.3856964111328,43.18861389160156,56.27320861816406
2018-08-29,52.67641067504883,99.90499877929688,62.37675857543945,206.48605346679688,106.8819580078125,114.19999694824219,62.67673110961914,108.33988189697266,93.15160369873047,103.70240020751953,34.90424346923828,6.889019966125488,67.8080825805664,37.55241775512695,235.12684631347656,147.37876892089844,61.952659606933594,236.036376953125,133.08375549316406,43.38555908203125,56.679771423339844
2018-08-30,53.16069030761719,100.11900329589844,62.424007415771484,207.5741424560547,106.37820434570312,113.63999938964844,62.17072296142578,108.4122085571289,92.69293975830078,103.63760375976562,34.96565246582031,6.872198104858398,67.74309539794922,36.98228073120117,234.59361267089844,146.85438537597656,61.555625915527344,235.07569885253906,132.5360107421875,42.84196472167969,56.43442153930664
2018-08-31,53.7749137878418,100.635498046875,62.439720153808594,209.6424102783203,106.47325897216797,113.51000213623047,61.048667907714844,108.20329284667969,92.20207977294922,103.9893798828125,34.81622314453125,6.94319486618042,67.3695068359375,37.10141372680664,234.65480041503906,147.236572265625,61.798248291015625,235.08447265625,132.58897399902344,42.6607666015625,56.19609832763672
2018-09-04,53.94737243652344,101.97550201416016,62.34346389770508,211.03628540039062,105.36117553710938,112.93000030517578,60.03317642211914,107.42407989501953,92.6607437133789,103.41542053222656,34.80189895629883,7.017899513244629,67.16645050048828,37.535404205322266,234.698486328125,146.90771484375,61.06299591064453,234.75836181640625,132.4034881591797,42.148677825927734,56.280216217041016
2018-09-05,53.59537887573242,99.74099731445312,62.35924530029297,211.87254333496094,104.42971801757812,113.31999969482422,59.42803955078125,109.14324188232422,92.21011352539062,100.43451690673828,35.127342224121094,6.887287139892578,67.6456527709961,37.6290168762207,233.9381561279297,146.4366455078125,61.41591262817383,234.09725952148438,131.97048950195312,41.76263427734375,57.030242919921875
2018-09-06,52.70477294921875,97.91549682617188,62.453983306884766,212.83474731445312,104.80040740966797,113.54000091552734,58.67918014526367,109.95463562011719,91.81580352783203,100.66593170166016,35.5776481628418,6.746288299560547,67.12583923339844,37.484344482421875,236.490234375,145.69900512695312,61.592384338378906,233.4098358154297,131.5729522705078,41.67597961425781,56.399375915527344
2018-09-07,52.279537200927734,97.60350036621094,62.256656646728516,217.1331787109375,105.47525787353516,113.2300033569336,58.36199188232422,110.31614685058594,91.99285888671875,100.17529296875,35.2255973815918,6.725014686584473,66.52484130859375,38.19063186645508,235.2886505126953,145.45899963378906,60.92329788208008,232.84579467773438,131.2725372314453,41.376609802246094,57.35969543457031
2018-09-10,51.57789993286133,96.95050048828125,62.296146392822266,218.67987060546875,105.19960021972656,113.1500015258789,58.236602783203125,110.22774505615234,91.5019760131836,101.25843811035156,35.21126174926758,6.796010494232178,66.90656280517578,37.969390869140625,227.79013061523438,145.88565063476562,61.19533157348633,233.28646850585938,131.55526733398438,41.42388153076172,57.275577545166016
2018-09-11,52.881935119628906,99.35749816894531,62.16197967529297,219.60614013671875,104.17308044433594,113.22000122070312,58.976539611816406,111.2720947265625,92.08137512207031,102.98031616210938,35.235816955566406,6.748266220092773,66.60607147216797,37.909812927246094,228.9390411376953,146.1878204345703,61.18797302246094,234.1677703857422,131.9970245361328,41.486915588378906,58.081687927246094
2018-09-12,52.22519302368164,99.5,62.20931625366211,218.01451110839844,104.04002380371094,114.16999816894531,58.06512451171875,111.95496368408203,90.99502563476562,103.41542053222656,35.307472229003906,6.634476661682129,67.49942016601562,37.390750885009766,230.3685760498047,146.1433563232422,61.217384338378906,234.19427490234375,132.0059051513672,41.644474029541016,58.27095031738281
2018-09-13,53.48670959472656,99.49349975585938,62.24880599975586,216.9623565673828,105.19010162353516,113.76000213623047,58.58749771118164,112.38074493408203,91.3490982055664,104.52631378173828,35.7372932434082,6.7121500968933105,67.77558898925781,36.95676803588867,232.84181213378906,146.37440490722656,61.518856048583984,235.5251922607422,132.66848754882812,42.01475524902344,57.70317077636719
2018-09-14,52.879573822021484,98.5094985961914,62.1462287902832,211.66575622558594,103.84992218017578,113.0199966430664,58.381317138671875,112.05937957763672,91.33301544189453,104.95215606689453,35.54285430908203,6.838062286376953,67.9055404663086,37.79069900512695,232.68394470214844,146.91656494140625,61.12916946411133,235.6485137939453,132.77452087402344,42.006866455078125,58.123741149902344
2018-09-17,51.47160339355469,95.40149688720703,62.138301849365234,208.62628173828125,103.94497680664062,113.61000061035156,57.48179626464844,112.43696594238281,91.60660552978516,103.81348419189453,35.585838317871094,6.776219367980957,68.42535400390625,37.237571716308594,231.4210205078125,145.31678771972656,61.327693939208984,234.3176727294922,131.9352264404297,41.97535705566406,58.46723175048828
2018-09-18,51.556640625,97.05249786376953,61.99629211425781,210.73953247070312,104.10655212402344,113.44000244140625,57.842594146728516,112.90291595458984,91.97675323486328,104.80404663085938,35.49987030029297,6.704233646392822,68.22227478027344,37.06739044189453,230.91233825683594,146.03671264648438,61.033592224121094,235.595703125,132.6420135498047,42.40078353881836,58.62141418457031
2018-09-19,51.58736038208008,96.32099914550781,61.90160369873047,210.28988647460938,104.35368347167969,113.87999725341797,58.19744873046875,112.83865356445312,94.64834594726562,103.4061508178711,34.625877380371094,6.7279815673828125,68.22227478027344,37.458824157714844,232.7014923095703,145.39674377441406,60.320396423339844,235.8601531982422,132.65968322753906,42.64501190185547,59.32238006591797
2018-09-20,51.97950744628906,97.21499633789062,61.98052215576172,210.352783203125,106.09305572509766,114.2699966430664,59.054847717285156,114.05972290039062,95.4610824584961,105.1373062133789,34.6463508605957,6.586979389190674,69.32682800292969,37.58646774291992,233.63113403320312,146.49887084960938,60.88653564453125,237.75509643554688,133.68453979492188,43.08619689941406,59.45556640625
2018-09-21,51.41962814331055,95.75050354003906,62.019962310791016,211.1082305908203,104.93347930908203,113.48999786376953,58.09089660644531,114.78275299072266,94.83340454101562,105.77608489990234,34.951332092285156,6.516974925994873,69.70042419433594,37.49286651611328,233.87672424316406,146.0189208984375,60.864463806152344,237.587646484375,133.552001953125,43.10982131958008,59.700923919677734
2018-09-24,52.1590461730957,96.71800231933594,61.941036224365234,209.83126831054688,107.18612670898438,113.47000122070312,58.45962142944336,112.8466796875,93.92411804199219,106.15565490722656,34.55218505859375,6.572632789611816,68.44154357910156,38.19914245605469,234.4818572998047,145.29013061523438,59.77150344848633,236.79434204101562,133.0660858154297,42.84196472167969,60.70329284667969
2018-09-25,52.48978805541992,98.72750091552734,61.893741607666016,209.4625701904297,108.00353240966797,113.6500015258789,59.169830322265625,111.37657165527344,93.6585693359375,105.95199584960938,34.151023864746094,6.639671802520752,67.50753784179688,37.58646774291992,231.10533142089844,145.45010375976562,59.77894592285156,236.5034637451172,132.99537658691406,43.08619689941406,60.63319396972656
2018-09-26,52.0716438293457,98.74250030517578,62.05152893066406,210.25387573242188,109.50529479980469,113.05000305175781,59.178253173828125,110.9909439086914,92.55610656738281,105.51687622070312,33.6597900390625,6.60281229019165,67.62126922607422,37.67155838012695,230.5790557861328,144.26800537109375,59.06319808959961,235.81028747558594,132.4829559326172,43.108360290527344,60.128501892089844
2018-09-27,53.14179229736328,100.64900207519531,62.09885787963867,210.42478942871094,110.2942123413086,112.05000305175781,59.837406158447266,111.03915405273438,92.15376281738281,105.9149398803711,33.89313507080078,6.614686012268066,67.29639434814453,38.088523864746094,232.1051025390625,144.42799377441406,59.34650802612305,236.4654083251953,132.79214477539062,43.06085205078125,60.12148666381836
2018-09-28,53.32843017578125,100.1500015258789,62.09885787963867,211.21612548828125,111.14965057373047,112.76000213623047,59.82353210449219,110.99897766113281,90.80191802978516,105.8779067993164,34.30453872680664,6.951605319976807,67.59691619873047,37.57795715332031,233.32415771484375,145.07583618164062,60.15171432495117,236.43887329101562,132.8489990234375,42.75209426879883,59.59578323364258
2018-10-01,53.687503814697266,100.21800231933594,61.98259735107422,211.00924682617188,110.48429870605469,112.56999969482422,59.89539337158203,112.2200698852539,91.33301544189453,107.02583312988281,34.179683685302734,7.157911777496338,67.95426177978516,38.00342559814453,236.00790405273438,143.62132263183594,59.59255599975586,237.3153533935547,133.0531768798828,42.823341369628906,60.14952087402344
2018-10-02,54.16471481323242,98.56549835205078,62.09334182739258,212.53797912597656,111.833984375,113.87000274658203,59.851287841796875,112.8547134399414,91.71119689941406,106.60000610351562,34.660675048828125,7.086668968200684,68.51465606689453,37.118438720703125,237.34974670410156,142.488037109375,59.4583740234375,237.288818359375,132.85791015625,42.56208801269531,60.605140686035156
2018-10-03,54.82381820678711,97.63800048828125,61.776973724365234,209.7053680419922,111.12112426757812,113.41999816894531,60.04407501220703,111.6898422241211,92.57223510742188,106.61849212646484,34.43552780151367,7.092854022979736,67.43448638916016,37.40776824951172,237.58651733398438,143.34469604492188,58.82462692260742,237.4925079345703,133.0354461669922,42.40373611450195,60.38785934448242
2018-10-04,53.85995864868164,95.47100067138672,61.61878204345703,208.33848571777344,110.37974548339844,113.4800033569336,58.336219787597656,111.94694519042969,93.40687561035156,104.41523742675781,34.64225387573242,6.908810615539551,66.53295135498047,36.105812072753906,235.32379150390625,141.42617797851562,58.33256149291992,235.54469299316406,131.9080047607422,41.817874908447266,59.988285064697266
2018-10-05,52.985870361328125,94.48249816894531,61.50811004638672,196.774169921875,109.09660339355469,113.80000305175781,57.87828063964844,111.74610900878906,92.88016510009766,103.80426025390625,35.280853271484375,6.675539493560791,66.71977233886719,35.42505645751953,236.09556579589844,140.26612854003906,58.30272674560547,234.21661376953125,131.05581665039062,41.59619903564453,59.820072174072266
2018-10-08,52.863033294677734,93.22100067138672,61.484344482421875,201.3693084716797,110.27519989013672,112.54000091552734,57.28800964355469,111.97906494140625,93.4473876953125,102.6192855834961,35.47531509399414,6.574366092681885,66.92279815673828,34.85491180419922,235.92897033691406,139.94491577148438,59.14522171020508,234.1546173095703,130.95816040039062,41.43785858154297,60.37383270263672
2018-10-09,53.59537887573242,93.51599884033203,61.60299301147461,201.5851287841797,111.10211944580078,112.5999984741211,56.7552375793457,111.82642364501953,92.79910278320312,103.9245834350586,35.559226989746094,6.568676471710205,66.76036834716797,34.803863525390625,236.8936309814453,139.2042999267578,59.22724151611328,233.8535919189453,130.72732543945312,41.29536056518555,60.64020538330078
2018-10-10,51.112518310546875,87.76249694824219,61.555538177490234,198.7794952392578,107.27165985107422,112.87999725341797,54.12803649902344,110.64547729492188,90.32760620117188,98.27750396728516,35.35863494873047,6.077645301818848,66.14312744140625,33.484886169433594,230.72817993164062,135.2690887451172,58.34747314453125,226.30140686035156,126.56387329101562,40.29780197143555,59.245269775390625
2018-10-11,50.66130065917969,85.96800231933594,61.72951126098633,199.47189331054688,105.6463394165039,115.77999877929688,54.05766296386719,107.52046966552734,87.62110137939453,98.04608154296875,34.60951232910156,5.816421031951904,64.05583953857422,33.1359977722168,225.5010528564453,132.66343688964844,56.67741775512695,221.5380859375,123.86518096923828,39.759437561035156,57.19847869873047
2018-10-12,52.470890045166016,89.43049621582031,61.7137336730957,204.0850372314453,107.03404998779297,115.2300033569336,55.53456497192383,107.5445785522461,86.66490936279297,101.434326171875,34.66477966308594,6.098670482635498,64.21015167236328,33.74868392944336,227.6848602294922,133.21669006347656,56.5283088684082,224.53060913085938,125.49858856201172,40.13153839111328,57.04426193237305
2018-10-15,51.348751068115234,88.04750061035156,61.697906494140625,201.890869140625,107.82295227050781,116.0,54.63751983642578,107.60883331298828,86.17060089111328,99.61061096191406,34.72208786010742,5.822606086730957,65.07916259765625,32.97430419921875,228.2461395263672,133.69857788085938,56.90851974487305,223.2999725341797,124.93934631347656,39.96528625488281,56.6517333984375
2018-10-16,52.48032760620117,90.99800109863281,61.745361328125,204.74151611328125,110.43678283691406,115.80000305175781,56.15604782104492,109.70557403564453,88.01815795898438,102.75817108154297,35.0598030090332,6.081108570098877,65.79390716552734,34.046512603759766,239.05117797851562,137.08047485351562,58.079071044921875,228.05441284179688,127.69126892089844,40.73323440551758,56.918094635009766
2018-10-17,52.2535285949707,91.58650207519531,61.634613037109375,205.46990966796875,111.33023071289062,115.79000091552734,55.88397216796875,112.03530883789062,88.99866485595703,102.48967742919922,34.9636116027832,6.01258659362793,66.48424530029297,33.67209243774414,234.42921447753906,136.68789672851562,57.85541534423828,228.1341094970703,127.65574645996094,40.3928108215332,57.128379821777344
2018-10-18,51.03219985961914,88.53600311279297,61.59505081176758,205.55084228515625,110.4272689819336,115.91999816894531,54.41300964355469,112.06744384765625,87.58866882324219,100.44377899169922,35.11711883544922,5.925266742706299,65.74435424804688,32.795616149902344,233.9994659423828,134.38563537597656,57.743568420410156,224.9290008544922,125.80931854248047,39.71986389160156,57.37372589111328
2018-10-19,51.809417724609375,88.20149993896484,61.56342315673828,206.53102111816406,113.0125961303711,116.01000213623047,54.77330780029297,111.70594024658203,87.44283294677734,100.5918960571289,35.50396728515625,5.6689887046813965,71.52894592285156,32.719032287597656,232.6751708984375,133.18992614746094,58.24308776855469,224.751953125,125.48082733154297,39.949462890625,57.45783996582031
2018-10-22,52.12596130371094,89.46499633789062,61.53971862792969,205.98243713378906,112.41378021240234,115.70999908447266,55.08009719848633,111.40868377685547,86.18682098388672,101.48986053466797,35.34021759033203,5.719701290130615,70.9554214477539,32.948787689208984,229.94766235351562,132.66343688964844,57.43044662475586,223.8223419189453,124.98372650146484,39.88612747192383,56.88303756713867
2018-10-23,52.617347717285156,88.43499755859375,61.62668228149414,205.7036895751953,112.01457977294922,116.38999938964844,55.25553512573242,111.60948944091797,85.28733825683594,100.07347106933594,34.92471694946289,5.468372821807861,71.41423034667969,32.33609390258789,232.2892303466797,131.4945068359375,57.68391036987305,222.47654724121094,124.24689483642578,39.466514587402344,55.96477127075195
2018-10-24,50.8125,83.20999908447266,61.792808532714844,201.21641540527344,106.08357238769531,116.66000366210938,52.39142608642578,110.43661499023438,83.69910430908203,94.72262573242188,35.94197463989258,4.93281364440918,73.29874420166016,31.04265785217285,224.7994842529297,127.05066680908203,58.228179931640625,215.83624267578125,120.38526916503906,38.36603927612305,54.40863800048828
2018-10-25,51.925167083740234,89.1084976196289,61.72162628173828,203.59046936035156,108.50728607177734,116.4000015258789,54.694515228271484,111.23995971679688,84.97132110595703,100.25860595703125,35.450740814208984,5.141347408294678,72.92182922363281,31.817018508911133,231.7454833984375,129.46885681152344,58.9737548828125,219.70529174804688,122.64899444580078,38.85690689086914,54.89229202270508
2018-10-26,51.09834671020508,82.1405029296875,61.83235168457031,196.20758056640625,107.58533477783203,116.7699966430664,53.71123123168945,110.03495788574219,83.8044204711914,99.01810455322266,34.77324676513672,4.905109405517578,71.98776245117188,31.204341888427734,226.43077087402344,127.6931381225586,57.55717849731445,215.8185577392578,120.52728271484375,38.53229904174805,54.3455696105957
2018-10-29,50.13920974731445,76.94400024414062,61.776973724365234,200.01144409179688,107.44274139404297,116.30999755859375,51.28177261352539,110.50090789794922,84.96321105957031,96.1390380859375,35.36478805541992,4.591689586639404,72.29914855957031,30.915027618408203,224.974853515625,127.11314392089844,58.28782653808594,214.70297241210938,119.86151885986328,38.31061935424805,54.00909423828125
2018-10-30,50.38962936401367,76.52100372314453,61.689979553222656,204.9573211669922,109.07757568359375,115.80000305175781,52.0142822265625,113.07158660888672,86.46234130859375,96.02793884277344,35.52238082885742,5.021621227264404,73.0775146484375,32.14889907836914,226.5184326171875,129.46885681152344,59.08556365966797,217.98770141601562,121.73461151123047,38.76981735229492,55.221771240234375
2018-10-31,51.703102111816406,79.90049743652344,61.56342315673828,205.59579467773438,109.14412689208984,115.1500015258789,54.04972839355469,112.4610824584961,88.34229278564453,98.8792495727539,35.307472229003906,5.215313911437988,72.65966033935547,32.42119598388672,229.21092224121094,130.39694213867188,58.39220428466797,220.27197265625,123.00403594970703,39.09441375732422,55.85262680053711
2018-11-01,52.49686813354492,83.27649688720703,61.6776123046875,206.4680938720703,110.35122680664062,116.62999725341797,53.82175064086914,113.12786102294922,88.30989074707031,98.05535125732422,34.891971588134766,5.395397663116455,73.40525817871094,33.2296028137207,228.8425750732422,132.8597869873047,58.66807174682617,222.55624389648438,124.39779663085938,39.806949615478516,56.54658508300781
2018-11-02,49.01470947265625,83.27649688720703,61.44767379760742,206.97164916992188,109.47679138183594,116.6500015258789,53.10361862182617,113.015380859375,87.82367706298828,98.27750396728516,34.417110443115234,5.316486358642578,73.58551025390625,32.999839782714844,228.9127197265625,133.12744140625,58.183441162109375,221.17506408691406,123.89178466796875,40.028629302978516,57.44382858276367
2018-11-05,47.62327194213867,81.38999938964844,61.49519348144531,210.82936096191406,109.73340606689453,116.37000274658203,52.32254409790039,114.23645782470703,88.39903259277344,99.52727508544922,34.94110107421875,5.238564491271973,74.72440338134766,32.744544982910156,228.9127197265625,133.22560119628906,59.04828643798828,222.4322967529297,124.49545288085938,40.03654098510742,57.22650909423828
2018-11-06,48.13827133178711,82.1405029296875,61.48735427856445,212.86178588867188,110.93102264404297,116.04000091552734,53.00846481323242,114.53372955322266,88.81230163574219,99.7217025756836,35.094600677490234,5.221001148223877,74.97842407226562,32.95730209350586,231.131591796875,133.82351684570312,59.34650802612305,223.8400115966797,125.20561981201172,40.12363052368164,57.471858978271484
2018-11-07,49.59821319580078,87.77449798583984,61.542808532714844,216.15304565429688,111.25418853759766,116.02999877929688,54.92496871948242,116.2850341796875,90.3357162475586,103.6468734741211,35.52033233642578,5.288532733917236,74.79812622070312,33.34022521972656,240.8578643798828,136.0811004638672,60.05479049682617,228.5679473876953,127.76229095458984,40.6619987487793,58.20085906982422
2018-11-08,49.42517852783203,87.74549865722656,61.439781188964844,215.16148376464844,110.25617218017578,115.77999877929688,54.25044631958008,116.72686767578125,91.06499481201172,103.45244598388672,35.60630416870117,5.095584392547607,74.85550689697266,32.93177032470703,242.62942504882812,135.5546417236328,60.09953689575195,228.17835998535156,127.51372528076172,40.20279312133789,57.275577545166016
2018-11-09,48.4721794128418,85.62149810791016,61.59036636352539,214.29611206054688,112.15715026855469,114.4800033569336,53.377685546875,116.75900268554688,90.1817626953125,101.434326171875,36.13848114013672,5.0876688957214355,75.71581268310547,32.395668029785156,242.5417022705078,133.72537231445312,60.09206771850586,226.07118225097656,126.20878601074219,39.78319549560547,57.26142120361328
2018-11-12,46.030426025390625,81.84249877929688,61.68557357788086,211.3576202392578,110.92152404785156,113.66000366210938,52.006839752197266,116.98387908935547,88.28557586669922,98.9347915649414,36.533504486083984,4.688660621643066,75.95343017578125,31.536212921142578,238.88450622558594,131.28924560546875,60.211360931396484,221.70626831054688,123.78527069091797,39.14983367919922,56.52503204345703
2018-11-13,45.57052993774414,81.55850219726562,61.65380859375,211.05116271972656,111.06410217285156,113.69999694824219,51.93795394897461,116.22880554199219,88.80418395996094,98.9996109008789,36.56830978393555,4.93034029006958,76.58428955078125,31.825536727905273,236.11309814453125,131.083984375,60.15171432495117,221.33441162109375,123.60773468017578,39.355682373046875,55.22925567626953
2018-11-14,44.28328323364258,79.95050048828125,61.70142364501953,210.30300903320312,111.32073211669922,114.63999938964844,52.26554489135742,115.88334655761719,86.97284698486328,97.59567260742188,36.191680908203125,4.877898216247559,76.6006851196289,32.199951171875,232.37698364257812,130.13816833496094,60.00260543823242,219.82044982910156,122.70225524902344,39.47443389892578,54.7973518371582
2018-11-15,45.37613296508789,80.97200012207031,61.70934295654297,207.2653045654297,111.31122589111328,114.7699966430664,53.08181381225586,116.08421325683594,89.19315338134766,99.743408203125,36.67473220825195,5.006531238555908,76.87925720214844,32.778602600097656,232.35940551757812,131.78900146484375,59.59255599975586,222.09585571289062,124.08712005615234,39.759437561035156,55.363792419433594
2018-11-16,45.87871170043945,79.67050170898438,61.84410858154297,208.2388153076172,110.43678283691406,115.62000274658203,52.94403076171875,117.28118133544922,89.1282958984375,100.68244171142578,36.922401428222656,4.067512035369873,76.87110900878906,31.37452507019043,237.7706756591797,132.06561279296875,60.233734130859375,222.66250610351562,124.35345458984375,39.759437561035156,55.90902328491211
2018-11-19,44.06044387817383,75.614501953125,61.84410858154297,206.1836700439453,109.70490264892578,115.66999816894531,50.91948318481445,118.67899322509766,89.80899047851562,97.27027130126953,37.25398635864258,3.579451084136963,76.4368667602539,30.676755905151367,233.33291625976562,129.43319702148438,60.31575012207031,218.97044372558594,122.19623565673828,39.41901397705078,56.09311294555664
2018-11-20,41.95532989501953,74.77300262451172,61.80446243286133,197.68356323242188,106.3306884765625,115.66999816894531,51.06965255737305,117.65072631835938,87.8803939819336,94.56468200683594,36.5908203125,3.6877987384796143,75.4618148803711,30.327865600585938,229.3424530029297,127.24695587158203,59.69693374633789,214.9420166015625,120.02127075195312,38.619388580322266,54.49995422363281
2018-11-21,41.90791702270508,75.83650207519531,61.86793518066406,197.01654052734375,107.4332504272461,115.86000061035156,51.71295166015625,114.0677719116211,87.22404479980469,95.86634063720703,36.0606803894043,3.579698324203491,74.89646911621094,30.778852462768555,228.50929260253906,128.87098693847656,59.74912643432617,215.65914916992188,120.60716247558594,39.213172912597656,54.91773986816406
2018-11-23,40.84351348876953,75.10299682617188,61.8599853515625,198.359619140625,106.5302963256836,115.7699966430664,51.05230712890625,114.26055145263672,86.42180633544922,95.82915496826172,36.296077728271484,3.5868723392486572,75.00296783447266,30.600170135498047,229.4477081298828,128.84425354003906,59.62983703613281,214.26913452148438,119.95915222167969,38.96773147583008,53.4520149230957
2018-11-26,41.39586639404297,79.06649780273438,61.812381744384766,197.80970764160156,106.97700500488281,115.63999938964844,52.33295440673828,114.29293823242188,88.53677368164062,98.99031829833984,36.23466873168945,3.7860052585601807,75.33071899414062,31.34900665283203,233.42938232421875,130.5664520263672,59.74164962768555,217.6247100830078,121.8233871459961,39.48234558105469,54.50703811645508
2018-11-27,41.305782318115234,79.07099914550781,61.852054595947266,201.01870727539062,108.26016998291016,114.94999694824219,52.15156173706055,115.78855895996094,88.90953826904297,99.61321258544922,36.43321228027344,3.8028266429901123,75.96980285644531,31.314970016479492,237.80575561523438,129.5938262939453,59.99515914916992,218.30642700195312,121.97427368164062,39.38734436035156,54.556602478027344
2018-11-28,42.89409637451172,83.88749694824219,61.88373947143555,207.62586975097656,110.35122680664062,115.37999725341797,54.10969161987305,118.39185333251953,89.89813995361328,103.31362915039062,36.443450927734375,3.959658622741699,76.2074203491211,32.344608306884766,246.40069580078125,132.58316040039062,60.53195571899414,223.40621948242188,124.81502532958984,40.06821060180664,55.547889709472656
2018-11-29,42.564579010009766,83.67849731445312,61.93132781982422,208.22079467773438,110.83597564697266,115.73999786376953,54.24797058105469,117.91484069824219,89.18505859375,102.44896697998047,36.48051834106445,3.896517038345337,76.0517349243164,32.27653503417969,247.80381774902344,132.43142700195312,60.546871185302734,222.94578552246094,124.584228515625,39.87028503417969,55.979820251464844
2018-11-30,42.33464050292969,84.50849914550781,61.955101013183594,208.47320556640625,109.77143096923828,115.54000091552734,54.99483871459961,118.76372528076172,90.1007308959961,103.09981536865234,37.425907135009766,4.046820640563965,77.43643188476562,31.987207412719727,247.54872131347656,133.2523956298828,61.120933532714844,224.42434692382812,125.48082733154297,39.751522064208984,56.291358947753906
2018-12-03,43.81389617919922,88.61799621582031,62.05208969116211,209.19430541992188,110.0090560913086,116.41000366210938,55.32740020751953,118.20592498779297,90.95155334472656,104.21548461914062,37.58655548095703,4.210496425628662,76.46139526367188,32.95730209350586,251.92147827148438,134.63551330566406,61.44898986816406,227.1956024169922,126.945556640625,40.32155227661133,57.509239196777344
2018-12-04,41.88657760620117,83.41999816894531,62.20309829711914,204.0293426513672,107.28117370605469,117.12000274658203,52.65658950805664,118.06036376953125,86.89180755615234,100.89628601074219,37.52064514160156,3.8903262615203857,76.45321655273438,31.859561920166016,245.07643127441406,129.50457763671875,60.53940200805664,220.1479949951172,122.79988861083984,39.339839935302734,56.24181365966797
2018-12-06,41.4195671081543,84.95950317382812,62.31439971923828,210.20382690429688,108.66887664794922,117.13999938964844,53.43021774291992,117.96337890625,85.23873138427734,101.51919555664062,37.62157440185547,3.9195451736450195,76.64985656738281,31.36602210998535,243.58074951171875,129.31716918945312,62.037986755371094,219.5902099609375,122.64899444580078,39.01523971557617,55.505409240722656
2018-12-07,39.94266128540039,81.45649719238281,62.44157791137695,202.68626403808594,107.26083374023438,118.08999633789062,51.86906814575195,117.5752944946289,83.69910430908203,97.4561996459961,37.66275405883789,3.6550896167755127,75.74857330322266,31.076698303222656,236.83238220214844,126.63123321533203,61.22533416748047,214.490478515625,119.75495910644531,38.508548736572266,54.97435760498047
2018-12-10,40.20581817626953,82.05149841308594,62.50517272949219,200.70323181152344,107.1458969116211,117.68000030517578,52.196163177490234,117.43782043457031,82.13516998291016,100.03163146972656,37.611270904541016,3.7603259086608887,76.22381591796875,31.000112533569336,234.50086975097656,126.04232025146484,60.83016586303711,214.7472686767578,119.88811492919922,38.17604064941406,54.195499420166016
2018-12-11,39.97584915161133,82.16200256347656,62.51308059692383,204.1645050048828,107.25125885009766,117.54000091552734,52.61594009399414,118.44033813476562,81.33294677734375,100.96138000488281,37.68748092651367,3.6694514751434326,76.94483947753906,31.229860305786133,235.10792541503906,125.87281036376953,60.860008239746094,214.80921936035156,119.86151885986328,38.302703857421875,54.29460525512695
2018-12-12,40.0872802734375,83.177001953125,62.449462890625,205.3363494873047,107.48114013671875,117.79000091552734,53.21464157104492,118.9254379272461,81.85964965820312,101.41696166992188,37.343505859375,3.6870319843292236,77.04315948486328,31.808513641357422,238.1169891357422,126.84539794921875,59.92060089111328,215.99560546875,120.5450210571289,38.90439987182617,53.827274322509766
2018-12-13,40.525848388671875,82.91899871826172,62.497215270996094,204.17352294921875,108.61141204833984,117.52999877929688,53.20521545410156,119.52369689941406,81.94068145751953,101.76094818115234,37.526824951171875,3.6867835521698,79.05874633789062,31.765972137451172,239.44546508789062,125.31956481933594,60.26690673828125,215.92478942871094,120.25212097167969,38.84898376464844,54.50703811645508
2018-12-14,39.22910690307617,79.59549713134766,62.552818298339844,186.64151000976562,107.4715576171875,117.05999755859375,52.12330627441406,107.52607727050781,81.26811981201172,98.5811996459961,37.32910919189453,3.6263654232025146,79.18161010742188,31.085206985473633,233.17227172851562,123.5794906616211,60.093379974365234,211.94061279296875,118.17483520507812,38.31061935424805,53.515743255615234
2018-12-17,38.86404037475586,76.04550170898438,62.672061920166016,182.2877960205078,105.9581527709961,117.87000274658203,50.831764221191406,104.40536499023438,80.23088073730469,95.66181182861328,36.17775344848633,3.5552992820739746,76.0107650756836,30.821409225463867,227.0574951171875,120.53661346435547,57.8299560546875,207.61354064941406,115.6536636352539,37.98603057861328,52.42531967163086
2018-12-18,39.368995666503906,77.5739974975586,62.767425537109375,182.97288513183594,104.83745574951172,118.1500015258789,51.71195983886719,105.4402084350586,79.85004425048828,96.66595458984375,36.24982833862305,3.6384987831115723,75.7813491821289,31.280925750732422,222.5703582763672,120.56339263916016,58.42601776123047,207.53335571289062,115.61812591552734,38.03351974487305,50.98086166381836
2018-12-19,38.1409912109375,74.75399780273438,62.87869644165039,181.5486602783203,104.61714172363281,117.43000030517578,51.31795120239258,103.16841888427734,78.8371353149414,96.4056167602539,35.945011138916016,3.4297564029693604,75.18323516845703,30.829917907714844,220.2300262451172,118.4217758178711,57.78467559814453,204.2220001220703,113.8426742553711,37.59809112548828,50.11701965332031
2018-12-20,37.17851638793945,73.04149627685547,62.79131317138672,177.69068908691406,102.4906997680664,119.23999786376953,50.72917556762695,103.7020263671875,78.15645599365234,94.37875366210938,36.02532958984375,3.3453192710876465,74.54415893554688,30.532085418701172,213.3057861328125,116.431884765625,56.91706085205078,200.86607360839844,112.00506591796875,37.55058288574219,48.594669342041016
2018-12-21,35.73244857788086,68.87249755859375,62.79131317138672,175.3380889892578,99.82786560058594,118.72000122070312,49.12688064575195,103.5564956665039,76.30887603759766,91.32917785644531,35.86055374145508,3.208385944366455,74.53596496582031,30.38743019104004,209.698486328125,113.79056549072266,56.1248664855957,196.8692169189453,109.62593841552734,36.97263717651367,48.23357009887695
2018-12-24,34.807899475097656,67.197998046875,62.80565643310547,171.25482177734375,96.12095642089844,120.0199966430664,48.800777435302734,99.31201934814453,74.6639175415039,87.51720428466797,34.61859893798828,3.1467297077178955,71.57810974121094,30.030025482177734,204.94741821289062,111.20340728759766,54.12552261352539,191.4481201171875,106.885498046875,36.585350036621094,46.3855094909668
2018-12-26,37.25910949707031,73.54499816894531,62.67013931274414,179.04286193847656,101.37001037597656,119.66000366210938,51.932010650634766,102.44078826904297,77.7593765258789,93.49547576904297,35.08409118652344,3.295795440673828,73.81490325927734,31.280925750732422,214.1064453125,116.5607681274414,55.93624496459961,201.13311767578125,112.02886199951172,37.48157501220703,48.601749420166016
2018-12-27,37.01730728149414,73.08200073242188,62.80565643310547,181.25125122070312,102.03092193603516,120.56999969482422,52.18228530883789,103.00672912597656,78.63453674316406,94.07190704345703,35.45893478393555,3.248004674911499,75.39625549316406,31.297937393188477,216.41162109375,117.20690155029297,55.92870330810547,203.00245666503906,113.03787994384766,37.48957824707031,48.814170837402344
2018-12-28,37.03628158569336,73.9010009765625,62.95698165893555,182.11656188964844,102.778076171875,121.05999755859375,51.8740234375,102.8935546875,78.4643783569336,93.33744049072266,35.57427215576172,3.3094141483306885,74.70802307128906,31.60428810119629,216.649169921875,117.33252716064453,56.10978698730469,202.74429321289062,112.89501190185547,37.69762420654297,48.268959045410156
2018-12-31,37.39424514770508,75.09850311279297,63.11640548706055,183.6219024658203,105.02901458740234,121.25,51.78878402709961,104.33259582519531,79.10452270507812,94.43455505371094,35.800846099853516,3.3057000637054443,75.31432342529297,31.408573150634766,219.18301391601562,118.44530487060547,56.26066970825195,204.5691680908203,113.96656036376953,37.7856559753418,48.28312301635742
2019-01-02,37.43692398071289,76.95649719238281,63.24386215209961,184.5683135986328,104.377685546875,121.33000183105469,52.2705078125,103.2816162109375,80.4739761352539,94.01614379882812,34.97903823852539,3.3730521202087402,74.78995513916016,31.076698303222656,214.2296142578125,118.34657287597656,55.03843307495117,204.72940063476562,114.05586242675781,37.71363067626953,49.3452262878418
2019-01-03,33.70791244506836,75.01399993896484,63.49092483520508,180.6563262939453,101.84893798828125,122.43000030517578,50.82284164428711,101.64041137695312,79.33030700683594,90.55748748779297,34.89253616333008,3.169261932373047,74.26558685302734,29.23863983154297,208.3875732421875,116.32746124267578,55.423221588134766,199.84237670898438,111.41272735595703,37.28953170776367,48.58759689331055
2019-01-04,35.14688491821289,78.76950073242188,63.29963684082031,185.90243530273438,104.99070739746094,121.44000244140625,53.42972183227539,103.34628295898438,82.2548599243164,94.76924896240234,35.535125732421875,3.372310161590576,75.7813491821289,29.757719039916992,210.8246307373047,120.45542907714844,56.072052001953125,206.43850708007812,115.10057830810547,38.505828857421875,50.37900924682617
2019-01-07,35.06867599487305,81.47550201416016,63.20402526855469,186.58746337890625,105.90066528320312,121.86000061035156,53.32317352294922,102.68335723876953,82.31204223632812,94.89009857177734,35.483646392822266,3.5508415699005127,75.47821807861328,29.978975296020508,211.22940063476562,122.45655822753906,56.6228141784668,207.9873504638672,116.26143646240234,38.62586975097656,50.64098358154297
2019-01-08,35.73716735839844,82.8290023803711,63.12436294555664,187.9845733642578,106.72443389892578,121.52999877929688,53.79151916503906,105.06832885742188,82.15681457519531,95.57811737060547,35.74317169189453,3.462442636489868,75.75675964355469,29.732194900512695,214.05364990234375,124.38594055175781,57.7922477722168,210.00804138183594,117.45795440673828,38.90593719482422,51.00917434692383
2019-01-09,36.34407043457031,82.97100067138672,63.21199035644531,189.20143127441406,107.92174530029297,122.30999755859375,53.60715103149414,104.235595703125,82.01795196533203,96.94483184814453,35.58870315551758,3.5305373668670654,74.5195541381836,30.302331924438477,214.36158752441406,125.48074340820312,57.709251403808594,210.97830200195312,118.01161193847656,39.426063537597656,51.27825164794922
2019-01-10,36.460227966308594,82.81099700927734,63.08450698852539,189.86856079101562,108.04627227783203,121.58999633789062,53.46738815307617,104.8662109375,82.00977325439453,96.32192993164062,36.12419891357422,3.596156358718872,74.6998291015625,30.991594314575195,215.4437713623047,126.36016845703125,58.4938850402832,211.85960388183594,118.59201049804688,39.554100036621094,51.016273498535156
2019-01-11,36.10224914550781,82.02799987792969,63.21199035644531,189.75132751464844,107.90259552001953,121.80000305175781,52.755699157714844,104.89854431152344,81.61764526367188,95.57811737060547,36.19010925292969,3.6852989196777344,75.19143676757812,31.153287887573242,217.90725708007812,126.53960418701172,58.65988540649414,211.76170349121094,118.61878204345703,39.298030853271484,50.7826042175293
2019-01-14,35.55937576293945,80.8604965209961,63.15623092651367,188.39022827148438,107.68228912353516,122.08999633789062,52.11339569091797,103.71011352539062,82.4591064453125,94.88084411621094,35.267391204833984,3.7251644134521484,74.68346405029297,30.429977416992188,218.25039672851562,125.63328552246094,58.46371078491211,210.59556579589844,117.86870574951172,39.12998962402344,50.718875885009766
2019-01-15,36.28716278076172,83.72799682617188,63.164188385009766,190.2200469970703,107.05010986328125,121.87999725341797,53.848018646240234,104.58324432373047,83.06359100341797,97.63286590576172,35.9862174987793,3.7110509872436523,75.38805389404297,30.668243408203125,226.00173950195312,126.67427825927734,59.02204895019531,213.0613555908203,119.15458679199219,39.3780517578125,50.74720001220703
2019-01-16,36.730472564697266,84.18900299072266,63.188087463378906,189.45387268066406,106.23592376708984,122.2699966430664,53.99669647216797,103.51605224609375,83.73345947265625,97.97687530517578,35.97797393798828,3.685546398162842,74.86369323730469,30.327865600585938,230.0400848388672,127.49085235595703,59.43698501586914,213.53317260742188,119.49388885498047,39.53810501098633,50.7259635925293
2019-01-17,36.94856643676758,84.66100311279297,63.11640548706055,190.60765075683594,106.33171844482422,122.11000061035156,54.47297668457031,104.36493682861328,84.0765609741211,98.6648941040039,36.144798278808594,3.7568602561950684,74.85295104980469,30.8809757232666,228.55323791503906,128.66647338867188,59.72367477416992,215.1265106201172,120.45823669433594,39.714141845703125,51.07291030883789
2019-01-18,37.17615509033203,84.80999755859375,63.06856918334961,192.52764892578125,106.36043548583984,121.0199966430664,54.87838363647461,105.65849304199219,85.44078063964844,100.14320373535156,36.268375396728516,3.885869264602661,75.49708557128906,31.34900665283203,233.59457397460938,130.29965209960938,59.92738342285156,218.01956176757812,122.02091217041016,40.034217834472656,51.681846618652344
2019-01-22,36.34170150756836,81.6084976196289,63.180091857910156,191.45494079589844,105.9389877319336,121.44999694824219,53.457481384277344,104.13050079345703,84.0928955078125,98.25579071044922,36.53407287597656,3.6838128566741943,74.68778991699219,30.949058532714844,233.76181030273438,128.30751037597656,59.74632263183594,215.11761474609375,120.35113525390625,39.426063537597656,50.90297317504883
2019-01-23,36.48867416381836,82.0009994506836,63.24386215209961,191.175537109375,106.43707275390625,121.27999877929688,53.74394226074219,104.13050079345703,83.88050842285156,99.21341705322266,36.94601058959961,3.6966891288757324,78.3214111328125,31.05116081237793,234.93197631835938,128.0562286376953,59.75385665893555,215.4380645751953,120.47612762451172,39.6661262512207,50.4852294921875
2019-01-24,36.19944381713867,82.74649810791016,63.379337310791016,189.5710906982422,105.89109802246094,121.08999633789062,53.723628997802734,102.6994857788086,83.92951202392578,98.7392807006836,37.131370544433594,3.908402681350708,77.87548065185547,32.029762268066406,234.1489715576172,128.9805145263672,59.95756530761719,215.6516876220703,120.72613525390625,39.8101692199707,50.55602264404297
2019-01-25,37.398990631103516,83.52850341796875,63.30765151977539,188.45330810546875,106.4083251953125,122.86000061035156,54.5914306640625,103.669677734375,84.46050262451172,99.64112854003906,35.87910461425781,3.965601921081543,77.29740142822266,32.45523452758789,235.838134765625,130.59585571289062,60.704490661621094,217.48544311523438,121.86017608642578,40.250274658203125,50.7826042175293
2019-01-28,37.05287551879883,81.89450073242188,63.33151626586914,189.98568725585938,106.14014434814453,123.29000091552734,53.518436431884766,104.28409576416016,84.86077880859375,97.69799041748047,35.52278137207031,3.4173758029937744,77.23133087158203,31.859561920166016,234.71200561523438,130.2279052734375,61.30051040649414,215.8030548095703,120.96723937988281,40.034217834472656,50.44272232055664
2019-01-29,36.6688346862793,79.69400024414062,63.459022521972656,189.5710906982422,106.2263412475586,123.9800033569336,53.03274917602539,105.36743927001953,85.09769439697266,95.70829772949219,35.603118896484375,3.258652687072754,77.24787139892578,30.915027618408203,235.21348571777344,130.1201934814453,61.78335952758789,215.5360107421875,120.79757690429688,40.11424255371094,50.6338996887207
2019-01-30,39.17458724975586,83.52149963378906,63.522804260253906,190.50845336914062,105.4887924194336,124.69000244140625,54.41697311401367,106.42652893066406,85.29374694824219,98.9066162109375,35.75345993041992,3.4020237922668457,78.0571517944336,31.808513641357422,237.87933349609375,131.43939208984375,62.281341552734375,218.94534301757812,122.61915588378906,40.59436798095703,51.18620681762695
2019-01-31,39.45669937133789,85.9365005493164,63.81760787963867,193.4650421142578,106.8202133178711,124.75,55.79970932006836,107.59073638916016,84.55036926269531,97.0936050415039,36.86361312866211,3.559508800506592,79.66752624511719,32.01274108886719,237.7298126220703,132.31881713867188,62.9301643371582,220.77017211914062,123.69965362548828,40.68239212036133,51.88718032836914
2019-02-01,39.47566604614258,81.3115005493164,63.640235900878906,189.53500366210938,106.60948944091797,124.5,55.43939971923828,108.49620056152344,84.86077880859375,95.55953979492188,36.62470626831055,3.5837745666503906,80.49335479736328,31.9702091217041,236.4276885986328,132.9020538330078,62.53028106689453,220.95709228515625,123.87820434570312,40.618370056152344,53.75647735595703
2019-02-04,40.59695816040039,81.66549682617188,63.58432388305664,190.35519409179688,107.08840942382812,123.95999908447266,56.56938934326172,107.42903900146484,85.1630630493164,98.31159210205078,36.6823616027832,3.6939659118652344,80.95581817626953,32.28504180908203,235.97898864746094,134.2301788330078,62.99806213378906,222.53273010253906,124.76228332519531,40.754417419433594,52.97760009765625
2019-02-05,41.291561126708984,82.94049835205078,63.72017288208008,190.74290466308594,107.91218566894531,124.27999877929688,57.08729934692383,107.42903900146484,84.78726196289062,99.68762969970703,36.69679260253906,3.7130322456359863,80.46858215332031,32.54884338378906,234.30731201171875,134.68780517578125,63.36021423339844,223.52078247070312,125.28015899658203,41.114498138427734,53.522823333740234
2019-02-06,41.305782318115234,82.01300048828125,63.696163177490234,190.7338409423828,106.71484375,123.44000244140625,55.651031494140625,107.52607727050781,84.74642181396484,98.5811996459961,36.6823616027832,3.788555860519409,80.86497497558594,32.96580123901367,237.11390686035156,134.51736450195312,62.94525909423828,223.24484252929688,125.15509796142578,40.82643127441406,53.289154052734375
2019-02-07,40.52348327636719,80.71849822998047,63.74409484863281,188.9442596435547,106.27422332763672,123.73999786376953,54.80949020385742,106.75801086425781,83.63541412353516,97.87459564208984,37.35175704956055,3.6503841876983643,80.22083282470703,32.43821716308594,236.6739959716797,133.5841064453125,63.46585464477539,221.05503845214844,123.96751403808594,40.290287017822266,52.87848663330078
2019-02-08,40.57109069824219,79.41100311279297,63.83992385864258,187.76931762695312,106.81063842773438,124.20999908447266,54.63454055786133,107.04096221923828,82.80219268798828,98.24649810791016,37.693660736083984,3.6689560413360596,80.69154357910156,32.15740966796875,230.42723083496094,133.8174285888672,63.46585464477539,221.33985900878906,124.09253692626953,40.13825225830078,52.964393615722656
2019-02-11,40.337772369384766,79.55000305175781,63.81599807739258,188.6460418701172,104.82787322998047,123.5999984741211,54.62165451049805,106.71756744384766,82.41007232666016,97.85598754882812,37.693660736083984,3.6263654232025146,81.15399932861328,32.5828857421875,226.23928833007812,134.61607360839844,63.63935470581055,221.45556640625,124.35147094726562,40.058223724365234,53.05030822753906
2019-02-12,40.68536376953125,81.90049743652344,63.8079833984375,191.52015686035156,104.59799194335938,123.86000061035156,55.88347625732422,108.46387481689453,83.81514739990234,99.38081359863281,37.7472038269043,3.74324107170105,81.9715805053711,32.88071060180664,231.83499145507812,136.20443725585938,63.239501953125,224.32196044921875,125.90523529052734,40.48233413696289,53.98101806640625
2019-02-13,40.51632308959961,82.0,63.712127685546875,192.3336181640625,105.55583953857422,123.37000274658203,55.935508728027344,108.69832611083984,84.21541595458984,99.3064193725586,37.66069793701172,3.7855846881866455,81.95506286621094,32.44672393798828,232.09890747070312,136.59930419921875,63.56393051147461,224.99844360351562,126.29813385009766,40.426326751708984,54.58955383300781
2019-02-14,40.6639518737793,81.13249969482422,63.824005126953125,193.2735595703125,105.99646759033203,124.05999755859375,55.96376037597656,108.58514404296875,83.6680908203125,99.39009094238281,37.611270904541016,3.8264408111572266,81.3109359741211,32.38716506958008,233.44503784179688,136.77877807617188,63.76762390136719,224.49996948242188,126.07492065429688,40.44233703613281,54.60387420654297
2019-02-15,40.57346725463867,80.39749908447266,63.84796905517578,195.65065002441406,107.84512329101562,124.80000305175781,55.48946762084961,110.2586669921875,86.22503662109375,100.61736297607422,37.90580368041992,3.8960208892822266,81.32743072509766,32.412689208984375,238.54803466796875,138.4748077392578,64.19766998291016,226.974609375,127.45895385742188,40.85044479370117,55.63481521606445
2019-02-19,40.69489288330078,81.37899780273438,63.903846740722656,197.14193725585938,108.72635650634766,126.69999694824219,55.8304443359375,109.7008285522461,85.92276763916016,100.57086944580078,38.17973709106445,3.878687858581543,82.57440948486328,32.727542877197266,237.91468811035156,138.66323852539062,64.18258666992188,227.3663330078125,127.70897674560547,41.06648254394531,56.00709915161133
2019-02-20,40.9567756652832,81.1050033569336,63.879859924316406,196.22906494140625,108.8891830444336,126.4800033569336,55.53703689575195,110.23440551757812,86.33940124511719,100.04801177978516,38.23534393310547,3.925982713699341,81.98810577392578,33.18703842163086,237.1227264404297,139.03115844726562,63.78270721435547,227.8915252685547,127.97691345214844,41.258541107177734,56.22186279296875
2019-02-21,40.72583770751953,80.97200012207031,63.75209426879883,194.5299072265625,109.47348022460938,125.05000305175781,54.72523880004883,109.48255920410156,86.15968322753906,102.158203125,38.42483139038086,3.857145071029663,82.40101623535156,33.17003631591797,234.38644409179688,138.52870178222656,63.84307098388672,227.06365966796875,127.53936004638672,41.13050079345703,55.71355056762695
2019-02-22,41.18056106567383,81.5780029296875,63.895843505859375,195.48793029785156,110.39302062988281,125.5,55.337310791015625,110.43653106689453,85.7757339477539,103.61479949951172,38.748207092285156,3.941830635070801,82.78913116455078,33.51892852783203,235.01104736328125,139.85684204101562,64.22028350830078,228.4256134033203,128.3787078857422,41.386566162109375,56.14312744140625
2019-02-25,41.480560302734375,81.6500015258789,63.87190246582031,196.1748504638672,108.802978515625,125.37000274658203,55.3754768371582,110.84344482421875,86.67435455322266,104.19371795654297,38.69670867919922,3.929450511932373,82.22759246826172,33.680606842041016,232.80279541015625,139.89266967773438,63.71481704711914,228.76385498046875,128.5662078857422,41.570621490478516,56.20039367675781
2019-02-26,41.50436019897461,81.81999969482422,63.95978546142578,196.68101501464844,108.7167739868164,125.58000183105469,55.6074104309082,110.77022552490234,86.01261901855469,104.91266632080078,38.768798828125,3.890078544616699,82.44230651855469,33.69761657714844,231.37745666503906,138.9055938720703,63.518653869628906,228.59469604492188,128.32510375976562,41.71464920043945,56.31494903564453
2019-02-27,41.63291931152344,82.05449676513672,63.83195877075195,197.0786895751953,108.02710723876953,124.69000244140625,55.651031494140625,110.57487487792969,85.9064712524414,104.73526763916016,38.733543395996094,3.8482306003570557,81.68254852294922,33.569984436035156,220.0276641845703,139.30039978027344,63.2017822265625,228.47903442382812,128.36973571777344,41.51459503173828,56.89484786987305
2019-02-28,41.22342300415039,81.99150085449219,63.760074615478516,197.70233154296875,108.08457946777344,123.98999786376953,55.83241653442383,111.20152282714844,85.25291442871094,104.60454559326172,38.92222213745117,3.8236918449401855,81.38522338867188,33.2296028137207,213.11221313476562,138.74398803710938,63.367774963378906,227.94493103027344,128.10186767578125,41.34656524658203,56.5798225402832
2019-03-01,41.656734466552734,83.58650207519531,63.5631103515625,198.33499145507812,109.20528411865234,121.87999725341797,56.9212646484375,112.59315490722656,85.31008911132812,105.07140350341797,38.88905334472656,3.877976179122925,81.29440307617188,33.51892852783203,216.56993103027344,139.9914093017578,63.171592712402344,229.5115966796875,128.9591064453125,41.45858383178711,57.274295806884766
2019-03-04,41.86624526977539,84.80850219726562,63.67523193359375,197.40408325195312,109.51179504394531,121.55999755859375,57.16411590576172,112.69898223876953,85.11402893066406,104.81929779052734,39.03004837036133,3.8861563205718994,81.64950561523438,33.314697265625,207.65728759765625,138.88758850097656,63.45829772949219,228.63037109375,128.36083984375,41.41057205200195,57.49622344970703
2019-03-05,41.7900505065918,84.62149810791016,63.72325134277344,198.67843627929688,109.19569396972656,121.72000122070312,57.945682525634766,112.93499755859375,85.04869842529297,104.29638671875,39.046630859375,3.8797109127044678,81.8311767578125,33.20407485961914,212.4171600341797,138.44790649414062,63.63182067871094,228.36331176757812,128.1197052001953,41.4906005859375,57.410308837890625
2019-03-06,41.54961013793945,83.44750213623047,63.8033447265625,198.1452178955078,110.0098876953125,121.61000061035156,57.73505783081055,113.19538116455078,84.73005676269531,104.34310913085938,38.891136169433594,3.768911838531494,81.69903564453125,33.00835418701172,210.34080505371094,136.25828552246094,63.33757400512695,226.90345764160156,127.14643096923828,41.35456466674805,56.75882339477539
2019-03-07,41.068660736083984,81.29750061035156,63.987457275390625,195.93983459472656,109.20528411865234,121.51000213623047,57.0367431640625,112.50367736816406,84.11742401123047,103.07324981689453,38.965755462646484,3.6997547149658203,81.38522338867188,32.87220001220703,208.2555389404297,135.1814727783203,63.2017822265625,225.07858276367188,126.15525817871094,40.80241394042969,57.388824462890625
2019-03-08,41.166297912597656,81.04000091552734,64.06749725341797,205.9090576171875,109.01371002197266,122.83999633789062,56.993125915527344,112.35716247558594,84.15007781982422,103.18527221679688,39.12541580200195,3.733961582183838,81.26962280273438,32.506290435791016,209.571533203125,134.9211883544922,63.269657135009766,224.6245880126953,125.89628601074219,40.71440124511719,56.565521240234375
2019-03-11,42.59238052368164,83.53099822998047,64.0354995727539,207.59921264648438,109.91410064697266,122.23999786376953,58.44475555419922,112.76407623291016,85.2447509765625,105.35152435302734,39.29129409790039,3.994227886199951,82.23584747314453,32.88071060180664,214.7469940185547,137.06593322753906,64.19766998291016,227.90042114257812,127.74471282958984,41.19452667236328,57.11678695678711
2019-03-12,43.07091522216797,83.65499877929688,64.18761444091797,210.5547332763672,109.89493560791016,122.9800033569336,59.33634567260742,113.26863861083984,84.99150848388672,106.08914184570312,39.579505920410156,4.0284342765808105,82.62400817871094,33.10195541381836,217.15805053710938,137.326171875,64.4919204711914,228.71047973632812,128.17332458496094,41.258541107177734,57.274295806884766
2019-03-13,43.26137924194336,84.54049682617188,64.15557861328125,213.6457977294922,109.28189849853516,123.83999633789062,59.42605209350586,113.45584869384766,85.27741241455078,106.91080474853516,39.59609603881836,4.179637908935547,83.55715942382812,33.36574935913086,222.7839813232422,137.99920654296875,64.80879974365234,230.26828002929688,128.9947967529297,41.51459503173828,57.78260040283203
2019-03-14,43.74230194091797,84.31099700927734,64.09957122802734,211.35003662109375,109.65547943115234,122.41000366210938,59.10242462158203,112.32463836669922,86.05349731445312,106.99485778808594,39.59816360473633,4.103788375854492,83.67277526855469,33.03388595581055,223.68482971191406,137.64024353027344,64.90687561035156,230.18814086914062,128.88763427734375,41.45059585571289,57.589290618896484
2019-03-15,44.311317443847656,85.61799621582031,64.21966552734375,211.13316345214844,110.11524200439453,122.97000122070312,58.99190902709961,111.9827880859375,87.04196166992188,108.22736358642578,39.652076721191406,4.20913553237915,84.59772491455078,33.74017333984375,222.03326416015625,137.97230529785156,64.70317840576172,231.30979919433594,129.48587036132812,41.87469482421875,57.381675720214844
2019-03-18,44.763671875,87.10749816894531,64.17963409423828,213.83558654785156,108.35279083251953,123.04000091552734,58.90517807006836,111.63284301757812,87.56478118896484,109.77732849121094,39.575355529785156,4.1878180503845215,83.82969665527344,33.910362243652344,225.2127685546875,138.7530059814453,64.3787612915039,232.13755798339844,129.96810913085938,42.11476516723633,58.047489166259766
2019-03-19,44.4089241027832,88.09249877929688,64.1475830078125,214.25132751464844,105.36427307128906,123.37999725341797,59.59456253051758,112.66642761230469,87.24617767333984,109.85205841064453,39.08395767211914,4.355379581451416,84.15177917480469,33.83377456665039,227.093994140625,138.06199645996094,64.18258666992188,232.20877075195312,129.94131469726562,42.1547737121582,57.89714050292969
2019-03-20,44.79698944091797,89.8635025024414,64.42784881591797,214.1880340576172,105.35469055175781,124.18000030517578,60.78252410888672,111.7304916381836,85.38363647460938,109.73065185546875,39.368011474609375,4.322908878326416,84.00312042236328,33.910362243652344,221.23841857910156,137.03001403808594,64.3787612915039,231.38095092773438,129.40557861328125,42.16276550292969,58.219303131103516
2019-03-21,46.446876525878906,90.96299743652344,64.4438247680664,216.5018310546875,104.08074951171875,123.68000030517578,61.26325988769531,112.38970947265625,84.03572845458984,112.25172424316406,39.79098129272461,4.559379577636719,84.63899993896484,34.92299270629883,222.58084106445312,138.92349243164062,65.52555084228516,234.02618408203125,130.92355346679688,42.17076873779297,58.555782318115234
2019-03-22,45.48503875732422,88.2385025024414,64.79610443115234,214.71226501464844,103.66886138916016,123.97000122070312,59.851776123046875,111.42125701904297,81.4951171875,109.29183197021484,40.20981979370117,4.399749279022217,83.95356750488281,34.4039192199707,218.22671508789062,134.64297485351562,65.05023193359375,229.5771484375,128.1912078857422,41.266536712646484,57.61793899536133
2019-03-25,44.935089111328125,88.71299743652344,64.87615203857422,214.1790313720703,103.2474136352539,124.91999816894531,59.34279251098633,111.1771011352539,80.81708526611328,109.86138153076172,40.14346694946289,4.3075408935546875,84.20130920410156,33.96992492675781,218.02362060546875,134.88528442382812,65.13320922851562,229.37127685546875,128.10317993164062,41.303462982177734,57.21700668334961
2019-03-26,44.470821380615234,89.18800354003906,64.89219665527344,216.07705688476562,105.49837493896484,124.30000305175781,58.969112396240234,112.77222442626953,81.6258316040039,110.09479522705078,40.43167495727539,4.384133338928223,85.07667541503906,34.37838363647461,214.9589385986328,136.3390655517578,65.65380096435547,231.0273895263672,129.09068298339844,41.5443000793457,57.96157455444336
2019-03-27,44.87080001831055,88.28500366210938,65.01228332519531,216.38433837890625,105.63247680664062,123.6500015258789,58.382808685302734,112.87801361083984,81.34808349609375,109.03036499023438,40.20774459838867,4.374962329864502,84.97759246826172,34.20819854736328,213.4752197265625,135.71986389160156,65.46517181396484,229.95314025878906,128.49819946289062,41.41584777832031,57.517696380615234
2019-03-28,44.93032455444336,88.6709976196289,65.0443115234375,218.02024841308594,106.04435729980469,121.9000015258789,58.098331451416016,113.02452087402344,82.27119445800781,109.17974853515625,39.79306411743164,4.393552780151367,85.51438903808594,34.32732009887695,213.93447875976562,136.97744750976562,66.10039520263672,230.8483428955078,129.06381225585938,41.43994140625,57.8040771484375
2019-03-29,45.2231559753418,89.0374984741211,64.99627685546875,218.8517303466797,106.35086822509766,122.01000213623047,58.32730484008789,113.76508331298828,82.69597625732422,110.12281799316406,40.08333206176758,4.450810432434082,85.92729187011719,34.85491180419922,218.3769073486328,137.5535888671875,66.03965759277344,232.3343505859375,129.9167022705078,41.66471862792969,57.84701919555664
2019-04-01,45.530277252197266,90.70950317382812,64.73944091796875,220.70465087890625,107.76850128173828,121.52999877929688,59.422088623046875,113.10588073730469,85.48167419433594,111.13124084472656,39.49657440185547,4.518232822418213,85.58869171142578,35.20380401611328,216.85780334472656,139.27304077148438,66.00164794921875,235.01095581054688,131.42494201660156,42.20259475708008,58.512840270996094
2019-04-02,46.192142486572266,90.6989974975586,64.7715072631836,217.3695068359375,107.24166870117188,121.9800033569336,59.74720764160156,112.07235717773438,85.89010620117188,111.28995513916016,39.287139892578125,4.536078453063965,85.67955017089844,35.11871337890625,215.8598175048828,139.0389862060547,66.46517181396484,235.0914306640625,131.41598510742188,42.242740631103516,58.26227569580078
2019-04-03,46.5087890625,91.03500366210938,64.68325805664062,219.15911865234375,107.77806854248047,121.80000305175781,60.008392333984375,111.63284301757812,86.06166076660156,112.01827239990234,39.25189971923828,4.675384521484375,85.62998962402344,35.56119918823242,217.12277221679688,139.7051239013672,66.38919830322266,235.5300750732422,131.730224609375,42.50764846801758,57.91862106323242
2019-04-04,46.58972930908203,90.94300079345703,64.74746704101562,220.89439392089844,109.91410064697266,122.11000061035156,60.43659210205078,110.33076477050781,86.8930435180664,111.4487075805664,39.06321716308594,4.66646146774292,85.41526794433594,35.77394104003906,218.49166870117188,140.1102294921875,66.28279113769531,236.09405517578125,132.00848388671875,42.54779052734375,58.741939544677734
2019-04-05,46.901615142822266,91.86399841308594,64.79561614990234,222.22300720214844,110.15355682373047,121.9800033569336,60.04011154174805,110.82716369628906,86.68724822998047,111.9435806274414,39.411556243896484,4.733138084411621,85.59696960449219,35.93562698364258,219.71932983398438,141.27149963378906,66.74629211425781,237.23094177246094,132.6728515625,42.660179138183594,59.05693435668945
2019-04-08,47.63966751098633,92.49299621582031,64.73143768310547,222.8105010986328,110.11524200439453,122.51000213623047,59.88300704956055,110.79461669921875,86.96714782714844,111.9809341430664,39.112979888916016,4.753960132598877,86.68704986572266,36.071773529052734,219.6928253173828,141.16346740722656,66.37399291992188,237.43687438964844,132.78958129882812,42.65215301513672,59.42206954956055
2019-04-09,47.49680709838867,91.79199981689453,64.82767486572266,221.3553924560547,111.93517303466797,123.1500015258789,59.605960845947266,110.33076477050781,86.32508087158203,111.3740005493164,39.334835052490234,4.691247463226318,86.4310531616211,35.91859436035156,219.7281494140625,139.58811950683594,66.0244369506836,236.1746368408203,131.9905548095703,42.51567459106445,58.656028747558594
2019-04-10,47.76346206665039,92.36650085449219,64.91605377197266,221.98806762695312,112.22254180908203,123.52999877929688,59.79230499267578,110.33885192871094,86.71197509765625,112.22367095947266,39.10882568359375,4.761643409729004,86.42278289794922,36.054752349853516,217.2905731201172,141.16346740722656,66.63232421875,236.9892120361328,132.60105895996094,42.64413070678711,58.39113235473633
2019-04-11,47.36587142944336,92.20349884033203,64.80364990234375,218.03839111328125,111.6861343383789,121.94999694824219,59.94792938232422,110.03778839111328,87.44458770751953,112.35440826416016,39.40325164794922,4.7477617263793945,86.50536346435547,35.82500076293945,207.91998291015625,141.2444610595703,66.58673858642578,236.94444274902344,132.592041015625,42.49961471557617,58.670345306396484
2019-04-12,47.34682083129883,92.15299987792969,64.68325805664062,218.68003845214844,124.5788803100586,121.83000183105469,60.599159240722656,110.66438293457031,91.54393005371094,112.93331909179688,39.57120132446289,4.709837436676025,86.76138305664062,36.23345947265625,197.14501953125,142.03668212890625,66.9059066772461,238.54685974121094,133.48081970214844,42.820735931396484,57.932926177978516
2019-04-15,47.43252182006836,92.24349975585938,64.69927978515625,222.63880920410156,126.47544860839844,121.5999984741211,60.78748321533203,111.10386657714844,90.4985122680664,113.02668762207031,39.6354866027832,4.578217506408691,87.31468963623047,36.25898742675781,203.30970764160156,141.70362854003906,66.5639419555664,238.38577270507812,133.3731231689453,42.780601501464844,57.73964309692383
2019-04-16,47.43729782104492,93.1520004272461,64.58692169189453,221.74403381347656,124.42561340332031,120.51000213623047,61.054115295410156,112.32463836669922,91.45338439941406,112.76525115966797,39.29543685913086,4.665220260620117,87.88449096679688,36.599365234375,195.14903259277344,141.79364013671875,65.0594253540039,238.5558319091797,133.40902709960938,42.941162109375,58.13339614868164
2019-04-17,48.36103439331055,93.24099731445312,64.58692169189453,221.94285583496094,126.19766235351562,120.27999877929688,61.462005615234375,112.73151397705078,94.08750915527344,113.69895935058594,39.3223991394043,4.6424174308776855,88.03086853027344,37.77367401123047,191.51031494140625,140.42530822753906,64.46672821044922,237.97393798828125,132.91522216796875,42.98933029174805,58.29806900024414
2019-04-18,48.53484344482422,93.08450317382812,64.67523956298828,222.16880798339844,126.86814880371094,120.37000274658203,61.527923583984375,111.91767883300781,93.39604949951172,115.19292449951172,39.262271881103516,4.617877960205078,88.19721221923828,38.63313293457031,195.8467559814453,140.4433135986328,64.96063995361328,238.42153930664062,133.11276245117188,42.957210540771484,58.083282470703125
2019-04-22,48.69435119628906,94.3655014038086,64.61101531982422,220.00872802734375,126.13060760498047,120.37000274658203,62.13701248168945,112.16997528076172,93.51128387451172,115.55706024169922,39.473758697509766,4.671666622161865,88.1639404296875,38.4203987121582,200.58067321777344,139.93919372558594,64.2463607788086,238.65420532226562,133.14865112304688,42.87693786621094,59.350467681884766
2019-04-23,49.39667892456055,96.1884994506836,64.72335815429688,221.9609375,127.73982238769531,120.12000274658203,62.97112274169922,113.85459899902344,93.62653350830078,117.12571716308594,39.35143280029297,4.7261962890625,85.793701171875,38.6501579284668,203.64529418945312,142.01869201660156,65.09739685058594,240.71319580078125,134.48634338378906,42.98130416870117,59.69410705566406
2019-04-24,49.32050704956055,95.0875015258789,64.89192962646484,224.11199951171875,129.40647888183594,120.47000122070312,62.44874954223633,113.284912109375,93.47013854980469,116.72418212890625,39.407413482666016,4.738591194152832,86.23451232910156,38.64164352416992,203.44219970703125,142.46878051757812,65.57612609863281,240.23873901367188,134.30677795410156,42.57186508178711,58.5343017578125
2019-04-25,48.87290954589844,95.11250305175781,64.87584686279297,221.97898864746094,131.45631408691406,120.56999969482422,62.81004333496094,113.65115356445312,93.51952362060547,120.58980560302734,39.49449157714844,4.632997989654541,85.89351654052734,37.85025405883789,203.83078002929688,141.30751037597656,65.4393539428711,240.14920043945312,134.08238220214844,42.49961471557617,58.863651275634766
2019-04-26,48.63960647583008,97.53150177001953,65.02033233642578,220.37020874023438,134.0233612060547,121.37000274658203,63.30961990356445,114.25336456298828,94.22743225097656,121.28076171875,39.749515533447266,4.414373397827148,88.03916931152344,37.390750885009766,209.31539916992188,142.5768280029297,65.95604705810547,241.25025939941406,134.80953979492188,42.72441101074219,57.625083923339844
2019-04-29,48.71339416503906,96.92150115966797,64.88390350341797,220.78594970703125,133.4294891357422,120.83000183105469,64.2403564453125,113.80575561523438,95.58563995361328,121.1687240600586,39.761959075927734,4.445108890533447,87.14102172851562,37.29714584350586,209.7128448486328,142.90988159179688,65.31016540527344,241.55465698242188,135.0070343017578,42.82876205444336,57.252811431884766
2019-04-30,47.77536392211914,96.32599639892578,64.9802017211914,221.91575622558594,131.1976776123047,121.19999694824219,59.42110824584961,114.91259765625,95.52803039550781,121.94371032714844,40.315555572509766,4.486504554748535,88.5548095703125,37.28862762451172,205.84446716308594,142.48678588867188,65.9332504272461,241.70684814453125,135.01600646972656,42.820735931396484,57.47474670410156
2019-05-01,50.120445251464844,95.57599639892578,64.98422241210938,218.3546905517578,130.63253784179688,120.4000015258789,58.15037155151367,115.52296447753906,94.79541778564453,119.40397644042969,40.07297134399414,4.473368167877197,87.2657470703125,37.28862762451172,204.85531616210938,141.0554656982422,65.9864501953125,239.9432373046875,134.0105438232422,42.59595489501953,56.32208251953125
2019-05-02,49.79426574707031,95.04100036621094,64.83943176269531,219.34886169433594,128.4869384765625,119.94000244140625,57.812862396240234,114.97769165039062,95.001220703125,117.84468078613281,39.7515983581543,4.540788650512695,87.78968048095703,37.78217697143555,205.296875,141.42454528808594,66.05484771728516,239.46888732910156,133.78611755371094,42.53173828125,55.33413314819336
2019-05-03,50.41328430175781,98.12300109863281,64.9601058959961,221.09327697753906,128.66893005371094,120.6500015258789,58.95473861694336,115.5717544555664,95.58563995361328,120.35635375976562,39.8946647644043,4.536326885223389,88.22216796875,38.04598617553711,204.85531616210938,143.8011016845703,66.61711883544922,241.7425994873047,135.23153686523438,42.965240478515625,55.46297073364258
2019-05-06,49.634765625,97.52749633789062,65.04055786132812,220.74082946777344,129.31069946289062,120.80999755859375,59.14852523803711,115.63692474365234,94.73779296875,119.65609741210938,39.581581115722656,4.457999229431152,87.88948822021484,37.237571716308594,212.4065399169922,143.72012329101562,66.40435791015625,240.78475952148438,134.80056762695312,42.44343185424805,55.219566345214844
2019-05-07,48.2967529296875,96.05000305175781,65.1371078491211,217.08029174804688,127.81643676757812,121.20999908447266,58.4249382019043,113.9115982055664,93.19026184082031,117.2004165649414,39.343135833740234,4.2909321784973145,87.07447814941406,37.237571716308594,210.24276733398438,140.92941284179688,65.20380401611328,236.88185119628906,132.475341796875,41.72091293334961,54.92604446411133
2019-05-08,48.30628204345703,95.88849639892578,65.08882141113281,218.12872314453125,129.3011474609375,120.91000366210938,58.02448654174805,113.76508331298828,92.69636535644531,117.1910629272461,38.95540237426758,4.311009883880615,87.38219451904297,37.1865234375,211.2142333984375,140.4433135986328,65.13540649414062,236.4163055419922,132.25990295410156,41.761051177978516,55.0119514465332
2019-05-09,47.78726577758789,94.99349975585938,65.15320587158203,220.64816284179688,127.96011352539062,121.19999694824219,57.88521957397461,112.90243530273438,92.62226104736328,117.1817398071289,39.10676574707031,4.21855354309082,86.69190979003906,36.8035888671875,210.17208862304688,140.07421875,65.30256652832031,235.69125366210938,131.83792114257812,41.42388153076172,54.961822509765625
2019-05-10,47.125244140625,94.4990005493164,65.1451416015625,223.86541748046875,128.3911590576172,121.43000030517578,57.86886978149414,113.16287231445312,92.6140365600586,118.70369720458984,39.75988006591797,4.184595108032227,88.1639404296875,36.44620132446289,212.4860076904297,140.3443145751953,66.00164794921875,236.7923126220703,132.44839477539062,41.728946685791016,55.439762115478516
2019-05-13,44.3863525390625,91.13400268554688,65.28192138671875,219.24339294433594,125.80493927001953,122.66999816894531,56.330013275146484,111.65726470947266,90.09514617919922,115.17424011230469,40.41715621948242,3.9275505542755127,88.24710845947266,34.88044357299805,211.56756591796875,136.14024353027344,65.9332504272461,230.9825897216797,129.09970092773438,40.68531799316406,54.82424545288086
2019-05-14,45.08899688720703,92.00599670410156,65.32218170166016,219.9774932861328,127.58654022216797,122.45999908447266,55.74866485595703,111.3480224609375,90.81133270263672,116.46277618408203,40.410945892333984,4.016536235809326,87.82293701171875,35.71437454223633,208.81195068359375,137.76962280273438,66.17639923095703,232.98779296875,130.26678466796875,41.09474563598633,54.89665603637695
2019-05-15,45.629127502441406,93.55750274658203,65.41873168945312,221.73568725585938,129.00418090820312,122.38999938964844,58.025474548339844,111.42125701904297,90.4655990600586,118.10283660888672,40.40264892578125,3.955559730529785,88.73779296875,35.71437454223633,208.50286865234375,138.30079650878906,66.62474822998047,234.3663787841797,131.03892517089844,41.223182678222656,55.30217361450195
2019-05-16,45.42837142944336,95.37850189208984,65.32218170166016,224.24600219726562,129.78964233398438,121.51000213623047,58.70444869995117,112.47924041748047,91.62625122070312,120.82999420166016,40.86916732788086,3.9706804752349854,89.91043090820312,35.33995819091797,209.1299285888672,139.27304077148438,66.89066314697266,236.51478576660156,132.22393798828125,41.41584777832031,55.29493713378906
2019-05-17,45.170257568359375,93.44999694824219,65.3382339477539,225.07073974609375,129.34901428222656,120.6500015258789,57.92536544799805,112.8048095703125,91.18171691894531,120.0240707397461,41.256900787353516,3.8799586296081543,89.36153411865234,34.250736236572266,213.1837921142578,137.67967224121094,66.7614974975586,235.08250427246094,131.290283203125,41.07065963745117,54.969078063964844
2019-05-20,43.75779724121094,92.94850158691406,65.25777435302734,225.56915283203125,128.26661682128906,120.63999938964844,56.72996520996094,112.65015411376953,91.6591796875,118.29027557373047,41.33361053466797,3.7614762783050537,89.26172637939453,32.897735595703125,217.25527954101562,136.43731689453125,65.79647827148438,233.48019409179688,130.35659790039062,40.910091400146484,54.961830139160156
2019-05-21,44.596675872802734,92.8759994506836,65.22560119628906,226.50262451171875,128.43905639648438,120.36000061035156,57.21466827392578,112.40599822998047,91.97196197509766,118.92755126953125,41.24031066894531,3.8435213565826416,88.46334838867188,33.44234085083008,220.7438507080078,138.38182067871094,66.3587875366211,235.45848083496094,131.63140869140625,41.18305206298828,55.21527862548828
2019-05-22,43.683712005615234,92.98400115966797,65.34628295898438,226.12196350097656,128.20916748046875,120.23999786376953,57.284542083740234,112.92680358886719,91.22288513183594,119.64915466308594,41.86854934692383,3.772630453109741,88.75442504882812,33.10195541381836,220.2138671875,137.20254516601562,66.55634307861328,234.81393432617188,131.15562438964844,41.046573638916016,54.71561050415039
2019-05-23,42.93803024291992,90.77400207519531,65.57965087890625,225.2338409423828,127.13636779785156,121.16999816894531,56.76366424560547,113.76508331298828,89.42837524414062,118.25279998779297,42.20030975341797,3.651667594909668,88.78768157958984,32.395668029785156,217.7056884765625,134.94296264648438,66.70833587646484,232.06570434570312,129.48573303222656,40.629127502441406,53.43391418457031
2019-05-24,42.773136138916016,91.16400146484375,65.57965087890625,224.11912536621094,127.19380950927734,121.30000305175781,56.430118560791016,113.77327728271484,90.30917358398438,118.30900573730469,42.167118072509766,3.597879409790039,88.7294692993164,32.506290435791016,218.70370483398438,135.78016662597656,66.91346740722656,232.46859741210938,129.79995727539062,40.95827102661133,53.658409118652344
2019-05-28,42.59627151489258,91.82150268554688,65.71638488769531,223.22193908691406,127.03099822998047,120.83000183105469,56.477203369140625,112.31476593017578,89.3296127319336,118.23401641845703,41.71097183227539,3.5527660846710205,86.87484741210938,32.03827667236328,213.7843475341797,134.61891174316406,66.25241088867188,230.38282775878906,128.65977478027344,40.70138168334961,52.57943344116211
2019-05-29,42.39313507080078,90.95950317382812,65.7002944946289,218.12872314453125,126.0252685546875,120.87000274658203,55.50482940673828,107.61141204833984,89.08265686035156,117.09068298339844,41.2029914855957,3.4786529541015625,86.65033721923828,32.07230758666992,214.08456420898438,133.70968627929688,65.37095642089844,228.79833984375,127.78003692626953,40.56490707397461,52.253578186035156
2019-05-30,42.613006591796875,90.81600189208984,65.87725067138672,218.89901733398438,126.62870788574219,121.69000244140625,55.577674865722656,108.25053405761719,88.12779235839844,117.83103942871094,41.24859619140625,3.452099561691284,87.59839630126953,32.37015151977539,215.05612182617188,133.64663696289062,65.6445083618164,229.4339599609375,128.03135681152344,40.70939636230469,52.115989685058594
2019-05-31,41.841041564941406,88.75350189208984,66.16694641113281,217.12277221679688,126.47544860839844,123.33000183105469,54.83872985839844,107.46391296386719,87.2223129272461,115.90984344482422,41.35709762573242,3.361522912979126,85.5857925415039,32.63393783569336,213.55471801757812,132.26031494140625,66.0244369506836,226.36346435546875,126.30767059326172,40.50068283081055,51.24702835083008
2019-06-03,41.41802215576172,84.6344985961914,66.3548355102539,218.47312927246094,126.8873062133789,125.11000061035156,51.48051452636719,107.70156860351562,87.63389587402344,112.31108093261719,41.64295196533203,3.3198325634002686,86.32598876953125,33.03388595581055,208.9268035888672,132.53936767578125,66.18401336669922,225.69210815429688,126.05626678466797,40.74954605102539,52.05080795288086
2019-06-04,42.933258056640625,86.47799682617188,66.241943359375,222.5875701904297,129.13829040527344,125.1500015258789,52.26108932495117,109.57795715332031,90.3338623046875,115.42249298095703,41.60122299194336,3.5486321449279785,87.05780792236328,33.23811340332031,212.6361541748047,135.8251953125,65.88764953613281,230.66036987304688,128.88427734375,41.150936126708984,53.28909683227539
2019-06-05,43.6263427734375,86.92500305175781,66.241943359375,224.7172088623047,130.2110595703125,125.47000122070312,51.77292251586914,110.11060333251953,90.65489959716797,117.92476654052734,42.70082092285156,3.5059497356414795,88.76272583007812,32.53181838989258,214.411376953125,136.29330444335938,67.26301574707031,232.61187744140625,129.87176513671875,41.05460739135742,52.847373962402344
2019-06-06,44.26686096191406,87.71800231933594,66.22581481933594,227.6626434326172,131.4275665283203,125.87999725341797,51.927547454833984,111.99518585205078,90.85248565673828,119.78974151611328,42.932430267333984,3.567988634109497,89.3033218383789,32.71051788330078,213.5723419189453,136.44630432128906,67.39219665527344,234.12464904785156,130.59902954101562,41.150936126708984,53.81046676635742
2019-06-07,45.44511032104492,90.20149993896484,66.40323638916016,232.0126953125,132.22256469726562,126.58999633789062,52.94899368286133,113.52748107910156,89.85641479492188,123.14484405517578,42.646583557128906,3.610670804977417,90.45932006835938,33.03388595581055,217.9441375732422,137.29254150390625,67.6429443359375,236.46102905273438,131.78407287597656,41.62458801269531,54.00597381591797
2019-06-10,46.0258674621582,93.03150177001953,66.2661361694336,232.77398681640625,131.29345703125,125.33000183105469,53.66216278076172,113.91260528564453,90.82777404785156,124.26946258544922,42.44418716430664,3.6833813190460205,90.417724609375,33.71464920043945,219.15406799316406,138.15673828125,67.42259216308594,237.57115173339844,132.5201873779297,41.793174743652344,54.24494171142578
2019-06-11,46.558834075927734,93.18499755859375,66.2177734375,233.0095977783203,129.3873291015625,125.18000030517578,53.5769157409668,114.53531646728516,91.10763549804688,123.80084991455078,42.14163589477539,3.740953207015991,90.96663665771484,34.003963470458984,217.1492462158203,137.81463623046875,67.6049575805664,237.52633666992188,132.39453125,42.06612014770508,54.19424819946289
2019-06-12,46.41066360473633,92.76599884033203,66.33064270019531,233.1183319091797,130.00035095214844,125.83000183105469,53.480777740478516,116.09215545654297,89.94699096679688,123.22917938232422,42.67995834350586,3.628042221069336,91.21611785888672,33.5784797668457,215.93930053710938,137.8416748046875,67.83290100097656,237.0787353515625,132.21499633789062,41.69682693481445,53.607696533203125
2019-06-13,46.401092529296875,93.51499938964844,66.44356536865234,235.3658447265625,135.7666473388672,126.5999984741211,54.071044921875,115.29736328125,90.16924285888672,124.00704956054688,42.72586441040039,3.67916202545166,92.23905944824219,33.569984436035156,216.34552001953125,138.97596740722656,68.12164306640625,238.13510131835938,132.82546997070312,41.74501037597656,54.07838821411133
2019-06-14,46.06411361694336,93.4834976196289,66.4516372680664,235.76458740234375,135.68043518066406,126.55999755859375,53.837608337402344,114.7893295288086,90.39973449707031,124.12886810302734,43.18281936645508,3.589329242706299,92.48023223876953,32.199951171875,217.66734313964844,137.8057098388672,68.15966796875,237.77700805664062,132.53814697265625,41.407833099365234,53.83942413330078
2019-06-17,46.338951110839844,94.30149841308594,66.4516372680664,236.92466735839844,135.0290985107422,126.4800033569336,54.213775634765625,114.2567138671875,89.90583801269531,124.50373077392578,43.05970764160156,3.599008560180664,92.30558776855469,32.046783447265625,218.19960021972656,138.35479736328125,68.88912200927734,237.9918212890625,132.6345977783203,41.44797134399414,54.375282287597656
2019-06-18,47.428775787353516,95.06849670410156,66.60479736328125,238.1118621826172,133.3720245361328,127.12000274658203,54.77629089355469,114.90406036376953,91.13235473632812,126.66862487792969,42.86148452758789,3.793811321258545,91.14958190917969,33.36574935913086,217.9600372314453,139.90316772460938,68.82074737548828,240.36402893066406,134.0854034423828,42.106258392333984,54.84597396850586
2019-06-19,47.29015350341797,95.43949890136719,66.83064270019531,238.9456329345703,134.98123168945312,127.88999938964844,54.7401008605957,115.08429718017578,90.47383117675781,127.16529083251953,43.0325927734375,3.7997665405273438,91.83155822753906,33.52743911743164,221.94313049316406,140.47030639648438,69.19306945800781,240.9995880126953,134.54493713378906,42.387237548828125,54.54185104370117
2019-06-20,47.670169830322266,95.90950012207031,66.9355239868164,242.28981018066406,136.03485107421875,131.11000061035156,55.1707878112793,116.52648162841797,90.70431518554688,128.34613037109375,43.061798095703125,3.8240864276885986,92.92933654785156,34.47197723388672,219.7875213623047,141.18148803710938,69.54259490966797,243.24652099609375,135.7794952392578,42.836788177490234,55.475975036621094
2019-06-21,47.50764846801758,95.56500244140625,66.75000762939453,241.18405151367188,134.32029724121094,131.97999572753906,55.77394104003906,116.42815399169922,90.0869369506836,128.36488342285156,43.30592346191406,3.766017436981201,92.48023223876953,34.480491638183594,223.79718017578125,140.2002716064453,68.56238555908203,242.96014404296875,135.79750061035156,42.66706848144531,56.2580451965332
2019-06-24,47.45985412597656,95.69499969482422,66.87100219726562,241.76412963867188,133.35284423828125,133.94000244140625,55.3442497253418,117.22291564941406,89.44487762451172,129.12396240234375,43.44155502319336,3.788351535797119,93.42003631591797,35.12717056274414,221.45523071289062,138.90396118164062,68.32682037353516,242.64678955078125,135.0406036376953,42.70767593383789,55.722171783447266
2019-06-25,46.74045944213867,93.91349792480469,66.89515686035156,241.39247131347656,134.0425262451172,134.1999969482422,53.90104675292969,118.18981170654297,88.70401763916016,125.04730224609375,43.02841567993164,3.7590689659118652,92.9126968383789,34.19581985473633,219.69879150390625,137.97669982910156,67.31620025634766,240.2476806640625,133.76101684570312,42.407196044921875,55.229766845703125
2019-06-26,47.75141906738281,94.8915023803711,66.74197387695312,239.6252899169922,134.48313903808594,132.97000122070312,53.54124069213867,116.23148345947266,89.29666900634766,125.51590728759766,42.37115478515625,3.952133893966675,91.2577133178711,34.33641815185547,215.98187255859375,137.59860229492188,65.97123718261719,240.01492309570312,133.50865173339844,42.53712844848633,55.4687385559082
2019-06-27,47.73707962036133,95.21399688720703,66.9355239868164,240.68563842773438,133.4294891357422,132.83999633789062,53.358360290527344,115.28097534179688,89.5930404663086,125.7220458984375,42.67995834350586,4.050653457641602,91.2992935180664,34.78450012207031,218.52774047851562,139.6802520751953,66.82051086425781,240.8572235107422,134.31068420410156,42.67518615722656,54.90390396118164
2019-06-28,47.30210876464844,94.68150329589844,66.991943359375,239.48936462402344,133.755126953125,133.1999969482422,53.66415023803711,114.12559509277344,92.02960205078125,125.54399871826172,42.74463653564453,4.075467109680176,91.191162109375,34.41547393798828,216.46087646484375,141.4773712158203,67.05066680908203,242.18898010253906,135.24783325195312,42.837608337402344,55.49045181274414
2019-07-01,48.16966247558594,96.1094970703125,66.9870834350586,238.845947265625,135.68043518066406,130.6199951171875,54.51658630371094,114.191162109375,93.57714080810547,127.15589904785156,42.569366455078125,4.123610019683838,91.88976287841797,36.35723114013672,215.24554443359375,142.2088623046875,67.01998138427734,244.24951171875,136.20298767089844,43.089351654052734,55.439762115478516
2019-07-02,48.45167922973633,96.71549987792969,67.11641693115234,240.5859375,136.5233612060547,133.41000366210938,55.14105224609375,114.74018096923828,93.67591857910156,127.99943542480469,43.32886505126953,4.0258355140686035,92.71312713623047,35.84762954711914,216.4254150390625,141.73927307128906,68.1860580444336,244.9603729248047,136.51837158203125,43.24364471435547,54.83149337768555
2019-07-03,48.85319900512695,96.94999694824219,67.23767852783203,243.91197204589844,136.9543914794922,133.6300048828125,55.655982971191406,116.46910095214844,93.52668762207031,128.8241729736328,43.55213928222656,4.038741588592529,94.87540435791016,35.4346809387207,217.52540588378906,142.94039916992188,68.99927520751953,246.841064453125,137.54563903808594,43.39793395996094,55.35285568237305
2019-07-05,48.8101692199707,97.14550018310547,66.9224624633789,243.10540771484375,137.29171752929688,132.13999938964844,56.1357307434082,115.18263244628906,94.08209991455078,128.44923400878906,43.422760009765625,3.976205825805664,94.10196685791016,35.083229064941406,219.10440063476562,143.22935485839844,68.75376892089844,246.526123046875,137.46456909179688,43.11371612548828,55.128395080566406
2019-07-08,47.80400848388672,97.61599731445312,66.9142837524414,244.14756774902344,135.91348266601562,131.2899932861328,55.348716735839844,115.51042175292969,93.56816864013672,128.3555145263672,43.635597229003906,3.901262044906616,94.85047912597656,34.547264099121094,219.85845947265625,141.9469757080078,68.99927520751953,245.29331970214844,136.72561645507812,42.84572219848633,55.38182830810547
2019-07-09,48.095577239990234,99.41500091552734,66.82546997070312,244.66415405273438,136.4821319580078,131.75,55.72041702270508,115.87091827392578,93.966064453125,127.8869400024414,43.43320083618164,3.9037444591522217,93.90238952636719,34.85478591918945,218.22616577148438,142.0914764404297,69.22940826416016,245.5992431640625,136.96896362304688,42.683311462402344,55.34562683105469
2019-07-10,48.5711784362793,100.87049865722656,66.88202667236328,245.97821044921875,138.3422393798828,133.8300018310547,56.54410934448242,115.70704650878906,93.6924819946289,129.18959045410156,43.708614349365234,3.971987247467041,94.6009521484375,35.7685546875,219.5391387939453,142.35336303710938,69.62834167480469,246.74209594726562,137.5276336669922,42.87821960449219,56.12770080566406
2019-07-11,48.21745681762695,100.05349731445312,66.6637954711914,250.61827087402344,138.36154174804688,132.6999969482422,56.70121765136719,114.80574798583984,94.58780670166016,129.705078125,43.90057373046875,4.126339435577393,95.12491607666016,35.935489654541016,231.6746063232422,141.97409057617188,68.72306823730469,247.23699951171875,137.7168426513672,42.902565002441406,56.171142578125
2019-07-12,48.5879020690918,100.55000305175781,66.72032928466797,253.2465362548828,139.63375854492188,133.52999877929688,56.76366424560547,110.0450439453125,95.58260345458984,130.1736602783203,43.55213928222656,4.159344673156738,95.63221740722656,36.225425720214844,235.8794403076172,143.08485412597656,68.63102722167969,248.4517364501953,138.41973876953125,42.935062408447266,56.21459197998047
2019-07-15,49.04438781738281,101.04949951171875,66.81736755371094,254.27957153320312,139.80722045898438,133.52999877929688,57.019893646240234,110.38098907470703,94.42200469970703,130.1736602783203,43.577178955078125,4.150906085968018,96.03974151611328,36.743812561035156,235.93270874023438,142.64236450195312,68.57731628417969,248.51467895507812,138.32962036132812,43.00815200805664,55.816314697265625
2019-07-16,48.87470626831055,100.49500274658203,66.72844696044922,254.343017578125,139.07472229003906,132.39999389648438,57.16609573364258,108.57012176513672,95.43339538574219,128.4679718017578,43.374778747558594,4.146191596984863,96.3807144165039,36.699893951416016,234.7794647216797,142.58816528320312,68.41621398925781,247.70486450195312,137.97821044921875,42.870094299316406,54.98355484008789
2019-07-17,48.59984588623047,99.60150146484375,66.93052673339844,255.167724609375,137.40736389160156,134.5800018310547,56.83305358886719,108.04570007324219,94.4966049194336,127.70891571044922,43.79834747314453,4.211458206176758,96.42230224609375,36.5768928527832,236.5447998046875,141.60385131835938,68.1860580444336,246.03125,137.06805419921875,42.78886795043945,54.657718658447266
2019-07-18,49.15193557739258,98.8949966430664,67.05175018310547,256.3912353515625,136.50143432617188,136.47999572753906,56.857826232910156,108.21778106689453,95.06033325195312,127.8494644165039,44.30953598022461,4.223119258880615,96.62822723388672,37.947509765625,231.17788696289062,142.1094970703125,68.1860580444336,246.9310760498047,137.57269287109375,42.926937103271484,54.19424819946289
2019-07-19,48.418216705322266,98.22599792480469,66.97900390625,255.1224365234375,134.78587341308594,134.47000122070312,56.08022689819336,106.775634765625,94.12358093261719,128.036865234375,43.76077651977539,4.179940700531006,96.26827239990234,38.50984191894531,227.67376708984375,141.4592742919922,67.07366180419922,245.60833740234375,136.78871154785156,42.78886795043945,54.30287551879883
2019-07-22,49.52477264404297,99.28150177001953,67.05175018310547,253.90802001953125,135.74000549316406,134.4499969482422,56.45985412597656,105.40724182128906,94.7287368774414,129.73316955566406,43.6835823059082,4.251409530639648,96.51103210449219,39.18638229370117,226.4939727783203,141.4592742919922,67.01231384277344,246.20216369628906,137.1131134033203,42.853858947753906,54.360801696777344
2019-07-23,49.91194152832031,99.72450256347656,66.99516296386719,253.8446044921875,136.1448211669922,133.69000244140625,56.89796829223633,105.57112121582031,96.46131134033203,130.5391387939453,43.253753662109375,4.3591108322143555,95.29730987548828,39.028228759765625,226.21893310546875,142.65138244628906,67.77177429199219,247.8938446044922,138.03225708007812,43.04063034057617,54.57805252075195
2019-07-24,49.87131118774414,100.04049682617188,67.05982208251953,254.50613403320312,136.17372131347656,134.3699951171875,56.485633850097656,106.34134674072266,96.85094451904297,131.87930297851562,43.82963943481445,4.433557033538818,94.2509765625,39.13365936279297,222.77699279785156,144.55691528320312,67.82550811767578,249.0365447998047,138.87933349609375,43.04063034057617,54.57080841064453
2019-07-25,49.47697448730469,98.69100189208984,66.9870834350586,253.57273864746094,138.02420043945312,133.4199981689453,56.29779815673828,107.43934631347656,95.92250061035156,131.38258361816406,43.322601318359375,4.302530288696289,94.39330291748047,38.32533264160156,220.62139892578125,143.06683349609375,67.42655181884766,247.82176208496094,138.14036560058594,42.6427116394043,54.259429931640625
2019-07-26,49.64905548095703,97.15249633789062,66.9870834350586,254.99551391601562,139.4120635986328,133.63999938964844,61.713775634765625,107.11979675292969,96.34525299072266,132.4603271484375,43.64393997192383,4.3444695472717285,96.03390502929688,38.18474578857422,224.3826904296875,144.47560119628906,67.73342895507812,249.59454345703125,139.14064025878906,42.75640106201172,54.17252731323242
2019-07-29,50.11269760131836,95.62249755859375,67.02753448486328,253.87179565429688,141.0890655517578,134.52999877929688,61.5462532043457,108.99620056152344,96.03853607177734,132.1698455810547,44.10505676269531,4.338266372680664,97.09695434570312,38.60648727416992,225.16334533691406,143.61769104003906,67.91754913330078,249.14456176757812,138.80726623535156,42.77263259887695,54.55632781982422
2019-07-30,49.89760971069336,94.92649841308594,67.01131439208984,253.30087280273438,139.68191528320312,134.97999572753906,60.86034393310547,108.22595977783203,95.822998046875,131.53256225585938,43.68984603881836,4.353898048400879,100.7883071899414,37.87723922729492,226.1479949951172,144.70135498046875,68.46226501464844,248.5416717529297,138.6720428466797,42.30974578857422,54.563575744628906
2019-07-31,50.91572189331055,93.33899688720703,67.09220886230469,249.7935791015625,137.83145141601562,133.2100067138672,60.3746452331543,106.7018814086914,96.16288757324219,127.70891571044922,43.22663116455078,4.186891078948975,98.80451965332031,37.45549774169922,220.89637756347656,143.17518615722656,68.1937484741211,245.72520446777344,137.15821838378906,41.98492431640625,53.8466682434082
2019-08-01,49.81394577026367,92.76599884033203,67.57263946533203,248.83291625976562,136.7134552001953,136.41000366210938,60.05646896362305,106.75924682617188,93.62615966796875,129.38641357421875,43.87137222290039,4.092590808868408,97.70796966552734,36.78773880004883,221.10928344726562,140.98068237304688,68.1937484741211,243.6646728515625,135.88763427734375,41.676326751708984,52.470821380615234
2019-08-02,48.759979248046875,91.16200256347656,67.63743591308594,246.95701599121094,136.57852172851562,135.88999938964844,59.29026412963867,107.39836883544922,93.61786651611328,128.29931640625,44.11131286621094,4.000028610229492,97.46524810791016,36.594459533691406,221.81895446777344,139.5537872314453,68.52362823486328,241.88296508789062,134.7882537841797,41.36772537231445,51.95668411254883
2019-08-05,46.20750427246094,88.25650024414062,67.92912292480469,240.2506866455078,133.29202270507812,137.7899932861328,57.23003005981445,106.65271759033203,90.83248138427734,123.90394592285156,43.410247802734375,3.741945743560791,94.65278625488281,35.030513763427734,217.39230346679688,135.42669677734375,67.17342376708984,234.7473602294922,130.7873077392578,40.238929748535156,50.892208099365234
2019-08-06,47.08223342895508,89.3915023803711,68.0992660522461,244.06594848632812,136.7327423095703,138.91000366210938,58.03934860229492,107.15254974365234,91.54541778564453,126.22815704345703,44.109222412109375,3.780658006668091,95.65723419189453,36.25178909301758,220.24880981445312,137.02516174316406,67.91754913330078,237.770751953125,132.49038696289062,40.579994201660156,51.38460922241211
2019-08-07,47.56978988647461,89.66999816894531,68.0992660522461,248.5883026123047,129.97657775878906,141.02000427246094,58.27873229980469,106.69371795654297,89.5558090209961,126.78102111816406,44.41594696044922,3.8188745975494385,96.69515991210938,36.25178909301758,218.62539672851562,137.37734985351562,68.57731628417969,237.93275451660156,132.6345977783203,40.7586669921875,51.0515022277832
2019-08-08,48.61897277832031,91.64450073242188,68.15599822998047,249.0413055419922,132.8968505859375,141.72999572753906,59.77942657470703,107.89820098876953,91.07286834716797,130.16432189941406,44.906280517578125,3.927319288253784,98.30231475830078,36.814117431640625,219.6632843017578,140.2311248779297,69.7817611694336,242.57589721679688,135.15774536132812,41.229671478271484,52.412872314453125
2019-08-09,48.21833801269531,90.37899780273438,68.03449249267578,248.26202392578125,133.5040283203125,141.25999450683594,58.922523498535156,108.19318389892578,90.97339630126953,129.0584259033203,45.169185638427734,3.8260717391967773,97.74981689453125,36.38358688354492,220.55931091308594,138.53326416015625,69.69741821289062,240.8842010498047,134.1935577392578,40.912967681884766,51.297706604003906
2019-08-12,48.095977783203125,89.24600219726562,68.3342514038086,245.8785400390625,130.83433532714844,142.6300048828125,58.20884704589844,108.10303497314453,89.26566314697266,127.25904083251953,44.954280853271484,3.758324146270752,97.1220703125,35.98820114135742,215.74232482910156,136.60072326660156,69.51325988769531,238.05865478515625,132.5354766845703,40.51502990722656,51.04844284057617
2019-08-13,50.13277053833008,91.21700286865234,68.22889709472656,250.36459350585938,132.04872131347656,141.77999877929688,59.31058120727539,109.32394409179688,90.64183044433594,129.8925018310547,44.98974609375,3.8724756240844727,98.14325714111328,36.76139831542969,221.08265686035156,138.16307067871094,69.61299896240234,241.74795532226562,134.42779541015625,40.96168899536133,51.6789436340332
2019-08-14,48.64057159423828,88.14800262451172,68.4719467163086,243.01475524902344,128.0393524169922,142.75,57.70085906982422,106.73466491699219,86.87821960449219,125.98085021972656,44.85203170776367,3.724078416824341,96.9211654663086,35.522544860839844,215.74232482910156,134.21658325195312,68.5543212890625,234.46839904785156,130.5440673828125,39.80852127075195,49.59683609008789
2019-08-15,48.39826965332031,88.80599975585938,68.80419158935547,246.06887817382812,128.57907104492188,143.6999969482422,57.95212173461914,106.9640884399414,87.20978546142578,125.6987533569336,45.308982849121094,3.6918187141418457,98.26043701171875,35.90034484863281,216.67376708984375,134.11720275878906,69.23712158203125,235.20623779296875,130.7873077392578,39.95469284057617,49.30356979370117
2019-08-16,49.54021072387695,89.62850189208984,68.73126220703125,248.4069366455078,130.30422973632812,142.77999877929688,58.44227981567383,107.6360092163086,89.29884338378906,128.0024871826172,45.38827896118164,3.959578275680542,99.75874328613281,36.497798919677734,217.95123291015625,136.7181396484375,69.95055389404297,238.65260314941406,132.76979064941406,40.45819091796875,50.0733757019043
2019-08-19,50.46384811401367,90.80599975585938,68.51248168945312,249.77548217773438,130.39100646972656,141.11000061035156,59.494449615478516,108.36524963378906,90.10297393798828,130.14639282226562,45.6866569519043,4.238010883331299,100.64601135253906,36.708675384521484,217.0818634033203,137.9462890625,70.45687866210938,241.5860137939453,134.34666442871094,40.65308380126953,50.916481018066406
2019-08-20,50.466251373291016,90.06900024414062,68.6907730102539,247.38290405273438,130.23680114746094,142.2100067138672,58.6563835144043,107.01326751708984,88.95895385742188,129.06504821777344,45.72212219238281,4.165796756744385,99.52437591552734,36.84925842285156,213.04556274414062,137.0071258544922,69.9582290649414,239.71434020996094,133.3194580078125,40.57188034057617,50.60857009887695
2019-08-21,51.013221740722656,91.177001953125,68.65833282470703,249.83889770507812,130.843994140625,141.75999450683594,59.05534744262695,107.77532958984375,89.20767211914062,130.503662109375,46.16655349731445,4.249176979064941,99.77548217773438,37.41157913208008,213.214111328125,138.11785888671875,70.249755859375,241.65794372558594,134.44580078125,40.88047790527344,51.11442565917969
2019-08-22,50.970027923583984,90.23300170898438,68.52874755859375,253.68145751953125,131.1523895263672,141.39999389648438,59.0523681640625,107.56227111816406,90.12782287597656,129.553955078125,46.24166488647461,4.255382061004639,99.95962524414062,37.01618194580078,206.64068603515625,138.0094757080078,70.57196807861328,241.5680694580078,134.32872009277344,40.72617721557617,51.00445556640625
2019-08-23,48.614173889160156,87.48100280761719,68.7798843383789,248.32553100585938,126.90208435058594,144.1699981689453,57.17204284667969,104.66159057617188,87.88957977294922,125.42610168457031,46.300086975097656,4.03104829788208,98.20185089111328,35.97941970825195,204.61817932128906,134.38819885253906,69.58231353759766,235.36822509765625,130.94053649902344,40.1739616394043,49.479530334472656
2019-08-26,49.537811279296875,88.44349670410156,68.73937225341797,252.3583526611328,129.7356414794922,144.19000244140625,58.044307708740234,105.5036392211914,88.59420013427734,127.36309814453125,46.65897750854492,4.105743408203125,99.87592315673828,36.32207489013672,204.99072265625,135.5621795654297,70.11933135986328,237.97772216796875,132.26515197753906,40.48256301879883,49.74345397949219
2019-08-27,48.97883224487305,88.09149932861328,68.97435760498047,264.9735412597656,129.6199493408203,145.57000732421875,58.02647018432617,107.02262115478516,87.6574478149414,127.63580322265625,46.74034118652344,4.015167236328125,100.9054946899414,36.33087158203125,197.7608642578125,134.0630340576172,69.91986083984375,237.04190063476562,131.65240478515625,40.44194793701172,49.25958251953125
2019-08-28,49.30751419067383,88.2125015258789,68.99864959716797,266.8857727050781,131.60537719726562,145.16000366210938,58.17167282104492,106.2301025390625,88.53616333007812,127.46649932861328,46.41093444824219,4.004733562469482,101.61699676513672,36.594459533691406,201.68182373046875,135.30023193359375,70.15003967285156,238.68856811523438,132.58956909179688,40.523155212402344,49.61882781982422
2019-08-29,50.142356872558594,89.31999969482422,68.95809173583984,269.3653259277344,132.84864807128906,144.1199951171875,59.18717575073242,105.86687469482422,90.54234313964844,129.8737030029297,46.396236419677734,4.148309707641602,101.43284606933594,37.14798355102539,204.5826416015625,137.54893493652344,70.69470977783203,241.79295349121094,134.34666442871094,40.856117248535156,50.168678283691406
2019-08-30,50.07758712768555,88.81449890136719,68.95000457763672,267.7213134765625,132.28965759277344,143.75,59.0033073425293,105.9659423828125,91.07286834716797,129.62921142578125,45.96818923950195,4.160976886749268,100.63764190673828,37.45549774169922,207.58102416992188,137.4947509765625,70.7484130859375,241.694091796875,134.3016357421875,41.07537841796875,50.2053337097168
2019-09-03,49.34828567504883,89.49199676513672,69.01335906982422,265.260009765625,131.3740692138672,145.75,57.96352767944336,106.2796401977539,89.99520111083984,127.9178695678711,47.32786178588867,4.078010559082031,101.58350372314453,36.65595245361328,204.5826416015625,135.75181579589844,71.45421600341797,240.35330200195312,133.42758178710938,40.912967681884766,50.263980865478516
2019-09-04,50.1855583190918,90.03099822998047,69.14326477050781,268.9565734863281,132.8968505859375,146.66000366210938,58.593936920166016,106.37871551513672,91.08119201660156,129.4129638671875,47.02571487426758,4.192027568817139,103.13203430175781,37.91238784790039,201.13180541992188,137.1876983642578,72.0526123046875,242.92684936523438,134.85133361816406,41.530147552490234,50.79917907714844
2019-09-05,51.16676712036133,92.03600311279297,68.7859878540039,269.72857666015625,133.81243896484375,143.13999938964844,60.0767822265625,106.14756774902344,93.1536636352539,131.6884765625,46.121360778808594,4.464773654937744,102.75537109375,38.87007141113281,203.66891479492188,139.45443725585938,71.53094482421875,246.1392059326172,136.65354919433594,41.84685516357422,51.51765441894531
2019-09-06,51.16195297241211,91.67549896240234,68.86717987060547,275.8958740234375,134.49673461914062,141.9199981689453,59.78587341308594,105.84210205078125,93.35260009765625,130.79519653320312,46.19061279296875,4.437697887420654,102.84744262695312,38.40440368652344,203.1455535888672,139.1112518310547,71.6920394897461,246.31915283203125,136.68060302734375,41.97678756713867,52.00154113769531
2019-09-09,51.38026809692383,91.56749725341797,68.55050659179688,271.5723876953125,133.8028106689453,141.38999938964844,59.733821868896484,104.80193328857422,95.66548156738281,129.30958557128906,46.138153076171875,4.483651161193848,102.26148986816406,38.527408599853516,204.63584899902344,139.7615203857422,71.34681701660156,246.38201904296875,136.76171875,42.0255126953125,52.41208267211914
2019-09-10,51.987239837646484,91.02749633789062,68.20135498046875,269.755859375,130.87289428710938,140.17999267578125,59.75513458251953,106.94831848144531,96.88410949707031,127.9554672241211,45.76676559448242,4.550223350524902,100.34468841552734,38.747066497802734,206.2149200439453,140.5652618408203,70.61033630371094,246.4361114501953,136.8968505859375,42.098602294921875,52.83729934692383
2019-09-11,53.64016342163086,91.14949798583984,68.16072082519531,264.0247497558594,131.25839233398438,141.02999877929688,60.46385192871094,108.28569793701172,97.14937591552734,127.99308013916016,46.173824310302734,4.578789710998535,101.50814819335938,38.85250473022461,207.767333984375,142.57008361816406,70.68704986572266,248.20880126953125,138.01426696777344,42.3341064453125,52.73467254638672
2019-09-12,53.520233154296875,92.17749786376953,68.0307846069336,263.2980041503906,132.52098083496094,141.32000732421875,61.205772399902344,107.67479705810547,97.74626159667969,129.30958557128906,46.31650161743164,4.577298641204834,102.76373291015625,38.7207145690918,204.12135314941406,142.67845153808594,71.06295013427734,248.93760681152344,138.42868041992188,42.5777473449707,52.77132034301758
2019-09-13,52.47903823852539,91.96700286865234,67.64108276367188,265.1237487792969,133.0221405029297,140.14999389648438,61.45655059814453,107.96375274658203,99.66950988769531,129.12142944335938,45.84440994262695,4.5194220542907715,102.21965026855469,39.309383392333984,208.21234130859375,142.5791473388672,70.303466796875,248.8746337890625,138.2935791015625,42.82135772705078,53.25518798828125
2019-09-16,52.754920959472656,90.39199829101562,67.8196792602539,262.20819091796875,130.88253784179688,141.32000732421875,61.04024124145508,106.94007110595703,98.78250122070312,128.19058227539062,45.806640625,4.4764485359191895,100.23587036132812,39.18638229370117,208.94314575195312,143.1053009033203,70.91719818115234,248.05587768554688,138.012939453125,42.480289459228516,54.0543098449707
2019-09-17,52.946861267089844,91.12750244140625,67.97398376464844,264.6785888671875,131.3740692138672,141.60000610351562,60.95350646972656,107.04740142822266,98.29340362548828,129.18727111816406,46.62704849243164,4.497810363769531,101.41612243652344,39.65203857421875,207.24085998535156,142.9151611328125,71.68436431884766,248.73069763183594,138.34788513183594,42.6102180480957,53.643760681152344
2019-09-18,53.44345474243164,90.87300109863281,68.02267456054688,265.6050720214844,131.8463134765625,140.7100067138672,61.090797424316406,107.6583023071289,99.27989959716797,130.24981689453125,46.979549407958984,4.470734596252441,101.62535095214844,39.57297134399414,205.53848266601562,142.32647705078125,71.43887329101562,248.88363647460938,138.32977294921875,42.52900314331055,53.38715362548828
2019-09-19,53.00923156738281,91.07499694824219,68.12013244628906,261.427001953125,128.47303771972656,141.27999877929688,61.39311599731445,107.41064453125,98.9648666381836,132.6475830078125,47.18937301635742,4.395218849182129,102.03551483154297,39.734031677246094,207.53494262695312,141.88267517089844,71.6920394897461,248.8296661376953,138.2392578125,42.59397888183594,53.02793884277344
2019-09-20,52.23433303833008,89.70800018310547,68.36373901367188,260.0918884277344,127.48033905029297,142.9499969482422,60.9515266418457,108.68195343017578,98.56696319580078,131.11492919921875,47.36142349243164,4.289649486541748,102.32008361816406,38.822540283203125,207.57061767578125,141.57476806640625,71.6920394897461,247.49786376953125,137.63272094726562,42.55337142944336,52.84463882446289
2019-09-23,52.471832275390625,89.26499938964844,68.4124526977539,261.19085693359375,127.66346740722656,143.75,61.191898345947266,108.75626373291016,98.55037689208984,130.8328094482422,47.26911544799805,4.343055248260498,103.14039611816406,38.9995231628418,203.89854431152344,141.61093139648438,71.8071060180664,247.66885375976562,137.7051544189453,42.50465393066406,52.881290435791016
2019-09-24,52.22233581542969,87.08049774169922,68.6479263305664,261.49969482421875,127.19121551513672,144.50999450683594,60.38108825683594,108.59940338134766,97.26542663574219,129.17787170410156,47.94683074951172,4.285674571990967,103.46683502197266,39.04376983642578,200.53836059570312,139.84494018554688,71.6478042602539,245.61727905273438,136.4287872314453,42.27595520019531,52.155494689941406
2019-09-25,53.02600860595703,88.41649627685547,68.3231201171875,262.0447082519531,128.27066040039062,141.8300018310547,61.74945068359375,108.1370849609375,97.82086944580078,131.03965759277344,48.12728500366211,4.427265644073486,102.9729995727539,39.83137130737305,198.0160675048828,141.02232360839844,71.7870101928711,247.12002563476562,137.2887420654297,42.2432861328125,52.30943298339844
2019-09-26,52.75252914428711,86.99199676513672,68.43681335449219,261.817626953125,126.5165786743164,141.7899932861328,61.56855392456055,106.37045288085938,97.01673889160156,131.20889282226562,48.620365142822266,4.40515661239624,104.05277252197266,41.11454772949219,192.05340576171875,139.95361328125,72.39020538330078,246.63267517089844,136.87229919433594,42.284122467041016,52.030853271484375
2019-09-27,52.495826721191406,86.27249908447266,68.50992584228516,259.71954345703125,125.2540054321289,141.05999755859375,60.75873565673828,106.16407012939453,97.5887451171875,129.50692749023438,48.52384948730469,4.266548156738281,104.27040100097656,40.27384948730469,191.85731506347656,138.8577423095703,71.9880599975586,245.24940490722656,136.0576171875,42.030921936035156,52.404747009277344
2019-09-30,53.73133087158203,86.79550170898438,68.55862426757812,261.68133544921875,125.60096740722656,138.8699951171875,60.52035140991211,106.80797576904297,97.56388092041016,130.72935485839844,48.88684844970703,4.3239288330078125,104.11136627197266,41.132240295410156,193.693359375,139.3739776611328,72.1117935180664,246.4608917236328,136.69131469726562,42.19428253173828,51.766929626464844
2019-10-01,53.88007354736328,86.78250122070312,68.62533569335938,257.8847961425781,124.85885620117188,139.6300048828125,59.77001190185547,107.31158447265625,95.78984069824219,128.88633728027344,48.68541717529297,4.322190284729004,103.66771697998047,41.76055908203125,193.59532165527344,137.01922607421875,71.43128967285156,243.4954071044922,134.907958984375,41.81039810180664,50.54991149902344
2019-10-02,52.5294189453125,85.6614990234375,68.77996826171875,258.9565124511719,124.46369171142578,141.25999450683594,58.37834930419922,108.97087860107422,93.8831558227539,126.6108627319336,48.072723388671875,4.298343658447266,101.34913635253906,41.08799743652344,193.18531799316406,135.31658935546875,71.12969207763672,239.20086669921875,132.71730041503906,41.156982421875,49.23025894165039
2019-10-03,52.97563552856445,86.22100067138672,69.00785064697266,262.48974609375,123.50953674316406,141.89999389648438,58.948787689208984,108.30219268798828,93.74945068359375,128.14356994628906,48.29513168334961,4.5037713050842285,101.90157318115234,41.70746612548828,191.9464569091797,136.23130798339844,71.81793975830078,241.09950256347656,133.7945556640625,41.475521087646484,49.83877944946289
2019-10-04,54.46063232421875,86.98249816894531,69.12176513671875,264.91473388671875,125.55278015136719,141.89999389648438,60.015830993652344,110.34129333496094,95.78004455566406,129.8737030029297,49.01274108886719,4.520168304443359,103.79329681396484,41.964080810546875,195.90377807617188,137.73468017578125,72.25100708007812,244.44473266601562,135.54161071777344,41.753211975097656,50.5645637512207
2019-10-07,54.47263717651367,86.63300323486328,68.94273376464844,266.4952087402344,126.15995025634766,140.69000244140625,59.88151550292969,109.92852783203125,95.57112884521484,128.933349609375,48.79451370239258,4.578789710998535,102.82232666015625,42.43312454223633,197.18716430664062,137.21849060058594,72.09635162353516,243.39588928222656,135.0075225830078,41.61437225341797,49.86809539794922
2019-10-08,53.83449172973633,85.27549743652344,68.97528076171875,265.11456298828125,123.81796264648438,141.9199981689453,58.98347854614258,108.83881378173828,93.44029235839844,127.56999206542969,48.253177642822266,4.402423858642578,101.22356414794922,42.35346984863281,196.18006896972656,134.98143005371094,71.71739959716797,239.6167449951172,132.82595825195312,41.263153076171875,48.90034484863281
2019-10-09,54.46544647216797,86.09950256347656,68.89389038085938,269.66510009765625,124.64682006835938,142.0500030517578,59.59158706665039,106.6759033203125,94.11714935302734,129.98655700683594,48.964473724365234,4.488866806030273,102.10245513916016,43.079132080078125,197.93582153320312,135.8871307373047,71.85660552978516,241.84996032714844,134.04800415039062,41.589866638183594,49.44287872314453
2019-10-10,55.199546813964844,86.01300048828125,68.68233489990234,269.883056640625,124.65644073486328,140.80999755859375,59.941986083984375,106.54381561279297,95.43743133544922,130.79519653320312,48.67911911010742,4.546496868133545,102.0689697265625,43.30035400390625,199.4064483642578,136.38519287109375,71.97261810302734,243.4954071044922,134.907958984375,41.900230407714844,50.036720275878906
2019-10-11,56.66775894165039,86.59600067138672,68.43004608154297,270.30084228515625,125.31183624267578,140.02999877929688,60.25123596191406,108.41777038574219,97.05020141601562,131.3405303955078,48.1629524230957,4.620024681091309,101.35749816894531,43.733985900878906,197.9269256591797,138.74002075195312,71.9416732788086,246.035888671875,136.3563690185547,42.56998825073242,50.57190704345703
2019-10-14,56.586185455322266,86.82150268554688,68.54402923583984,270.22821044921875,125.00341033935547,140.58999633789062,60.35334014892578,107.91423034667969,97.30924224853516,131.2183074951172,48.02867126464844,4.633437633514404,100.4869613647461,44.167606353759766,196.60787963867188,138.16940307617188,71.97261810302734,245.80987548828125,136.2296905517578,42.39846420288086,50.718528747558594
2019-10-15,56.45424270629883,88.36900329589844,68.36494445800781,271.0184020996094,125.06123352050781,139.61000061035156,61.566078186035156,109.66432189941406,100.24230194091797,133.11770629882812,47.74330520629883,4.877865314483643,98.10140228271484,44.592376708984375,212.65090942382812,139.4826202392578,72.0654067993164,248.18775939941406,137.56936645507812,42.83952713012695,50.89448547363281
2019-10-16,56.22633743286133,88.87149810791016,68.43822479248047,271.3725891113281,126.12142181396484,140.41000366210938,61.6037483215332,111.5878677368164,100.00833892822266,132.0269775390625,48.24058532714844,4.824209690093994,98.37761688232422,44.36228942871094,211.224853515625,139.1837921142578,72.07312774658203,247.79898071289062,137.31588745117188,42.92937088012695,50.02205276489258
2019-10-17,56.44464111328125,89.3740005493164,68.43822479248047,274.6605529785156,127.57672882080078,140.61000061035156,62.08944320678711,112.41339111328125,100.56819152832031,131.34996032714844,48.48816680908203,4.826197147369385,98.24789428710938,44.026023864746094,217.17868041992188,140.3883514404297,72.54485321044922,248.46795654296875,137.76852416992188,43.04372024536133,49.9560661315918
2019-10-18,56.71574020385742,87.87550354003906,68.47075653076172,275.078369140625,126.15032196044922,140.4600067138672,61.67362976074219,105.42109680175781,100.74370574951172,129.20608520507812,48.77983474731445,4.731803894042969,98.95549011230469,43.61008834838867,218.6670684814453,139.8992462158203,73.10164642333984,247.44635009765625,137.21630859375,42.962032318115234,49.567508697509766
2019-10-21,57.69934844970703,89.28299713134766,68.3080062866211,273.4615478515625,125.54314422607422,139.7899932861328,61.66718673706055,105.68524932861328,103.24224853515625,130.16517639160156,48.84697723388672,4.868923664093018,100.3117446899414,44.24726104736328,217.40147399902344,140.804931640625,73.65841674804688,249.1732177734375,138.1125030517578,43.22339630126953,50.39595031738281
2019-10-22,57.56739807128906,88.2864990234375,68.43004608154297,272.453369140625,127.60565185546875,140.1999969482422,61.51453399658203,106.65939331054688,104.27841186523438,128.22817993164062,49.56878662109375,4.858986854553223,102.92317962646484,44.813621520996094,222.35691833496094,140.6509552001953,73.44190979003906,248.29627990722656,137.69613647460938,43.18257141113281,50.65254211425781
2019-10-23,58.33988952636719,88.1084976196289,68.46260833740234,270.046630859375,126.38163757324219,140.52999877929688,62.328819274902344,107.23726654052734,104.5541763305664,129.0462188720703,49.518402099609375,4.846068382263184,103.61392211914062,44.3976936340332,220.85958862304688,140.7595977783203,73.60429382324219,249.0284881591797,137.97674560546875,43.33774948120117,51.13642501831055
2019-10-24,58.43586349487305,89.03900146484375,68.47075653076172,269.8013000488281,125.54314422607422,141.52999877929688,62.40217208862305,105.2559585571289,104.47896575927734,131.58505249023438,49.84364318847656,4.890036106109619,105.12181854248047,45.087955474853516,217.9272918701172,140.95883178710938,73.418701171875,249.4354248046875,138.35696411132812,43.41126251220703,50.65254211425781
2019-10-25,59.15557098388672,88.06649780273438,68.35680389404297,269.3017883300781,126.15995025634766,141.86000061035156,62.65938186645508,105.95768737792969,105.31461334228516,132.32785034179688,49.703060150146484,5.080808639526367,103.82450103759766,45.247222900390625,218.28378295898438,141.56570434570312,72.79231262207031,250.4751739501953,138.9091033935547,43.501102447509766,50.769859313964844
2019-10-28,59.74814224243164,88.85399627685547,68.21033477783203,271.5179138183594,125.80335998535156,140.63999938964844,63.88253402709961,106.64287567138672,105.71571350097656,135.58126831054688,48.93721008300781,5.136700630187988,104.01826477050781,45.406532287597656,220.191162109375,142.6253204345703,72.35153198242188,251.93064880371094,139.75100708007812,43.68897247314453,50.3226432800293
2019-10-29,58.36627197265625,88.135498046875,68.22661590576172,268.720458984375,124.7913818359375,140.25,62.47898864746094,106.59335327148438,105.64884948730469,134.30252075195312,48.80501937866211,5.0405683517456055,104.11936950683594,45.548118591308594,224.8614959716797,142.9151611328125,72.79231262207031,251.7680206298828,139.72384643554688,43.615455627441406,50.17601776123047
2019-10-30,58.35908889770508,88.99949645996094,68.44635772705078,272.3354187011719,124.90705108642578,141.02000427246094,62.48096466064453,109.66432189941406,105.06389617919922,135.9761962890625,49.405113220214844,5.042556285858154,105.2481689453125,45.9374885559082,227.0986328125,142.67965698242188,73.05525207519531,252.6540985107422,140.0587921142578,43.77880859375,49.64814758300781
2019-10-31,59.67855453491211,88.83300018310547,68.77183532714844,270.44207763671875,125.21544647216797,142.42999267578125,62.38679885864258,109.0038833618164,104.38703918457031,134.81024169921875,50.00940704345703,4.993371486663818,104.88591766357422,45.68971633911133,225.22689819335938,141.6743621826172,72.92375946044922,251.84030151367188,139.56991577148438,43.63996887207031,49.538185119628906
2019-11-01,61.37228775024414,89.5719985961914,68.71067810058594,269.5135498046875,127.94296264648438,142.55999755859375,63.05339431762695,108.31047058105469,106.7936782836914,135.1393585205078,49.45756912231445,5.0323710441589355,104.34679412841797,46.10564041137695,224.7902069091797,143.82081604003906,72.90830993652344,254.23622131347656,141.0635986328125,44.06467819213867,51.02645492553711
2019-11-04,61.77532196044922,90.23300170898438,68.51493072509766,270.1781005859375,128.10682678222656,142.14999389648438,63.913761138916016,107.50968933105469,107.6460189819336,135.91981506347656,48.175540924072266,5.228856086730957,100.30335235595703,47.33571243286133,223.93453979492188,144.71743774414062,72.3979263305664,255.2488555908203,141.57957458496094,44.3178825378418,52.544036865234375
2019-11-05,61.68655776977539,90.08550262451172,68.27839660644531,272.3262023925781,126.69004821777344,139.85000610351562,64.00445556640625,107.66656494140625,107.8799819946289,135.83518981933594,47.65308380126953,5.20674991607666,100.16011810302734,47.388797760009766,223.0878143310547,144.88949584960938,71.16831970214844,254.92333984375,141.452880859375,44.391387939453125,53.58510971069336
2019-11-06,61.71294403076172,89.78849792480469,68.42520904541016,274.501708984375,126.5165786743164,140.4499969482422,63.98313903808594,108.11235046386719,108.04712677001953,135.4590301513672,47.73281478881836,5.157565116882324,101.35631561279297,47.46843719482422,223.2838897705078,144.24649047851562,71.32301330566406,255.05892944335938,141.3894805908203,44.3178825378418,52.41208267211914
2019-11-07,62.4251823425293,89.41000366210938,68.07452392578125,277.8149719238281,128.14535522460938,138.27000427246094,64.77264404296875,108.50035095214844,108.63204956054688,135.6470947265625,46.8095817565918,5.175202369689941,100.76663970947266,47.4949951171875,228.57809448242188,144.37322998046875,70.61155700683594,255.9630584716797,141.86927795410156,44.48939895629883,53.526458740234375
2019-11-08,62.59604263305664,89.29399871826172,68.00929260253906,275.45745849609375,132.96434020996094,137.38999938964844,64.87474060058594,109.79644012451172,108.9496078491211,137.24560546875,46.5976676940918,5.16129207611084,100.83402252197266,46.751651763916016,229.03269958496094,145.03439331054688,70.44141387939453,256.5869445800781,142.26754760742188,44.383216857910156,52.509944915771484
2019-11-11,63.09172821044922,88.5824966430664,68.05007934570312,273.8372497558594,131.7884979248047,137.05999755859375,64.34345245361328,108.9543685913086,108.56520080566406,137.38662719726562,46.62704849243164,5.171227931976318,100.52235412597656,46.548099517822266,226.46578979492188,144.9075927734375,70.59611511230469,256.0896911621094,141.9869384765625,44.23619842529297,52.19089126586914
2019-11-12,63.03396987915039,88.9000015258789,68.09085083007812,273.5277099609375,133.56185913085938,137.42999267578125,64.29041290283203,108.43428039550781,107.93012237548828,138.2893524169922,46.83686828613281,5.20674991607666,100.4718017578125,46.14988327026367,227.49969482421875,144.87139892578125,70.06251525878906,256.5960388183594,142.23138427734375,44.187191009521484,51.471160888671875
2019-11-13,63.637943267822266,87.65550231933594,68.21317291259766,275.7123107910156,143.33465576171875,137.97999572753906,64.23936462402344,108.36823272705078,107.36189270019531,138.51502990722656,47.82094955444336,5.180915355682373,101.63428497314453,46.795894622802734,226.0023193359375,144.50009155273438,70.704345703125,256.7044677734375,142.29470825195312,44.023841857910156,51.04823303222656
2019-11-14,63.197593688964844,87.7300033569336,68.40892028808594,277.25067138671875,141.821533203125,138.55999755859375,64.88217163085938,108.11235046386719,107.46217346191406,139.22023010253906,48.23219680786133,5.211220741271973,101.5079345703125,46.44190979003906,228.01661682128906,144.75364685058594,71.25343322753906,257.048095703125,142.43959045410156,43.974830627441406,50.82564163208008
2019-11-15,63.948360443115234,86.97450256347656,68.38446044921875,276.40423583984375,139.43133544921875,138.2100067138672,66.09095001220703,111.3979721069336,108.23931884765625,141.0161590576172,48.55742263793945,5.072115421295166,101.54161834716797,47.15872573852539,240.11129760742188,145.84046936035156,71.64008331298828,258.9646911621094,143.52586364746094,44.26886749267578,51.337615966796875
2019-11-18,64.27076721191406,87.62650299072266,68.48231506347656,277.2051086425781,142.3034210205078,138.6199951171875,65.4119644165039,111.30714416503906,109.15013122558594,141.3640899658203,48.712684631347656,5.273074150085449,102.67884063720703,47.27375793457031,243.25753784179688,145.56875610351562,71.9880599975586,259.12750244140625,143.60733032226562,44.29337692260742,50.840484619140625
2019-11-19,64.07587432861328,87.6395034790039,68.55574798583984,275.1115417480469,143.0070037841797,138.69000244140625,65.05266571044922,111.29891204833984,109.11672973632812,141.41111755371094,48.81760787963867,5.166507244110107,102.28292846679688,47.574642181396484,244.4162139892578,145.8314208984375,72.1117935180664,259.00091552734375,143.65257263183594,44.26069641113281,50.32109832763672
2019-11-20,63.3299446105957,87.27649688720703,68.74332427978516,273.591552734375,141.6094970703125,138.75999450683594,64.5208740234375,112.2235107421875,108.32286834716797,141.16586303710938,49.35475540161133,5.245747089385986,103.01583099365234,47.34455871582031,245.6015625,145.37855529785156,72.07312774658203,258.08770751953125,143.19996643066406,44.032012939453125,50.47692108154297
2019-11-21,63.045989990234375,86.7354965209961,68.62910461425781,273.31842041015625,141.58058166503906,138.0,64.43563842773438,112.63628387451172,108.57354736328125,141.03370666503906,49.33796310424805,5.2209086418151855,101.37316131591797,46.8843879699707,246.4839630126953,144.66310119628906,71.06008911132812,257.6899108886719,142.83787536621094,43.95033645629883,51.693763732910156
2019-11-22,62.990657806396484,87.28600311279297,68.66988372802734,272.444580078125,142.92027282714844,137.74000549316406,64.11497497558594,113.9819107055664,109.29219818115234,141.13751220703125,48.96867752075195,5.2385454177856445,101.33106231689453,46.716251373291016,246.74241638183594,145.00730895996094,70.79715728759766,258.2594909667969,143.1547088623047,44.04017639160156,51.471160888671875
2019-11-25,64.09513092041016,88.69200134277344,68.73512268066406,272.20794677734375,144.26954650878906,137.0800018310547,64.70822143554688,114.03177642822266,109.87716674804688,142.68484497070312,48.79661560058594,5.4948954582214355,101.516357421875,47.574642181396484,251.93865966796875,147.28953552246094,71.02140808105469,260.2214660644531,144.51258850097656,44.366886138916016,51.12984848022461
2019-11-26,63.594635009765625,89.84700012207031,68.84933471679688,274.2012939453125,146.14892578125,137.74000549316406,65.07299041748047,114.02348327636719,110.02754974365234,143.43963623046875,49.29180145263672,5.390318393707275,102.99055480957031,47.459598541259766,250.80662536621094,147.78765869140625,71.96484375,260.745849609375,144.8203125,44.366886138916016,51.003726959228516
2019-11-27,64.44883728027344,90.92549896240234,68.74332427978516,273.76446533203125,145.9947509765625,137.00999450683594,65.02986907958984,114.50562286376953,110.35343933105469,143.71324157714844,49.16524124145508,5.4251203536987305,102.56934356689453,47.6896858215332,250.156005859375,148.76577758789062,72.30513000488281,261.97540283203125,145.50833129882812,44.46489334106445,50.97404479980469
2019-11-29,64.30687713623047,90.04000091552734,68.74332427978516,272.8997497558594,146.09112548828125,137.86000061035156,64.63139343261719,114.28946685791016,110.10277557373047,142.82635498046875,49.32345199584961,5.387831687927246,102.82207489013672,46.98172378540039,249.4430694580078,147.62464904785156,71.97261810302734,260.9718322753906,144.85658264160156,44.07284927368164,50.551109313964844
2019-12-02,63.5633430480957,89.08000183105469,68.5634994506836,270.6968994140625,145.16586303710938,137.7899932861328,63.876583099365234,114.18140411376953,109.86043548583984,141.0997772216797,48.78130340576172,5.201641082763672,103.37804412841797,46.8843879699707,249.2559051513672,146.06689453125,70.88223266601562,258.84716796875,143.54397583007812,43.893157958984375,50.76628494262695
2019-12-03,62.430015563964844,88.49800109863281,68.93122100830078,269.13128662109375,143.1997833251953,139.11000061035156,64.16800689697266,114.01518249511719,108.4482192993164,140.8733673095703,48.988037109375,5.162117004394531,103.5718002319336,46.707401275634766,246.7958984375,145.52345275878906,71.3384780883789,257.030029296875,142.69305419921875,43.74613952636719,50.36560821533203
2019-12-04,62.98102951049805,88.03450012207031,68.79234313964844,269.9050598144531,142.91064453125,138.9199981689453,65.36737060546875,115.86056518554688,110.58744812011719,141.38282775878906,49.416263580322266,5.205867290496826,104.90277862548828,47.061378479003906,248.9528350830078,146.52879333496094,71.63233184814453,258.6754455566406,143.6164093017578,44.121856689453125,50.93693923950195
2019-12-05,63.9050178527832,87.02400207519531,68.71876525878906,266.7919616699219,142.1010284423828,139.0,65.76483917236328,116.01016998291016,111.18910217285156,141.458251953125,49.479549407958984,5.188963890075684,104.97857666015625,48.14100646972656,251.34152221679688,146.58311462402344,71.67101287841797,259.1546630859375,143.82461547851562,44.121856689453125,50.75887680053711
2019-12-06,65.13945770263672,87.58000183105469,68.62886810302734,268.4758605957031,142.3130645751953,137.6199951171875,66.38087463378906,116.69181060791016,112.84362030029297,143.1754608154297,49.44367599487305,5.274229526519775,104.61636352539062,48.61887741088867,250.68833923339844,147.9688262939453,71.81793975830078,261.4601135253906,145.1009979248047,44.49756622314453,51.575050354003906
2019-12-09,64.22746276855469,87.47550201416016,68.64521789550781,268.6670837402344,140.91558837890625,137.5800018310547,66.55929565429688,116.79153442382812,112.31720733642578,142.8074951171875,49.41836929321289,5.274229526519775,105.189208984375,48.19411087036133,248.3173370361328,147.38009643554688,71.95714569091797,260.66448974609375,144.6393280029297,44.26886749267578,51.686344146728516
2019-12-10,64.60285186767578,86.96050262451172,68.59618377685547,269.2313232421875,140.80955505371094,137.97000122070312,66.5543441772461,116.36759948730469,112.39241790771484,142.59048461914062,49.45633316040039,5.319222927093506,104.6837387084961,48.2472038269043,250.08883666992188,147.18991088867188,71.53954315185547,260.4203186035156,144.51258850097656,44.35054397583008,51.241153717041016
2019-12-11,65.15386962890625,87.43599700927734,68.82502746582031,268.7945251464844,142.24559020996094,138.9199981689453,66.62174987792969,117.19055938720703,112.12498474121094,143.12831115722656,49.73690414428711,5.40274715423584,105.01228332519531,49.46843338012695,250.96566772460938,147.20803833007812,70.81262969970703,261.0984802246094,144.85658264160156,44.64458465576172,51.16695785522461
2019-12-12,65.31990814208984,88.0165023803711,68.49813079833984,270.6513977050781,142.40943908691406,138.42999267578125,66.8318862915039,117.48980712890625,115.33381652832031,144.581298828125,49.34031677246094,5.57004451751709,104.93647003173828,51.86662292480469,253.74819946289062,148.4578399658203,69.85372161865234,263.3948974609375,146.04241943359375,45.08564376831055,52.19089126586914
2019-12-13,66.20781707763672,88.0469970703125,68.80867767333984,265.6723327636719,141.92465209960938,139.0500030517578,66.75160217285156,117.5230712890625,114.32267761230469,145.79840087890625,49.983707427978516,5.568056106567383,105.69461822509766,51.54804229736328,255.42132568359375,147.9325714111328,69.8691635131836,263.4942932128906,146.04241943359375,45.273502349853516,51.36729049682617
2019-12-16,67.34114074707031,88.46050262451172,68.6207046508789,267.15606689453125,143.9413604736328,139.0399932861328,67.43701171875,117.86386108398438,114.7656021118164,146.7418670654297,50.515296936035156,5.596893787384033,105.77043914794922,51.804683685302734,261.2816467285156,148.83824157714844,70.37184143066406,265.35675048828125,147.11065673828125,45.70637893676758,51.93861770629883
2019-12-17,67.47349548339844,89.53299713134766,68.62886810302734,269.0220031738281,143.23355102539062,139.00999450683594,67.1490707397461,119.33517456054688,115.46749877929688,145.94937133789062,50.58913040161133,5.674947261810303,105.55984497070312,52.415287017822266,259.8858947753906,149.32728576660156,69.70679473876953,265.4110412597656,147.16493225097656,45.649208068847656,51.7011833190918
2019-12-18,67.3122787475586,89.20149993896484,68.53898620605469,265.6723327636719,141.8083038330078,139.02000427246094,67.00138092041016,119.02762603759766,115.35054016113281,145.64743041992188,50.68826675415039,5.705276012420654,104.4647216796875,52.30025100708008,262.0600280761719,149.6986083984375,70.55638885498047,265.42919921875,147.22824096679688,45.681880950927734,51.84215545654297
2019-12-19,67.3796615600586,89.61399841308594,68.5880126953125,267.34735107421875,141.70166015625,139.3800048828125,67.22588348388672,120.82317352294922,114.77394104003906,146.9116973876953,50.76421356201172,5.853184223175049,105.23127746582031,51.649723052978516,263.5990295410156,150.2782745361328,71.18169403076172,266.5321350097656,147.8709716796875,45.657379150390625,51.486000061035156
2019-12-20,67.24008178710938,89.32499694824219,68.6043701171875,268.3666687011719,142.40943908691406,139.52000427246094,66.96717834472656,121.4133071899414,114.68202209472656,148.51564025878906,51.19875717163086,5.950380802154541,105.60195922851562,51.62298583984375,261.7826843261719,150.90316772460938,71.57250213623047,267.8883056640625,148.6313934326172,45.673709869384766,51.89409637451172
2019-12-23,68.33731842041016,89.6500015258789,68.56096649169922,266.98309326171875,140.27638244628906,139.9499969482422,66.93795013427734,121.729248046875,114.6485824584961,148.51564025878906,50.3697509765625,5.93670654296875,105.21446228027344,51.88142395019531,264.0194091796875,151.01185607910156,71.21295928955078,268.15087890625,148.7219696044922,45.74640655517578,52.15380096435547
2019-12-24,68.4023208618164,89.46050262451172,68.62646484375,267.820556640625,140.8678436279297,141.27000427246094,66.63067626953125,121.3052749633789,114.96614837646484,148.48736572265625,50.734676361083984,5.931737422943115,105.4840087890625,51.471500396728516,263.52740478515625,151.1329345703125,71.40054321289062,268.15087890625,148.75469970703125,45.754669189453125,51.95345687866211
2019-12-26,69.7594223022461,93.4384994506836,68.69200134277344,269.1859130859375,141.26535034179688,142.3800048828125,67.52472686767578,121.22213745117188,116.1861343383789,149.70443725585938,51.04054260253906,5.9459052085876465,105.4840087890625,51.90815734863281,264.5205078125,151.39700317382812,71.71318054199219,269.52276611328125,149.47373962402344,45.952919006347656,52.03507614135742
2019-12-27,69.73294830322266,93.48999786376953,68.7902603149414,267.71124267578125,141.3138427734375,142.3300018310547,67.13668823242188,121.15565490722656,116.26972961425781,149.9780731201172,51.15657043457031,5.888232231140137,106.2168960571289,52.09528350830078,264.806884765625,150.9326171875,71.93986511230469,269.52276611328125,149.3372039794922,46.17595291137695,51.85699462890625
2019-12-30,70.14683532714844,92.34449768066406,68.7657470703125,268.6488342285156,139.39410400390625,142.6300048828125,66.39674377441406,120.7815933227539,115.84358215332031,148.6854705810547,50.89920425415039,5.775128364562988,104.85224914550781,51.55169677734375,262.9100646972656,150.4773406982422,72.01019287109375,268.04180908203125,148.52719116210938,45.82074737548828,51.552791595458984
2019-12-31,70.65939331054688,92.39199829101562,68.69200134277344,267.5383605957031,140.22793579101562,142.89999389648438,66.38087463378906,121.25543975830078,116.48699951171875,148.78924560546875,51.082740783691406,5.84920597076416,105.21446228027344,51.77449035644531,263.0263977050781,150.82339477539062,72.52606964111328,268.7322692871094,148.9185333251953,46.00248336791992,51.7753791809082
2020-01-02,72.27153015136719,94.90049743652344,68.78211975097656,265.3264465332031,143.68927001953125,143.9499969482422,67.83251953125,121.33853149414062,117.89920043945312,151.5442657470703,50.33598709106445,5.963802337646484,103.95928955078125,53.50326919555664,261.70220947265625,151.08746337890625,71.67408752441406,271.1125793457031,150.1563720703125,46.51462936401367,52.606407165527344
2020-01-03,71.56893157958984,93.74849700927734,69.02783966064453,265.5449523925781,142.041015625,145.86000061035156,67.47765350341797,119.9336929321289,116.34335327148438,149.6572723388672,50.694602966308594,5.86834716796875,103.26011657714844,51.73883819580078,259.0538024902344,150.5410919189453,72.11961364746094,269.13201904296875,149.20071411132812,45.94466018676758,52.18347930908203
2020-01-06,72.13919067382812,95.14399719238281,68.94591522216797,265.6177978515625,141.21685791015625,147.38999938964844,69.27620697021484,119.7840805053711,116.25083923339844,150.0441131591797,50.94773483276367,5.89295768737793,103.40331268310547,51.141780853271484,260.8521423339844,150.74139404296875,72.20561218261719,270.1404724121094,149.71038818359375,46.01073455810547,52.584136962890625
2020-01-07,71.79991912841797,95.34300231933594,68.88858795166016,265.19903564453125,141.26535034179688,147.97000122070312,69.14241790771484,120.51554107666016,114.27452087402344,148.67608642578125,50.9034309387207,5.96429967880249,102.76310729980469,51.97053527832031,259.2774963378906,150.4044952392578,71.40054321289062,269.39556884765625,149.35540771484375,45.928138732910156,52.15380096435547
2020-01-08,72.95490264892578,94.59850311279297,68.78211975097656,268.2392578125,140.9744873046875,146.86000061035156,69.63453674316406,120.49900817871094,115.1659927368164,151.04417419433594,50.88022994995117,5.975487232208252,103.2011489868164,52.35371398925781,264.7441101074219,150.88710021972656,71.61939239501953,270.7855224609375,150.09263610839844,46.01073455810547,51.36729049682617
2020-01-09,74.50453186035156,95.05249786376953,68.8639907836914,272.54473876953125,140.4218292236328,146.02999877929688,70.36555480957031,120.85640716552734,115.58649444580078,152.93118286132812,51.2789192199707,6.041113376617432,104.3299331665039,52.781455993652344,263.2411193847656,151.22402954101562,71.5802993774414,272.6570129394531,151.03012084960938,46.217247009277344,51.76054000854492
2020-01-10,74.67298126220703,94.15799713134766,68.97869110107422,270.5602722167969,140.21820068359375,146.91000366210938,70.82002258300781,120.58206939697266,114.43429565429688,152.22360229492188,51.375946044921875,6.073429584503174,104.43102264404297,52.45174026489258,264.0552978515625,150.7322998046875,72.12744140625,271.8757019042969,150.59324645996094,46.159427642822266,51.300514221191406
2020-01-13,76.26831817626953,94.56500244140625,68.93770599365234,272.9543762207031,139.5007781982422,145.82000732421875,71.36865234375,121.11408233642578,115.38459014892578,154.05397033691406,51.977142333984375,6.263846397399902,105.19762420654297,53.521087646484375,255.75233459472656,151.97067260742188,72.99504089355469,273.674560546875,151.62167358398438,46.50636291503906,51.79021072387695
2020-01-14,75.23843383789062,93.47200012207031,69.0360336303711,272.8450927734375,140.78057861328125,145.69000244140625,70.90081024169922,121.79570770263672,116.730224609375,152.9689483642578,52.25770950317383,6.147010803222656,105.03755950927734,53.75278091430664,257.8907165527344,152.48968505859375,72.72148132324219,273.31109619140625,151.53977966308594,46.51462936401367,51.34501266479492
2020-01-15,74.91600036621094,93.10099792480469,69.14249420166016,273.81903076171875,139.9273681640625,146.5399932861328,71.32752227783203,122.20306396484375,114.98094177246094,153.9595947265625,53.069854736328125,6.104502201080322,106.10739135742188,52.03290939331055,265.200439453125,152.84478759765625,73.37803649902344,273.9197998046875,151.91290283203125,46.39072036743164,51.263404846191406
2020-01-16,75.85443878173828,93.89700317382812,69.10155487060547,275.83074951171875,140.7030029296875,146.30999755859375,71.87071228027344,123.19221496582031,115.42666625976562,156.78067016601562,53.21540832519531,6.188028812408447,106.20006561279297,52.35371398925781,269.0745849609375,154.62039184570312,73.96424102783203,276.2092590332031,153.21444702148438,46.63853454589844,51.063072204589844
2020-01-17,76.69420623779297,93.23600006103516,69.09336853027344,277.3326416015625,139.9370574951172,146.5800018310547,73.32581329345703,123.99855041503906,116.22561645507812,157.6581573486328,53.45378112792969,6.196728706359863,106.4864730834961,52.20222473144531,267.0435791015625,154.2561492919922,74.03459167480469,277.1449279785156,153.59669494628906,46.78722381591797,50.87015914916992
2020-01-21,76.17446899414062,94.5999984741211,69.26538848876953,285.1424865722656,139.1905059814453,146.74000549316406,73.46110534667969,124.08165740966797,115.08185577392578,157.09197998046875,54.189971923828125,6.163418769836426,106.2168960571289,51.899234771728516,268.88665771484375,153.45486450195312,74.73805236816406,276.57257080078125,153.26905822753906,46.27507400512695,50.14303207397461
2020-01-22,76.44636535644531,94.37300109863281,69.32274627685547,283.89544677734375,139.6267852783203,146.7899932861328,73.54138946533203,123.23377227783203,114.94729614257812,156.33721923828125,54.82492446899414,6.217360019683838,106.40221405029297,51.99726104736328,268.94036865234375,153.35470581054688,74.23782348632812,276.6452941894531,153.3600616455078,46.44028854370117,49.85365676879883
2020-01-23,76.81455993652344,94.22899627685547,69.44557189941406,284.7965393066406,137.87188720703125,147.1199951171875,73.58202362060547,123.46653747558594,114.82954406738281,157.29957580566406,54.86289596557617,6.285721302032471,105.91580963134766,51.221981048583984,267.92938232421875,153.4730682373047,74.86309814453125,276.9178466796875,153.53298950195312,46.258548736572266,49.54201889038086
2020-01-24,76.59315490722656,93.08200073242188,69.55205535888672,282.6394348144531,135.81642150878906,147.97999572753906,72.66416931152344,123.29199981689453,111.97859191894531,155.7145233154297,55.63074493408203,6.226558208465576,106.04292297363281,51.44477462768555,261.9794921875,151.6793212890625,74.60517120361328,274.3921813964844,152.07672119140625,45.99421691894531,49.208126068115234
2020-01-27,74.34090423583984,91.41699981689453,69.78142547607422,281.6744079589844,131.76365661621094,148.99000549316406,70.9572982788086,123.6493911743164,111.03666687011719,153.11050415039062,56.26777648925781,5.971013069152832,106.50898742675781,49.24367904663086,254.17764282226562,149.6487579345703,74.24561309814453,270.0313720703125,149.79229736328125,44.98644256591797,48.03580093383789
2020-01-28,76.44398498535156,92.6624984741211,69.6585693359375,282.94873046875,134.158447265625,147.66000366210938,71.88756561279297,124.2728271484375,113.0550765991211,156.1107940673828,56.071617126464844,6.164163589477539,106.79711151123047,50.87443923950195,255.7703094482422,151.19668579101562,74.54263305664062,272.9568176269531,151.23944091796875,45.32511901855469,47.969017028808594
2020-01-29,78.04412841796875,92.9000015258789,69.85514831542969,281.79278564453125,131.9187774658203,148.4600067138672,72.19482421875,125.13735961914062,112.88687896728516,158.54502868652344,56.061065673828125,6.103757858276367,105.97514343261719,50.963565826416016,253.1129150390625,150.7050018310547,74.26905822753906,272.6841735839844,151.13929748535156,45.34989929199219,47.568359375
2020-01-30,77.93102264404297,93.53399658203125,69.8715591430664,281.692626953125,133.61550903320312,148.47000122070312,72.07341766357422,124.98773956298828,114.28294372558594,163.01718139648438,56.94072341918945,6.11046838760376,106.72930908203125,49.72488784790039,251.39512634277344,150.65948486328125,74.32376861572266,273.5382080078125,151.5033416748047,45.184696197509766,48.072898864746094
2020-01-31,74.47566986083984,100.43599700927734,70.05172729492188,278.0972595214844,134.10028076171875,149.3300018310547,71.00934600830078,123.74919128417969,111.31419372558594,160.61122131347656,56.575782775878906,5.877294540405273,105.602294921875,48.0673942565918,243.76324462890625,147.7821502685547,73.41712951660156,268.6323547363281,148.82749938964844,44.441246032714844,46.09181213378906
2020-02-03,74.27111053466797,100.20999908447266,69.98854064941406,274.8930969238281,137.0186767578125,148.36000061035156,73.47845458984375,124.8298110961914,112.16361236572266,164.5267791748047,56.28256607055664,5.974246025085449,106.01749420166016,48.807029724121094,245.16790771484375,149.09335327148438,73.65940856933594,270.585693359375,150.1381072998047,44.523868560791016,45.060462951660156
2020-02-04,76.72310638427734,102.4834976196289,69.77510833740234,277.5328369140625,140.32485961914062,146.42999267578125,71.63528442382812,126.01849365234375,113.77830505371094,169.9424285888672,55.80370330810547,6.143280982971191,106.48358154296875,51.257633209228516,251.2698211669922,151.43345642089844,74.4175796508789,274.7557067871094,152.5045166015625,45.30858612060547,44.49654769897461
2020-02-05,77.34871673583984,101.99349975585938,69.66019439697266,281.2193603515625,137.06712341308594,146.61000061035156,71.6670150756836,128.00521850585938,115.71258544921875,169.73486328125,56.261470794677734,6.233517169952393,107.45807647705078,51.61407470703125,264.5920715332031,153.18167114257812,74.46446990966797,277.8626403808594,154.00625610351562,45.721614837646484,46.54440689086914
2020-02-06,78.25345611572266,102.5114974975586,69.72584533691406,283.32647705078125,138.35667419433594,147.39999389648438,73.14985656738281,127.62283325195312,115.72945404052734,173.2540740966797,56.603214263916016,6.32027530670166,107.7376937866211,51.70320129394531,261.6663513183594,152.76283264160156,74.71459197998047,278.8075256347656,154.43405151367188,45.829010009765625,45.91373825073242
2020-02-07,77.1897964477539,103.96399688720703,69.93927764892578,286.0810852050781,136.72779846191406,147.7899932861328,73.30548095703125,126.25955963134766,115.3593978881836,173.49940490722656,56.85844039916992,6.254151344299316,106.83949279785156,50.08134841918945,258.7674865722656,151.16024780273438,74.69895935058594,277.3901672363281,153.5512237548828,45.37469482421875,45.60952377319336
2020-02-10,77.55641174316406,106.69550323486328,70.0460205078125,286.2270812988281,138.25,148.1699981689453,74.76998901367188,126.23462677001953,115.8387680053711,178.0376434326172,57.322513580322266,6.537040710449219,106.91575622558594,50.81206512451172,256.8080749511719,152.11634826660156,75.53529357910156,279.3799133300781,154.67977905273438,45.46554946899414,45.127845764160156
2020-02-11,77.08848571777344,107.54000091552734,69.93106842041016,283.3902282714844,136.71810913085938,147.66000366210938,74.83939361572266,126.34265899658203,116.05742645263672,174.018310546875,57.40901565551758,6.65934419631958,105.21248626708984,52.27351379394531,260.17218017578125,153.19082641601562,76.10587310791016,279.8886413574219,155.10752868652344,45.79596710205078,45.55683135986328
2020-02-12,78.919189453125,108.0,69.84899139404297,287.4402770996094,137.53253173828125,147.5399932861328,75.26411437988281,125.59455108642578,116.05742645263672,174.27308654785156,57.01032638549805,6.774937152862549,104.61083221435547,53.13791275024414,271.5261535644531,154.2470245361328,76.5592041015625,281.6874084472656,156.08143615722656,46.12638473510742,46.113792419433594
2020-02-13,78.35717010498047,107.49349975585938,69.91466522216797,290.2497863769531,136.6114501953125,148.3800048828125,75.0044174194336,124.7633056640625,115.95653533935547,173.32960510253906,58.10936737060547,6.7311859130859375,105.89039611816406,52.870567321777344,270.380859375,154.63861083984375,77.02035522460938,281.4149169921875,156.0177001953125,45.77119445800781,45.85789108276367
2020-02-14,78.37647247314453,106.74349975585938,69.98854064941406,290.35003662109375,135.2928466796875,149.0,75.26908111572266,124.79658508300781,115.60330963134766,174.87693786621094,58.752742767333984,7.203746318817139,106.89031982421875,51.85468673706055,267.3209228515625,154.5565948486328,77.81758880615234,281.88739013671875,156.2725372314453,45.74640655517578,45.647159576416016
2020-02-18,76.94135284423828,107.78350067138672,70.09526062011719,293.76153564453125,134.905029296875,150.91000366210938,75.30426025390625,123.97362518310547,114.07267761230469,176.65065002441406,59.49529266357422,7.372285842895508,105.81414794921875,50.06352233886719,270.3271789550781,154.11045837402344,77.73162078857422,281.1150207519531,155.90847778320312,45.46554946899414,45.067626953125
2020-02-19,78.0556869506836,108.51100158691406,70.08704376220703,294.6463623046875,136.99928283691406,151.7899932861328,75.5733642578125,123.80734252929688,115.6285400390625,177.1804962158203,57.94060516357422,7.822971343994141,106.29714965820312,51.364566802978516,273.1633605957031,154.78427124023438,76.68428802490234,282.46868896484375,156.70034790039062,45.680328369140625,45.413841247558594
2020-02-20,77.2549057006836,107.65499877929688,70.25945281982422,295.61334228515625,136.0975799560547,152.41000366210938,75.18284606933594,123.33354949951172,115.6285400390625,174.47471618652344,58.43844223022461,7.673820495605469,107.26318359375,50.33085632324219,270.3182373046875,155.2304229736328,77.59876251220703,281.3604431152344,156.22702026367188,45.30858612060547,45.05257797241211
2020-02-21,75.50624084472656,104.79850006103516,70.43181610107422,293.6703186035156,134.7401885986328,154.6999969482422,73.52105712890625,124.63032531738281,114.21562194824219,168.95909118652344,58.556575775146484,7.310140609741211,107.3648681640625,49.537757873535156,269.6919250488281,153.3638153076172,77.8254165649414,278.444091796875,154.62515258789062,45.069053649902344,44.503150939941406
2020-02-24,71.91968536376953,100.4645004272461,70.6534652709961,286.0721435546875,128.9615936279297,156.08999633789062,70.3690185546875,122.06205749511719,111.14601135253906,161.67434692382812,57.78659439086914,6.793332099914551,104.48372650146484,48.22779083251953,248.54098510742188,148.81105041503906,76.76241302490234,269.13201904296875,149.5374298095703,43.40043640136719,42.41836166381836
2020-02-25,69.48359680175781,98.63700103759766,70.71089935302734,278.0905456542969,124.2883071899414,153.3000030517578,68.70674896240234,121.00800323486328,106.18411254882812,159.00645446777344,57.02510070800781,6.514171600341797,102.89910888671875,47.9961051940918,235.6571807861328,143.8394775390625,74.6833267211914,261.0464782714844,144.968505859375,42.80568313598633,40.792667388916016
2020-02-26,70.5858383178711,98.97949981689453,70.66989135742188,278.8386535644531,119.60531616210938,153.97000122070312,68.91242980957031,120.19651794433594,106.50371551513672,160.9931640625,56.84366226196289,6.653378009796143,101.82292175292969,49.038719177246094,235.3083038330078,141.95462036132812,73.87825775146484,259.8927307128906,144.16757202148438,42.88828659057617,39.89704132080078
2020-02-27,65.9718017578125,94.21499633789062,70.751953125,267.38177490234375,114.44723510742188,154.0,65.16963195800781,116.3818130493164,102.0716552734375,149.6497802734375,54.2524528503418,6.283013820648193,96.17926788330078,47.488162994384766,227.18431091308594,136.71897888183594,69.94673156738281,248.37306213378906,137.8511505126953,41.665740966796875,37.49613952636719
2020-02-28,65.93318176269531,94.1875,71.21989440917969,256.4449462890625,114.0691146850586,148.3800048828125,66.37394714355469,112.50021362304688,97.6480484008789,153.27320861816406,53.59722900390625,6.717552185058594,95.95046997070312,47.97828674316406,228.11483764648438,135.1710662841797,68.25845336914062,246.8739471435547,136.92279052734375,41.508792877197266,38.71540451049805
2020-03-02,72.07161712646484,97.69750213623047,71.17296600341797,281.9855651855469,116.32819366455078,149.1999969482422,68.70674896240234,117.13475799560547,102.19781494140625,163.4718780517578,56.90304946899414,6.875746726989746,101.31446075439453,49.88529586791992,244.35369873046875,138.94976806640625,71.17386627197266,257.8940734863281,142.59298706054688,41.96311569213867,40.55183410644531
2020-03-03,69.78268432617188,95.44950103759766,71.60069274902344,276.1385498046875,112.90563201904297,153.88999938964844,66.2981185913086,113.42879486083984,98.36284637451172,155.6383819580078,56.2244987487793,6.61358118057251,100.1365966796875,48.90506362915039,233.87673950195312,135.73562622070312,71.00975036621094,250.78053283691406,138.91598510742188,41.5831413269043,38.610050201416016
2020-03-04,73.01951599121094,98.79149627685547,71.58425903320312,292.566650390625,115.55253601074219,154.16000366210938,68.47284698486328,120.02923583984375,100.7933349609375,161.3527374267578,59.84415817260742,7.076723575592041,105.5006103515625,50.865535736083984,258.9465026855469,140.02427673339844,73.690673828125,261.1736755371094,144.4678955078125,42.6569938659668,39.452999114990234
2020-03-05,70.65098571777344,96.20149993896484,71.85566711425781,288.0240173339844,110.51082611083984,157.49000549316406,65.16019439697266,118.79947662353516,95.84830474853516,157.30348205566406,58.55915069580078,6.797644138336182,103.06857299804688,49.662513732910156,253.16659545898438,135.27117919921875,72.11180877685547,252.4248809814453,139.6532440185547,41.6327018737793,37.71440887451172
2020-03-06,69.71273040771484,95.05449676513672,72.34917449951172,283.9922790527344,111.76154327392578,157.5500030517578,64.21757507324219,118.81622314453125,90.89483642578125,152.8569793701172,57.63885498046875,6.617312908172607,103.09402465820312,49.07436752319336,253.98089599609375,132.55775451660156,70.86903381347656,248.19131469726562,137.05923461914062,41.013160705566406,35.893028259277344
2020-03-09,64.1989974975586,90.03050231933594,72.19290924072266,275.4544372558594,101.17391967773438,157.80999755859375,60.25520324707031,114.13986206054688,78.58263397216797,142.49746704101562,55.40386962890625,6.104920387268066,98.34858703613281,46.18712615966797,244.6490020751953,119.93756103515625,65.40556335449219,229.04025268554688,126.05558013916016,37.77506637573242,31.50519561767578
2020-03-10,68.82270050048828,94.59100341796875,71.22235107421875,282.2227478027344,108.06752014160156,154.47999572753906,63.19810485839844,118.4899673461914,84.68828582763672,152.24203491210938,54.22700500488281,6.493940353393555,102.15337371826172,48.57533645629883,250.5183868408203,124.57683563232422,68.16886138916016,240.79481506347656,132.30833435058594,39.23716735839844,32.67176818847656
2020-03-11,66.4324722290039,91.04299926757812,69.87335968017578,271.3040466308594,102.2986068725586,153.92999267578125,60.01285171508789,110.25824737548828,80.70194244384766,145.34518432617188,51.15867614746094,6.130539894104004,94.56074523925781,46.55248260498047,248.53201293945312,116.56293487548828,64.07276153564453,228.85586547851562,125.60963439941406,37.28770065307617,31.59550666809082
2020-03-12,59.87195587158203,83.83049774169922,66.0733413696289,255.26834106445312,89.01559448242188,147.7899932861328,55.08901596069336,104.91265106201172,74.0496597290039,131.56085205078125,44.294681549072266,5.380358695983887,86.29862213134766,43.38897705078125,224.04388427734375,104.28162384033203,57.581974029541016,206.7214813232422,113.39543151855469,33.2813720703125,27.98287582397461
2020-03-13,67.04509735107422,89.25,68.8616714477539,275.718994140625,99.39961242675781,143.27999877929688,60.17987060546875,112.34127044677734,87.38787841796875,150.26470947265625,46.9813232421875,5.990501403808594,96.66229248046875,46.54356384277344,244.45079040527344,112.06707763671875,62.607574462890625,226.035400390625,123.71649169921875,35.396060943603516,28.690345764160156
2020-03-16,58.41995620727539,84.4574966430664,69.58550262451172,258.30584716796875,92.11820983886719,141.63999938964844,53.17845153808594,106.35152435302734,74.31039428710938,128.11717224121094,42.7000732421875,4.885130882263184,91.9422836303711,40.0115966796875,202.21731567382812,97.40990447998047,51.5086784362793,199.50155639648438,109.63650512695312,31.455821990966797,25.958301544189453
2020-03-17,60.98868179321289,90.39199829101562,68.1460952758789,280.0243835449219,90.6832504272461,143.55999755859375,55.411651611328125,114.26535034179688,78.85175323486328,138.66583251953125,47.02373504638672,5.404237270355225,100.19589233398438,43.25530242919922,219.4521484375,101.5127944946289,54.48624038696289,212.56314086914062,115.1338119506836,33.0831298828125,27.704402923583984
2020-03-18,59.495689392089844,91.5,66.50106811523438,280.4895935058594,86.09721374511719,140.6999969482422,54.079959869384766,112.90177917480469,70.5511474609375,132.82858276367188,44.6657600402832,5.044816493988037,99.52647399902344,39.53931427001953,195.04660034179688,92.63993072509766,49.3030891418457,200.9437255859375,108.49884033203125,30.83629035949707,24.92719078063965
2020-03-19,59.039833068847656,94.04650115966797,66.45993041992188,278.409912109375,92.04063415527344,138.0399932861328,55.09496307373047,106.28459930419922,71.73694610595703,135.0140380859375,43.91511917114258,5.297282695770264,93.91674041748047,39.482627868652344,197.50875854492188,95.41783905029297,49.47637939453125,201.11715698242188,109.29975128173828,31.183223724365234,25.91313362121582
2020-03-20,55.291648864746094,92.30449676513672,67.58680725097656,264.90985107421875,83.36305236816406,140.11000061035156,52.94105911254883,100.29484558105469,70.22314453125,129.9430694580078,40.660186767578125,5.117696285247803,86.79861450195312,40.05835723876953,185.63844299316406,92.67647552490234,47.010841369628906,192.3546905517578,104.84003448486328,31.075838088989258,24.641185760498047
2020-03-23,54.117034912109375,95.1415023803711,69.08375549316406,260.4493408203125,83.14974212646484,146.3000030517578,52.24325180053711,92.97496795654297,66.4638900756836,128.64695739746094,38.52061462402344,5.290317058563232,82.79041290283203,40.71506118774414,175.09805297851562,89.96253204345703,44.82886505126953,186.4491424560547,101.85474395751953,30.442951202392578,23.670297622680664
2020-03-24,59.546348571777344,97.00499725341797,69.15779876708984,259.9112243652344,95.13355255126953,153.39999389648438,56.00390625,99.7009048461914,74.3692398071289,140.34042358398438,43.794254302978516,6.197947978973389,87.51040649414062,43.962554931640625,197.50875854492188,99.11869812011719,48.861968994140625,204.22967529296875,111.52052307128906,32.99436950683594,26.67329216003418
2020-03-25,59.21830749511719,94.29199981689453,70.08729553222656,256.1896667480469,97.66410064697266,151.3000030517578,54.59687805175781,99.88492584228516,77.14454650878906,138.99700927734375,44.58730697631836,6.1093974113464355,85.51902770996094,44.079490661621094,210.7089385986328,102.24385070800781,51.49294662475586,206.84930419921875,113.05868530273438,34.187225341796875,28.065662384033203
2020-03-26,62.33456039428711,97.77449798583984,70.40805053710938,266.6247253417969,102.1531753540039,153.24000549316406,57.63493347167969,105.88306427001953,82.51850128173828,147.69139099121094,49.00426483154297,6.398426532745361,90.99319458007812,44.86213302612305,229.4893035888672,107.88192749023438,55.12430191040039,219.2810516357422,119.92235565185547,35.529205322265625,29.217193603515625
2020-03-27,59.7537727355957,95.00499725341797,70.78639221191406,259.3548278808594,93.46588897705078,152.25,55.025081634521484,103.0303955078125,76.63996887207031,141.6270751953125,49.184513092041016,6.2862467765808105,93.35742950439453,42.19937515258789,217.8616485595703,104.5922622680664,55.179439544677734,212.54490661621094,116.09904479980469,34.303192138671875,27.809768676757812
2020-03-30,61.459022521972656,98.19750213623047,70.86038970947266,265.54840087890625,96.76240539550781,152.9199981689453,56.811737060546875,111.27047729492188,78.63311004638672,151.5891876220703,52.16590118408203,6.606119155883789,97.45035552978516,43.01799392700195,225.7960968017578,106.7214126586914,56.384639739990234,219.41798400878906,119.62052917480469,34.94105911254883,28.223712921142578
2020-03-31,61.333595275878906,97.48600006103516,70.202392578125,260.0845947265625,93.65979766845703,148.0500030517578,57.58686447143555,109.69774627685547,75.71484375,149.20510864257812,51.02296447753906,6.556621074676514,93.21338653564453,42.99100112915039,224.08888244628906,105.48780822753906,55.02189636230469,216.15945434570312,117.91009521484375,34.75881576538086,28.57744789123535
2020-04-01,58.10640335083008,95.38500213623047,70.56513977050781,261.5896301269531,92.03092956542969,149.4499969482422,54.62067413330078,107.75692749023438,70.94639587402344,143.90713500976562,46.27521514892578,6.045970439910889,92.64562225341797,41.839542388916016,213.25193786621094,99.08214569091797,51.406272888183594,206.42025756835938,112.4677963256836,33.43341064453125,28.246295928955078
2020-04-02,59.07600784301758,95.94149780273438,70.89488220214844,265.87689208984375,94.01853942871094,151.89999389648438,55.36061096191406,111.38758087158203,73.5955581665039,146.8872528076172,48.01824188232422,6.354400157928467,96.94190979003906,43.29685974121094,216.05551147460938,99.77662658691406,51.57958984375,211.248779296875,114.80935668945312,34.203800201416016,30.406349182128906
2020-04-03,58.22700119018555,95.32949829101562,70.86190795898438,263.2953186035156,91.0225830078125,152.64999389648438,54.15479278564453,112.24089050292969,71.42021942138672,145.53439331054688,46.998294830322266,6.06686544418335,97.51813507080078,42.33430862426758,206.21600341796875,97.0992202758789,50.83124923706055,208.1271209716797,112.8519515991211,33.49140167236328,29.51071548461914
2020-04-06,63.30659103393555,99.87950134277344,71.08446502685547,278.318603515625,96.5490951538086,156.8800048828125,58.63953399658203,116.91725158691406,76.01727294921875,156.35739135742188,49.72734451293945,6.676013469696045,99.83151245117188,44.95208740234375,223.15432739257812,105.05831909179688,54.59653091430664,222.2840118408203,120.74552917480469,35.206138610839844,30.459035873413086
2020-04-07,62.57333755493164,100.58000183105469,71.15039825439453,276.95953369140625,98.15857696533203,156.0399932861328,58.60830307006836,115.00989532470703,77.01998901367188,154.67343139648438,48.4508171081543,6.442950248718262,95.56066131591797,44.727195739746094,222.8847198486328,105.6613998413086,55.10066223144531,222.40269470214844,120.8827896118164,35.44636535644531,31.038558959960938
2020-04-08,64.17488098144531,102.1500015258789,71.33177185058594,279.0940246582031,97.99373626708984,154.64999389648438,59.81956481933594,119.84517669677734,80.13002014160156,156.2249755859375,49.51318359375,6.639947891235352,97.53508758544922,45.22196960449219,240.6676788330078,110.78776550292969,58.858062744140625,229.951171875,125.12686920166016,35.79429626464844,33.002925872802734
2020-04-09,64.63796997070312,102.13800048828125,72.11491394042969,273.6576232910156,101.31935119628906,158.69000244140625,59.798255920410156,118.14697265625,87.31877136230469,156.2344207763672,52.0111083984375,6.54045295715332,97.16224670410156,43.476783752441406,237.34295654296875,114.92723083496094,62.158607482910156,233.36492919921875,127.46839904785156,36.365875244140625,32.461036682128906
2020-04-13,65.90666961669922,108.44349670410156,71.88407135009766,273.3017272949219,100.34979248046875,161.41000366210938,59.98857116699219,116.92561340332031,83.43545532226562,156.58447265625,50.08783721923828,6.712080955505371,98.25538635253906,43.8546028137207,236.78579711914062,111.8477783203125,59.54337692260742,231.1012725830078,125.95003509521484,36.233333587646484,32.18255615234375
2020-04-14,69.23516082763672,114.16600036621094,71.88407135009766,286.5464172363281,102.80278015136719,162.67999267578125,62.705482482910156,122.16246795654297,81.14970397949219,164.3328094482422,51.39617156982422,7.062793254852295,102.50080871582031,45.54581069946289,243.0669403076172,114.36067962646484,61.21334457397461,238.15687561035156,129.7733612060547,36.871177673339844,31.934194564819336
2020-04-15,68.60324096679688,115.38400268554688,72.23855590820312,283.0163269042969,100.22373962402344,161.85000610351562,62.312469482421875,123.52607727050781,77.1474380493164,162.6109619140625,50.302001953125,6.985438346862793,102.72113800048828,44.67321014404297,253.11312866210938,110.12071228027344,58.787174224853516,232.97242736816406,126.72750854492188,35.8357048034668,30.466554641723633
2020-04-16,69.14834594726562,120.40950012207031,72.27978515625,293.3146057128906,98.91482543945312,161.7100067138672,62.318904876708984,125.20750427246094,74.20735931396484,167.4927215576172,50.35714340209961,7.3301825523376465,102.95841217041016,47.13806915283203,268.1643371582031,109.73690795898438,58.11762237548828,234.1498565673828,127.32205200195312,35.8439826965332,29.465560913085938
2020-04-17,68.2100830078125,118.75,72.18084716796875,289.9944152832031,103.384521484375,158.57000732421875,63.3879280090332,127.17340850830078,80.87777709960938,168.9685516357422,52.21891403198242,7.270984172821045,105.66162109375,48.29853820800781,261.09246826171875,114.13224029541016,59.95299530029297,240.61221313476562,130.92587280273438,36.780059814453125,32.52877426147461
2020-04-20,66.79426574707031,119.68049621582031,72.06549072265625,284.667236328125,99.14753723144531,159.6999969482422,62.503265380859375,126.88063049316406,77.92918395996094,165.6194610595703,50.38469696044922,7.139901638031006,102.19574737548828,47.308982849121094,253.52647399902344,112.4874267578125,57.723751068115234,236.2765655517578,128.8038330078125,36.24988555908203,30.993408203125
2020-04-21,64.72965240478516,116.40599822998047,72.15616607666016,274.861572265625,97.47988891601562,158.61000061035156,60.0753059387207,125.21589660644531,75.66891479492188,158.7698974609375,49.920318603515625,6.7036237716674805,101.41616821289062,46.21150207519531,246.38262939453125,109.4627685546875,56.67607498168945,229.056640625,124.80668640136719,35.47121047973633,30.82782554626465
2020-04-22,66.59408569335938,118.17449951171875,72.09842681884766,282.240966796875,97.91618347167969,161.72999572753906,62.36747360229492,127.98490142822266,75.91532135009766,164.16253662109375,52.41187286376953,7.117515563964844,101.17889404296875,47.63284683227539,248.92564392089844,111.09846496582031,57.542598724365234,234.09510803222656,127.62390899658203,36.1919059753418,31.708402633666992
2020-04-23,66.33599853515625,119.97250366210938,72.21388244628906,278.5740661621094,97.9258804321289,163.33999633789062,62.9998664855957,130.09300231933594,75.95781707763672,162.17576599121094,51.13322830200195,7.064285755157471,101.8536376953125,47.35396957397461,256.39288330078125,112.01223754882812,57.06208419799805,234.0494842529297,127.64218139648438,36.10906219482422,32.701881408691406
2020-04-24,68.25108337402344,120.51100158691406,72.1890869140625,283.2716979980469,98.11009979248047,162.63999938964844,63.26898193359375,129.54925537109375,77.07946014404297,165.13694763183594,50.827877044677734,7.203079700469971,101.32476806640625,47.4349365234375,261.7484436035156,113.82156372070312,57.30626678466797,237.44493103027344,129.544677734375,36.40727996826172,32.91261672973633
2020-04-27,68.29934692382812,118.80000305175781,71.93354797363281,281.6571960449219,102.83186340332031,161.55999755859375,62.98450469970703,129.07241821289062,80.40192413330078,164.66395568847656,51.65486526489258,7.389382362365723,100.1902084350586,48.1366081237793,264.1656799316406,118.1255111694336,59.2676887512207,240.8769073486328,131.84051513671875,36.92087936401367,33.0706672668457
2020-04-28,67.19222259521484,115.7040023803711,72.14788818359375,278.1636962890625,102.97730255126953,160.83999633789062,61.08782196044922,126.64641571044922,80.97124481201172,160.65261840820312,50.743064880371094,7.247105598449707,99.71250915527344,47.461917877197266,259.1156005859375,119.3408432006836,59.756065368652344,239.7633819580078,131.42889404296875,37.18596267700195,33.84587097167969
2020-04-29,69.39917755126953,118.635498046875,72.1973648071289,280.1156005859375,108.83346557617188,161.72999572753906,66.51917266845703,125.68437194824219,83.1550521850586,167.86163330078125,49.858821868896484,7.423707008361816,99.87458801269531,49.009212493896484,258.4775695800781,124.49464416503906,60.65404510498047,245.9427947998047,135.15158081054688,38.1634521484375,35.719940185546875
2020-04-30,70.86322021484375,123.69999694824219,72.1396484375,277.01629638671875,104.85826110839844,158.8000030517578,66.74317169189453,125.51703643798828,81.37061309814453,169.54566955566406,49.008506774902344,7.269989013671875,100.54849243164062,47.79477310180664,262.8088073730469,120.83946228027344,59.95299530029297,243.7977752685547,133.39544677734375,37.40135192871094,34.97483825683594
2020-05-01,69.7223892211914,114.302001953125,72.10992431640625,276.0289306640625,102.2889175415039,159.77999877929688,65.28707885742188,124.05305480957031,79.2377700805664,165.15589904785156,48.14547348022461,7.033692836761475,99.65277862548828,45.968624114990234,255.65606689453125,116.62688446044922,57.92856979370117,237.15286254882812,129.7093048095703,36.4984130859375,32.46855545043945
2020-05-04,70.7088623046875,115.79949951171875,72.18425750732422,278.3785095214844,100.0395278930664,160.33999633789062,65.5636215209961,124.03636932373047,78.2945785522461,169.19558715820312,48.79010772705078,7.245364189147949,98.75708770751953,46.913169860839844,258.3787841796875,117.04724884033203,57.644981384277344,237.90127563476562,130.2032470703125,36.556392669677734,33.778141021728516
2020-05-05,71.7701187133789,115.88999938964844,72.11812591552734,281.5143737792969,97.98405456542969,161.02000427246094,66.85816192626953,125.06527709960938,78.17562103271484,171.01206970214844,48.79221725463867,7.306305408477783,98.96183013916016,46.517364501953125,263.3210144042969,118.07067108154297,57.92856979370117,240.09193420410156,131.41061401367188,36.688941955566406,33.740516662597656
2020-05-06,72.51061248779297,117.56300354003906,71.79602813720703,282.4012451171875,97.80953216552734,158.9499969482422,66.68022918701172,123.87738037109375,76.70557403564453,172.6960906982422,47.214595794677734,7.407041072845459,96.47944641113281,46.89519119262695,259.48406982421875,117.65033721923828,56.888790130615234,238.476318359375,130.68801879882812,36.539825439453125,33.10829162597656
2020-05-07,73.2607192993164,118.38050079345703,72.02732849121094,278.8448486328125,102.35678100585938,161.38999938964844,67.86224365234375,123.46744537353516,77.50431823730469,173.69895935058594,47.60050964355469,7.5831451416015625,95.68611907958984,47.075111389160156,256.09637451171875,119.6606674194336,57.70011901855469,241.29681396484375,132.39846801757812,36.987152099609375,33.29645538330078
2020-05-08,75.00445556640625,118.98049926757812,71.8208236694336,279.7042541503906,105.8375244140625,160.4199981689453,68.60863494873047,124.39607238769531,78.77043151855469,174.7206268310547,48.7137565612793,7.772929668426514,98.91065979003906,47.59686279296875,257.8935546875,123.55341339111328,59.07073974609375,245.33114624023438,134.8863525390625,37.60015106201172,34.75656509399414
2020-05-11,76.18466186523438,120.44999694824219,71.5977783203125,283.7177429199219,104.48981475830078,159.4199981689453,69.56266784667969,124.73907470703125,76.4506607055664,176.66961669921875,48.2154541015625,8.024645805358887,98.36468505859375,47.13806915283203,259.4122009277344,122.90462493896484,58.2121467590332,245.36767578125,134.90463256835938,37.5670166015625,34.425411224365234
2020-05-12,75.31404113769531,117.84750366210938,71.8290786743164,278.69854736328125,101.37752532958984,160.0399932861328,68.15465545654297,123.091064453125,73.95242309570312,172.66773986816406,48.33207702636719,7.7629804611206055,97.71639251708984,45.968624114990234,258.52252197265625,118.8839340209961,55.565425872802734,240.42965698242188,132.0326385498047,37.18596267700195,33.84998321533203
2020-05-13,74.4046401977539,118.39600372314453,71.91166687011719,276.2300720214844,99.78743743896484,161.5800018310547,66.8239517211914,123.08267211914062,71.40321350097656,170.05654907226562,48.79645538330078,7.740593910217285,97.178955078125,45.806697845458984,249.8063201904297,114.80846405029297,54.21843338012695,236.16708374023438,129.3800506591797,36.912593841552734,32.16977310180664
2020-05-14,74.86175537109375,119.44249725341797,72.10992431640625,274.035888671875,102.68644714355469,163.00999450683594,67.2467041015625,123.50931549072266,74.36881256103516,170.7945098876953,49.24388122558594,7.989824295043945,97.08512115478516,46.868202209472656,261.137451171875,115.91413879394531,54.407474517822266,239.01483154296875,130.77035522460938,36.75520706176758,32.453636169433594
2020-05-15,74.41917419433594,120.48899841308594,72.15122985839844,273.55133056640625,105.73087310791016,163.92999267578125,68.04959106445312,125.85163116455078,72.99222564697266,173.28268432617188,48.315120697021484,8.44774341583252,97.76757049560547,44.799156188964844,261.45184326171875,117.18429565429688,54.194786071777344,240.09193420410156,131.5569610595703,36.63094711303711,32.22346878051758
2020-05-18,76.17257690429688,121.31300354003906,72.01905822753906,276.7969665527344,113.29345703125,162.69000244140625,68.6502685546875,125.9186019897461,76.85851287841797,174.93829345703125,49.92668151855469,8.705927848815918,99.13243865966797,46.66130065917969,263.6084899902344,123.66302490234375,57.40079116821289,247.43052673339844,135.9199676513672,38.05575942993164,34.786006927490234
2020-05-19,75.73240661621094,122.46649932861328,72.10992431640625,278.50653076171875,110.88895416259766,164.25999450683594,68.11599731445312,124.66374969482422,75.34599304199219,173.72732543945312,48.877044677734375,8.760900497436523,95.91643524169922,45.707740783691406,259.73565673828125,122.14615631103516,56.62881851196289,245.0937957763672,134.4747314453125,37.66642761230469,33.71187973022461
2020-05-20,77.20526885986328,124.89700317382812,72.29989624023438,278.7625732421875,116.27001953125,164.64999389648438,69.83873748779297,123.54280090332031,77.60629272460938,176.13705444335938,49.362632751464844,8.924565315246582,96.63301086425781,46.634307861328125,258.783203125,124.90580749511719,57.13298034667969,249.0916748046875,136.96267700195312,38.30427169799805,34.80901336669922
2020-05-21,76.62966918945312,122.33699798583984,72.37425231933594,276.07464599609375,114.24363708496094,162.25,69.71929168701172,122.7313232421875,76.62060546875,174.0214080810547,48.537757873535156,8.730802536010742,95.21696472167969,45.65375518798828,257.8126525878906,125.14339447021484,57.18022537231445,247.30270385742188,136.1394805908203,37.923221588134766,34.18756866455078
2020-05-22,77.12303924560547,121.84400177001953,72.39905548095703,276.4952392578125,114.42784118652344,163.2100067138672,70.04093170166016,121.61097717285156,76.02579498291016,174.0973358154297,49.58740997314453,8.980531692504883,96.05291748046875,44.799156188964844,260.5354309082031,125.69165802001953,57.952186584472656,247.85948181152344,136.5236053466797,37.64985656738281,34.218257904052734
2020-05-26,76.60066223144531,121.09300231933594,72.35768127441406,278.6619567871094,117.26866912841797,160.88999938964844,70.44385528564453,121.77104187011719,81.42160034179688,172.2568359375,49.6849479675293,8.673591613769531,95.56671142578125,45.71672439575195,264.9834289550781,129.16403198242188,60.118404388427734,251.0450897216797,138.42611694335938,38.6936149597168,35.22332000732422
2020-05-27,76.93437957763672,120.51950073242188,72.39077758789062,279.7682189941406,117.83101654052734,161.17999267578125,70.38983154296875,122.04901885986328,86.13762664794922,172.48451232910156,51.13112258911133,8.482069969177246,97.15336608886719,46.54434585571289,272.9627685546875,132.252685546875,61.315731048583984,254.70510864257812,140.61221313476562,39.04981231689453,35.47651672363281
2020-05-28,76.96824645996094,120.05500030517578,72.4155044555664,283.01373291015625,113.19650268554688,161.72000122070312,70.28872680664062,123.80110931396484,84.85453033447266,172.0955352783203,53.30036926269531,8.444011688232422,99.00447845458984,45.230960845947266,273.1425476074219,130.31546020507812,61.60719299316406,254.20310974121094,140.1273651123047,39.22378921508789,34.55583572387695
2020-05-29,76.89327239990234,122.11849975585938,72.62202453613281,282.0173645019531,113.7297592163086,162.91000366210938,71.0460205078125,125.30049133300781,82.68771362304688,173.85067749023438,54.190948486328125,8.83054256439209,98.88505554199219,45.275936126708984,273.93328857421875,130.08697509765625,60.992767333984375,255.34425354003906,140.59385681152344,39.273475646972656,34.88574981689453
2020-06-01,77.83892059326172,123.552001953125,72.56327056884766,281.85272216796875,115.15501403808594,163.66000366210938,71.11292266845703,123.9864273071289,83.78386688232422,173.4521942138672,54.50864791870117,8.761646270751953,100.01962280273438,45.905643463134766,274.90380859375,131.8597412109375,62.40278625488281,256.4576110839844,141.54519653320312,40.11843490600586,35.5071907043457
2020-06-02,78.19925689697266,123.62049865722656,72.6211929321289,280.75555419921875,115.13563537597656,162.60000610351562,71.48165130615234,124.87931060791016,84.06427764892578,175.42552185058594,54.711212158203125,8.780548095703125,100.71056365966797,46.787227630615234,275.24517822265625,132.9654083251953,62.906917572021484,258.56622314453125,142.61529541015625,40.714866638183594,36.297428131103516
2020-06-03,78.62973022460938,123.91999816894531,72.4557113647461,280.34417724609375,118.46122741699219,159.60000610351562,71.33000183105469,125.21627044677734,88.60186004638672,175.85243225097656,55.34657669067383,8.725081443786621,101.11149597167969,47.7318000793457,274.3825378417969,136.41954040527344,64.9234619140625,261.9798583984375,144.8379364013672,41.59294891357422,37.7781867980957
2020-06-04,77.95257568359375,123.02999877929688,72.28190612792969,284.10174560546875,119.9252700805664,161.27999877929688,70.09346771240234,123.59889221191406,90.44579315185547,173.53759765625,53.70695877075195,8.726076126098633,98.99594116210938,48.829288482666016,267.84991455078125,136.1362762451172,64.27752685546875,261.3135986328125,144.38063049316406,41.303016662597656,37.6707763671875
2020-06-05,80.1727294921875,124.1500015258789,72.27360534667969,285.28106689453125,121.0208740234375,158.00999450683594,71.36814880371094,124.0791244506836,94.51602172851562,177.59805297851562,54.23786926269531,8.878868103027344,100.94087982177734,49.656898498535156,280.2233581542969,140.42193603515625,66.7115707397461,267.9949951171875,148.0850372314453,42.106536865234375,40.724334716796875
2020-06-08,80.64676666259766,126.2030029296875,72.34809875488281,280.8470764160156,123.40599822998047,159.72000122070312,71.76564025878906,123.63268280029297,96.40242767333984,178.69857788085938,55.538490295410156,8.764402389526367,101.55508422851562,49.989749908447266,278.0937194824219,143.24551391601562,68.36579895019531,271.2443542480469,150.0973358154297,42.59528350830078,41.99791717529297
2020-06-09,83.19342041015625,130.04299926757812,72.39776611328125,279.3476867675781,120.11918640136719,161.25999450683594,71.96585845947266,122.95033264160156,93.92969512939453,180.06468200683594,55.152565002441406,9.004289627075195,100.94941711425781,50.925315856933594,277.85107421875,140.42193603515625,67.23147583007812,269.3184814453125,148.725341796875,42.13140106201172,41.061912536621094
2020-06-10,85.33380126953125,132.37249755859375,72.70396423339844,280.9749755859375,118.46122741699219,163.57000732421875,72.59130859375,124.50028991699219,90.12287902832031,186.7436065673828,54.75171661376953,9.323556900024414,101.7086410522461,51.770912170410156,274.7420349121094,137.25106811523438,65.52213287353516,267.6390380859375,147.61856079101562,42.08168411254883,38.85997009277344
2020-06-11,81.23687744140625,127.89800262451172,72.5715560913086,275.03240966796875,109.21159362792969,162.38999938964844,69.47891998291016,118.6627197265625,82.60272216796875,176.71572875976562,52.947906494140625,8.755693435668945,99.17508697509766,49.512969970703125,254.95513916015625,127.77513122558594,61.315731048583984,252.21336364746094,138.91094970703125,39.81193161010742,35.43047332763672
2020-06-12,81.93822479248047,127.2509994506836,72.64602661132812,273.0851135253906,111.974853515625,162.6199951171875,70.02507781982422,119.740966796875,84.863037109375,178.11036682128906,52.64514923095703,8.891310691833496,98.62911987304688,50.37657165527344,256.2311096191406,130.4799346923828,63.513458251953125,255.25286865234375,140.8317413330078,40.58231735229492,36.19002914428711
2020-06-15,82.95157623291016,128.63400268554688,72.79498291015625,271.6954040527344,113.51646423339844,162.3300018310547,70.41263580322266,118.98281860351562,86.0356674194336,179.248779296875,52.999080657958984,9.131446838378906,99.54190063476562,50.394561767578125,257.24658203125,132.97457885742188,64.41146850585938,257.5803527832031,142.34092712402344,40.623741149902344,36.16701126098633
2020-06-16,85.14997100830078,130.7635040283203,72.70396423339844,275.5169372558594,114.83506774902344,162.25,71.68782806396484,121.68681335449219,86.72395324707031,183.64129638671875,52.91379928588867,9.026684761047363,100.77027130126953,50.1966438293457,263.2850341796875,135.64279174804688,65.6796875,262.6187744140625,145.07579040527344,41.087623596191406,36.98027038574219
2020-06-17,85.03148651123047,132.0489959716797,72.72051239013672,273.91693115234375,114.0691146850586,162.55999755859375,71.9886703491211,121.31613159179688,84.53163146972656,184.27696228027344,53.090763092041016,9.193411827087402,100.59967803955078,50.91630935668945,262.92559814453125,134.0619659423828,64.72654724121094,261.4139709472656,144.3714599609375,41.19532012939453,35.775718688964844
2020-06-18,85.06533813476562,132.69900512695312,72.80326080322266,273.8804931640625,114.7671890258789,162.24000549316406,71.07574462890625,120.80233001708984,84.07276916503906,186.25025939941406,53.07583999633789,9.175497055053711,101.75129699707031,50.88913345336914,261.919189453125,133.94317626953125,64.0176010131836,261.6513366699219,144.49041748046875,41.10420608520508,35.99822235107422
2020-06-19,84.57921600341797,133.75050354003906,72.8281021118164,274.1821594238281,110.86955261230469,164.02999877929688,70.60591125488281,121.15612030029297,83.1125717163086,185.14031982421875,51.64303970336914,9.218544006347656,101.4441909790039,50.12782669067383,262.83062744140625,133.37667846679688,63.08809280395508,260.1087341308594,143.67633056640625,40.93852615356445,35.27702331542969
2020-06-22,86.7921142578125,135.6909942626953,72.80326080322266,274.6850280761719,112.39176177978516,165.08999633789062,71.89549255371094,120.78546905517578,82.21183776855469,190.2823028564453,52.67286682128906,9.482821464538574,100.44613647460938,50.75318145751953,264.1211853027344,134.04368591308594,63.02509307861328,261.83380126953125,144.67335510253906,41.46474075317383,35.614601135253906
2020-06-23,88.64469146728516,138.2205047607422,72.7701416015625,275.45294189453125,113.04136657714844,166.47999572753906,72.55562591552734,120.33900451660156,83.21454620361328,191.55352783203125,51.85624313354492,9.406424522399902,100.4290542602539,51.441978454589844,268.57025146484375,134.48233032226562,62.765132904052734,263.0204772949219,145.24041748046875,41.71452713012695,35.82943344116211
2020-06-24,87.07994079589844,136.72000122070312,72.7784652709961,272.46337890625,108.65894317626953,165.89999389648438,71.0053939819336,117.77827453613281,80.43589782714844,187.69229125976562,51.52789306640625,9.192914009094238,99.31158447265625,51.27884292602539,260.9715881347656,130.0687255859375,60.97700119018555,256.2934265136719,141.29818725585938,40.8152961730957,34.14153289794922
2020-06-25,88.23596954345703,137.72900390625,72.85292053222656,274.7581787109375,107.9705581665039,165.8000030517578,71.42168426513672,117.65189361572266,83.24004364013672,190.0640869140625,50.99272537231445,9.44624137878418,100.56556701660156,51.69573974609375,267.3248596191406,131.80886840820312,61.75584030151367,259.0042724609375,143.0072479248047,41.23161315917969,34.655574798583984
2020-06-26,85.52486419677734,134.64349365234375,72.9853744506836,271.12860107421875,105.77933502197266,166.5399932861328,67.5282211303711,116.08514404296875,78.67694091796875,186.25975036621094,50.36586380004883,9.112785339355469,98.29644012451172,51.05226135253906,258.8960266113281,128.8689727783203,60.57051086425781,252.93435668945312,139.68101501464844,40.690406799316406,33.466365814208984
2020-06-29,87.49590301513672,134.0189971923828,73.03495788574219,275.7273254394531,108.12568664550781,166.6300048828125,69.24449157714844,117.12123107910156,79.02533721923828,188.2615203857422,50.796566009521484,9.15757942199707,100.36934661865234,51.106632232666016,261.49505615234375,131.76300048828125,61.73992156982422,256.62554931640625,141.7300262451172,41.0151252746582,34.00343322753906
2020-06-30,88.226318359375,137.9409942626953,73.10950469970703,277.20831298828125,108.11598205566406,167.3699951171875,70.2793197631836,118.4605712890625,79.92607116699219,193.07144165039062,51.208065032958984,9.453956604003906,101.9986801147461,51.45104217529297,266.1788330078125,133.45738220214844,62.47179412841797,260.04779052734375,143.82498168945312,40.940185546875,34.31032943725586
2020-07-01,88.05941772460938,143.93499755859375,73.12773895263672,278.61627197265625,109.5703353881836,166.6199951171875,71.4662857055664,118.24999237060547,79.24628448486328,194.200439453125,52.50655746459961,9.486055374145508,102.34840393066406,51.4963493347168,268.6876220703125,133.0177764892578,63.91167449951172,261.8277893066406,144.66111755371094,41.14834976196289,33.53541564941406
2020-07-02,88.05941772460938,144.51499938964844,73.24378204345703,279.5213623046875,108.7656021118164,166.97999572753906,72.85050964355469,118.74695587158203,79.50370025634766,195.68040466308594,52.536399841308594,9.567927360534668,103.11614990234375,53.1276969909668,269.1658935546875,133.62222290039062,63.72871398925781,263.1490478515625,145.24000549316406,41.75616455078125,33.819297790527344
2020-07-06,90.41502380371094,152.8520050048828,73.2188949584961,284.77825927734375,110.9471206665039,167.97999572753906,74.32347106933594,120.44010162353516,81.51144409179688,199.89266967773438,52.655799865722656,9.793878555297852,103.75593566894531,56.08226776123047,273.2720947265625,134.87698364257812,63.696895599365234,267.2319030761719,147.52789306640625,42.6887092590332,34.05713653564453
2020-07-07,90.13448333740234,150.00599670410156,73.33501434326172,289.1117858886719,110.17145538330078,169.0399932861328,73.84123229980469,120.33058166503906,79.21194458007812,197.56837463378906,52.60464096069336,9.826229095458984,104.25922393798828,55.021888732910156,267.7129821777344,132.6147918701172,62.43202209472656,264.4609680175781,146.0301971435547,42.09754180908203,33.17483139038086
2020-07-08,92.23371124267578,154.0554962158203,73.29352569580078,289.194091796875,113.1092300415039,170.08999633789062,74.51921844482422,120.68441772460938,80.05281829833984,201.91343688964844,54.001190185546875,10.168892860412598,104.8307876586914,56.725746154785156,269.25616455078125,133.6863250732422,62.34451675415039,266.42449951171875,147.2246551513672,42.63874053955078,33.09811019897461
2020-07-09,92.63036346435547,159.13150024414062,73.49252319335938,297.6234130859375,113.25467681884766,169.6300048828125,75.26559448242188,120.02738189697266,78.31964874267578,203.3269805908203,53.7282829284668,10.460542678833008,104.48103332519531,58.71055221557617,262.7585144042969,131.918701171875,61.954708099365234,265.0666809082031,146.31504821777344,42.26406478881836,31.732437133789062
2020-07-10,92.79239654541016,160.0,73.4096450805664,298.25421142578125,115.70765686035156,169.19000244140625,76.274169921875,119.92623138427734,82.60112762451172,202.7103271484375,55.350852966308594,10.43093204498291,105.6838150024414,57.867679595947266,262.8216857910156,133.4390411376953,62.145626068115234,267.7274169921875,147.8861846923828,42.48054885864258,32.72216033935547
2020-07-13,92.36431884765625,155.1999969482422,73.44277954101562,295.2281494140625,112.68263244628906,169.39999389648438,74.94692993164062,122.31854248046875,83.78517150878906,196.44888305664062,54.63444519042969,10.00589656829834,105.82032775878906,58.973392486572266,270.4744567871094,131.27769470214844,61.40580368041992,265.30511474609375,146.28746032714844,42.20578384399414,32.72983169555664
2020-07-14,93.89279174804688,154.1999969482422,73.53397369384766,299.8723449707031,115.0483627319336,170.19000244140625,75.37462615966797,124.6013412475586,84.26565551757812,197.66322326660156,55.97984313964844,10.32914924621582,106.70745849609375,60.68629837036133,278.4250183105469,133.237548828125,61.922874450683594,268.8558654785156,148.20782470703125,42.68037796020508,33.8116340637207
2020-07-15,94.5385513305664,150.44349670410156,73.54227447509766,298.6839904785156,117.2201919555664,170.33999633789062,75.1773910522461,124.88774871826172,85.56986999511719,197.36911010742188,55.22292709350586,10.180089950561523,106.2042007446289,59.870628356933594,274.4091796875,137.4229736328125,62.52747344970703,271.2413635253906,150.04547119140625,43.055057525634766,34.24127197265625
2020-07-16,93.375244140625,149.9949951171875,73.59199523925781,298.2907409667969,115.79492950439453,168.72999572753906,75.08025360107422,125.7216796875,85.81010437011719,193.46044921875,57.222904205322266,10.088019371032715,106.42596435546875,60.3509635925293,277.18878173828125,136.80020141601562,61.77968978881836,270.45233154296875,149.37472534179688,42.67204666137695,33.972740173339844
2020-07-17,93.18660736083984,148.09849548339844,73.6666030883789,296.937744140625,115.03866577148438,170.1199951171875,75.1759033203125,125.80596160888672,84.22277069091797,192.47378540039062,58.71538162231445,10.154458999633789,107.16812133789062,60.17876052856445,276.6291198730469,137.26731872558594,62.583160400390625,271.16802978515625,149.94444274902344,42.91350555419922,33.38965606689453
2020-07-20,95.15039825439453,159.8419952392578,73.74122619628906,298.5101623535156,114.20484161376953,170.94000244140625,77.50475311279297,126.01655578613281,83.48487091064453,200.7465362548828,58.49151611328125,10.462282180786133,106.8354263305664,60.62285232543945,273.8585510253906,137.26731872558594,61.835384368896484,273.425048828125,151.09295654296875,43.20492935180664,32.607086181640625
2020-07-21,93.8371810913086,156.9145050048828,73.78268432617188,299.6347351074219,115.00958251953125,173.0,77.11222076416016,126.13443756103516,85.29529571533203,198.0426483154297,58.917945861816406,10.280876159667969,106.69042205810547,61.45664596557617,275.34771728515625,138.53114318847656,61.98652648925781,273.9939270019531,151.52479553222656,43.44639587402344,34.256614685058594
2020-07-22,94.10079956054688,154.99549865722656,73.8822021484375,300.1468200683594,115.4071044921875,175.6300048828125,77.55479431152344,126.36188507080078,84.67752838134766,200.88882446289062,59.7900276184082,10.390617370605469,107.6031723022461,62.10920715332031,276.7916564941406,139.4287109375,62.933189392089844,275.5536193847656,152.31500244140625,43.463043212890625,33.458702087402344
2020-07-23,89.81765747070312,149.32749938964844,73.94855499267578,298.1445007324219,114.5248031616211,177.17999267578125,75.17095184326172,126.0249252319336,84.92635345458984,192.15121459960938,59.90727996826172,10.083040237426758,108.29937744140625,61.0578727722168,273.41650390625,139.3004913330078,62.67068099975586,272.259765625,150.65191650390625,43.1299934387207,33.52775955200195
2020-07-24,89.59515380859375,150.44549560546875,73.93193054199219,297.84283447265625,114.03031921386719,178.6999969482422,74.74771118164062,124.7697982788086,84.32572937011719,190.97483825683594,59.753761291503906,10.147492408752441,108.12767791748047,66.97608184814453,271.4490966796875,137.58787536621094,62.20927047729492,270.4981689453125,149.48501586914062,42.971805572509766,33.32060241699219
2020-07-27,91.71858978271484,152.760498046875,73.8822021484375,299.50689697265625,112.7698974609375,182.22999572753906,75.79936218261719,123.97798156738281,83.14166259765625,193.39402770996094,59.195133209228516,10.373446464538574,108.43669128417969,75.45002746582031,269.4727783203125,138.93411254882812,62.797969818115234,272.4708251953125,150.77134704589844,43.58793258666992,33.8116340637207
2020-07-28,90.21187591552734,150.01649475097656,73.91539764404297,299.4793701171875,112.64385223388672,183.75,74.5217056274414,123.6832046508789,83.50203704833984,191.6578826904297,59.70897674560547,10.168394088745117,109.7758560180664,69.71310424804688,270.6730041503906,137.6885986328125,64.04691314697266,270.78253173828125,149.6687469482422,43.27986526489258,33.41267013549805
2020-07-29,91.94109344482422,151.67649841308594,74.03144073486328,298.1720275878906,112.09120178222656,185.1300048828125,75.50596618652344,123.43887329101562,85.52696990966797,193.59327697753906,60.00749588012695,10.417240142822266,110.14498138427734,74.92437744140625,276.7644958496094,140.72915649414062,65.28791046142578,274.0581359863281,151.65347290039062,43.82939529418945,33.78093338012695
2020-07-30,93.0535888671875,152.593994140625,74.07291412353516,297.6038818359375,112.13968658447266,183.75999450683594,76.2424545288086,123.6916275024414,83.24462890625,193.44146728515625,60.19937515258789,10.565059661865234,112.81468963623047,72.44107055664062,275.4560546875,140.463623046875,64.86629486083984,273.05804443359375,151.31346130371094,43.27986526489258,32.12372589111328
2020-07-31,102.79523468017578,158.23399353027344,74.17241668701172,298.2544250488281,113.38072204589844,185.42999267578125,73.74359130859375,122.78186798095703,82.91857147216797,194.4945526123047,59.84968948364258,10.56580638885498,112.55715942382812,71.49855041503906,273.2449951171875,139.59352111816406,64.74695587158203,275.3426208496094,152.08531188964844,42.63874053955078,32.28485107421875
2020-08-03,105.38541412353516,155.59449768066406,74.14663696289062,301.72686767578125,112.80867004394531,185.63999938964844,73.48638153076172,124.1212158203125,82.45525360107422,205.43310546875,59.186622619628906,10.959482192993164,112.70307922363281,71.55291748046875,273.9940185546875,141.49851989746094,63.88780212402344,277.07666015625,153.4084014892578,43.25489044189453,32.415283203125
2020-08-04,106.08922576904297,156.94149780273438,74.30442810058594,311.31964111328125,113.72006225585938,189.58999633789062,73.01754760742188,124.01168060302734,81.98334503173828,202.34982299804688,60.77720642089844,11.175978660583496,114.84916687011719,72.6767349243164,274.7972412109375,142.18539428710938,64.84243774414062,278.2419738769531,154.01486206054688,43.58793258666992,33.351280212402344
2020-08-05,106.4737548828125,160.25149536132812,74.20477294921875,311.4844970703125,123.7259521484375,191.35000610351562,73.30448913574219,125.00569152832031,83.40764617919922,202.0177459716797,60.50640869140625,11.23470687866211,114.54874420166016,73.98182678222656,281.98974609375,144.10867309570312,64.51628112792969,279.9759826660156,155.13583374023438,43.84606170654297,33.6428337097168
2020-08-06,110.18852996826172,161.25,74.32110595703125,314.5445861816406,126.83826446533203,193.88999938964844,74.58613586425781,124.28968048095703,83.43340301513672,205.2528533935547,60.29959487915039,11.283231735229492,113.92207336425781,72.97582244873047,283.4246826171875,143.8064727783203,64.61967468261719,281.8568420410156,155.88925170898438,43.97926712036133,33.48171615600586
2020-08-07,107.6833267211914,158.3730010986328,74.238037109375,312.3457336425781,125.975341796875,190.80999755859375,74.26001739501953,125.17414093017578,85.2695541381836,201.5813751220703,61.35927963256836,11.147858619689941,114.6431655883789,72.53173065185547,286.10498046875,144.7406005859375,65.54249572753906,282.00372314453125,156.01788330078125,43.58793258666992,33.328277587890625
2020-08-10,109.24847412109375,157.4080047607422,74.1549301147461,311.5119934082031,124.87003326416016,190.14999389648438,74.18321228027344,124.69397735595703,86.35066223144531,197.56837463378906,60.47657012939453,11.113517761230469,115.11530303955078,72.38672637939453,287.97308349609375,145.427490234375,65.6458969116211,282.90283203125,156.4497833251953,43.72115707397461,34.14921188354492
2020-08-11,105.99945068359375,154.0334930419922,73.8974609375,304.5762634277344,126.51830291748047,179.94000244140625,73.3763656616211,123.80110931396484,89.07915496826172,192.94818115234375,59.229251861572266,10.799970626831055,114.36846923828125,70.63755798339844,284.7693176269531,144.7955780029297,64.6992416381836,280.6182556152344,155.19091796875,43.821083068847656,34.50212860107422
2020-08-12,109.52227020263672,158.11199951171875,73.70646667480469,308.54345703125,127.77873229980469,179.10000610351562,74.69963073730469,126.06705474853516,88.3240737915039,198.4601287841797,60.67911911010742,11.38750171661377,116.28274536132812,71.95169830322266,290.8338317871094,145.44578552246094,65.35155487060547,284.462646484375,157.26747131347656,44.620399475097656,34.494300842285156
2020-08-13,111.46054077148438,158.05099487304688,73.46559143066406,307.5722961425781,126.97399139404297,183.3300018310547,75.1659927368164,124.66876220703125,87.83501434326172,197.99526977539062,60.63859939575195,11.390235900878906,116.5574722290039,70.96379852294922,290.1570129394531,145.37252807617188,64.548095703125,283.9763488769531,157.14805603027344,44.42889404296875,33.64935302734375
2020-08-14,111.36121368408203,157.4010009765625,73.38253784179688,308.1037292480469,126.55708312988281,182.5399932861328,74.57026672363281,124.87091827392578,87.86934661865234,198.18496704101562,59.807064056396484,11.510679244995117,115.97372436523438,71.06351470947266,292.1243591308594,145.21682739257812,64.55604553222656,283.9763488769531,157.10215759277344,44.212406158447266,33.79800033569336
2020-08-17,111.07044982910156,159.12049865722656,73.47389221191406,311.47540283203125,125.43238830566406,186.5,75.14566040039062,125.5026626586914,85.55268859863281,199.4942169189453,60.33797073364258,12.28011417388916,116.31708526611328,72.6767349243164,289.2455139160156,145.94956970214844,65.0810775756836,284.8938293457031,157.77288818359375,44.628719329833984,33.35988235473633
2020-08-18,111.99600219726562,165.62449645996094,73.57353973388672,312.1990966796875,124.99608612060547,188.17999267578125,77.10529327392578,126.42925262451172,84.36004638671875,200.64218139648438,60.350765228271484,12.204214096069336,117.18408966064453,71.96983337402344,285.9064025878906,144.8505096435547,64.77082824707031,285.490234375,158.0117950439453,44.61206817626953,33.195594787597656
2020-08-19,112.13652801513672,163.0240020751953,73.44898223876953,312.3365783691406,123.88108825683594,182.24000549316406,76.55168914794922,126.68195343017578,84.5573959350586,199.42491149902344,60.19937515258789,12.082528114318848,116.54887390136719,71.18134307861328,284.6340026855469,144.4200897216797,63.633262634277344,284.27911376953125,157.3961639404297,44.337303161621094,32.827877044677734
2020-08-20,114.6247787475586,164.86849975585938,73.57353973388672,312.30902099609375,124.22042846679688,183.5,78.11978912353516,127.54959106445312,83.54495239257812,204.06578063964844,60.15035629272461,12.085016250610352,117.47599029541016,69.61344146728516,282.7658386230469,143.76980590820312,64.23786163330078,285.1782531738281,157.84637451171875,44.220733642578125,32.32715606689453
2020-08-21,120.53167724609375,164.23599243164062,73.73137664794922,315.7357177734375,123.5611343383789,182.02999877929688,78.08609771728516,128.67831420898438,83.50203704833984,202.58221435546875,60.21431350708008,12.62501335144043,117.98245239257812,71.00006866455078,283.49688720703125,143.2386016845703,64.34127044677734,286.1966857910156,158.241455078125,44.120826721191406,32.08462905883789
2020-08-24,121.97325897216797,165.3730010986328,73.64830017089844,315.2959289550781,126.71221923828125,181.0,78.56088256835938,129.01751708984375,85.85299682617188,203.21939086914062,60.26121139526367,12.661598205566406,118.90096282958984,71.50761413574219,278.7138671875,144.8505096435547,64.75493621826172,289.1051330566406,159.75755310058594,44.628719329833984,33.031288146972656
2020-08-25,120.97261047363281,167.32449340820312,73.50709533691406,315.8273620605469,125.839599609375,181.22000122070312,79.5867919921875,128.94119262695312,86.23052215576172,205.86317443847656,59.97977828979492,12.691207885742188,119.37308502197266,72.5407943725586,281.76416015625,145.03363037109375,64.9219741821289,290.1144714355469,160.29046630859375,44.79524230957031,31.982925415039062
2020-08-26,122.61774444580078,172.09249877929688,73.46559143066406,315.4242248535156,128.1568603515625,183.36000061035156,81.48395538330078,129.14476013183594,85.0207290649414,210.31381225585938,59.487239837646484,12.714101791381836,118.79795837402344,74.090576171875,278.69580078125,144.749755859375,64.32536315917969,293.07794189453125,161.7422332763672,45.02838134765625,31.302268981933594
2020-08-27,121.15193939208984,170.0,73.19974517822266,317.339111328125,129.65968322753906,181.24000549316406,80.7103271484375,129.72134399414062,87.81784057617188,215.477783203125,59.76154327392578,12.57002067565918,118.6434555053711,73.04832458496094,281.267822265625,145.46412658691406,65.27201080322266,293.6651611328125,162.12815856933594,44.637046813964844,31.09104347229004
2020-08-28,120.9556655883789,170.08999633789062,73.2579116821289,319.1806945800781,131.41458129882812,184.38999938964844,81.25102233886719,130.28097534179688,88.1781997680664,217.69361877441406,59.905113220214844,13.087122917175293,119.12417602539062,72.90330505371094,283.7044372558594,146.48069763183594,65.70159912109375,295.5735778808594,163.25828552246094,45.0450325012207,31.834285736083984
2020-08-31,125.05753326416016,172.54800415039062,73.47389221191406,318.5301513671875,127.85628509521484,184.8300018310547,80.7603759765625,130.08596801757812,85.96456146240234,214.47923278808594,59.82367706298828,13.312829971313477,118.7464370727539,71.8248062133789,282.06195068359375,145.12527465820312,65.03335571289062,294.53680419921875,162.89077758789062,44.5287971496582,31.247507095336914
2020-09-01,130.0388641357422,174.95599365234375,73.67604064941406,321.93853759765625,129.48516845703125,185.0500030517578,82.02664184570312,128.48333740234375,85.92164611816406,216.1339874267578,59.38653564453125,13.761385917663574,118.6176528930664,73.90933227539062,282.3146667480469,146.81044006347656,65.0810775756836,297.28924560546875,164.3333282470703,44.79524230957031,30.84850311279297
2020-09-02,127.34471893310547,176.57249450683594,73.83415985107422,328.7917175292969,131.26914978027344,182.6199951171875,85.1147689819336,130.44212341308594,87.21725463867188,220.2993621826172,61.77159881591797,14.284619331359863,120.61781311035156,74.47122192382812,289.0018310546875,148.40399169921875,66.29027557373047,301.61993408203125,166.52938842773438,45.169925689697266,30.66073226928711
2020-09-03,117.14939880371094,168.39999389648438,73.84246063232422,319.1165466308594,129.1846160888672,181.13999938964844,80.75938415527344,126.81282043457031,86.94268798828125,206.6525115966797,60.127986907958984,12.959362030029297,118.6863784790039,73.57398986816406,285.3830261230469,143.55003356933594,65.49476623535156,291.1785888671875,160.74070739746094,44.18743896484375,30.598148345947266
2020-09-04,117.22691345214844,164.7310028076172,73.40982818603516,317.531494140625,127.97264862060547,181.63999938964844,78.36561584472656,125.99879455566406,88.82173156738281,203.75193786621094,59.427249908447266,12.5680570602417,118.4288101196289,71.51667785644531,281.5657043457031,142.5975341796875,65.1526870727539,288.8482971191406,159.37168884277344,44.279014587402344,30.574674606323242
2020-09-08,109.33812713623047,157.49200439453125,73.51799011230469,310.467529296875,130.11537170410156,181.2899932861328,75.51042938232422,124.87100982666016,85.73289489746094,192.72982788085938,59.55368423461914,11.861616134643555,116.6948013305664,70.07563781738281,277.2790222167969,139.53858947753906,64.35717010498047,280.9118347167969,154.89691162109375,43.646217346191406,29.87055015563965
2020-09-09,113.6992416381836,163.4304962158203,73.46807861328125,317.4033203125,129.30093383789062,183.0500030517578,76.68154907226562,126.94001770019531,86.54800415039062,200.9369659423828,60.50940704345703,12.660157203674316,118.59192657470703,71.96076202392578,281.583740234375,141.54432678222656,64.99357604980469,286.45355224609375,157.92906188964844,44.38726043701172,29.690608978271484
2020-09-10,109.98745727539062,158.7554931640625,73.48469543457031,311.0813903808594,129.1652069091797,182.4600067138672,75.63185119628906,124.57422637939453,85.6556625366211,195.3070526123047,59.33937454223633,12.258646965026855,117.34719848632812,71.50761413574219,274.8875427246094,139.822509765625,64.19806671142578,281.4440002441406,155.3379669189453,43.83773422241211,28.947370529174805
2020-09-11,108.5434341430664,155.81100463867188,73.5595703125,310.7149658203125,127.73994445800781,182.4499969482422,75.12187194824219,125.31194305419922,86.71957397460938,194.0326690673828,59.60511016845703,12.112030029296875,118.58332824707031,71.4350814819336,273.1929626464844,139.1539764404297,63.84008026123047,281.655029296875,155.39312744140625,44.24571228027344,28.869129180908203
2020-09-14,111.79972839355469,155.14849853515625,73.5595703125,314.1874084472656,127.25517272949219,183.88999938964844,74.77841186523438,125.79527282714844,87.92082214355469,195.3450927734375,60.4129638671875,12.816728591918945,119.00394439697266,72.95769500732422,279.61767578125,142.66165161132812,65.3992691040039,285.31585693359375,157.81878662109375,44.628719329833984,28.681358337402344
2020-09-15,111.97418212890625,157.80650329589844,73.60118103027344,315.0944519042969,127.24547576904297,183.4499969482422,76.08135986328125,126.25314331054688,85.18376159667969,198.54995727539062,63.365936279296875,12.934964179992676,119.00394439697266,77.80644989013672,278.40338134765625,143.18368530273438,66.18685913085938,286.7838134765625,158.71926879882812,44.93678665161133,28.376237869262695
2020-09-16,108.66941833496094,153.90499877929688,73.5845718383789,314.9294128417969,128.06961059570312,183.97000122070312,74.93998718261719,125.83768463134766,85.54412841796875,195.0027313232422,60.07656478881836,12.460519790649414,118.20564270019531,75.34129333496094,277.75994873046875,143.8979949951172,66.53687286376953,285.62786865234375,158.195556640625,44.87018585205078,29.581077575683594
2020-09-17,106.93464660644531,150.43649291992188,73.5845718383789,310.4858703613281,126.25652313232422,182.9600067138672,73.69849395751953,124.794677734375,84.56598663330078,192.96755981445312,59.898658752441406,12.40974235534668,118.05113220214844,74.6188735961914,276.364501953125,143.05543518066406,65.24017333984375,283.1322021484375,156.8907928466797,44.85353088378906,29.573257446289062
2020-09-18,103.54267883300781,147.74549865722656,73.50131225585938,307.8104553222656,124.71491241455078,183.1999969482422,71.91679382324219,126.49908447265625,84.38580322265625,190.57106018066406,59.34151840209961,12.136675834655762,117.92234802246094,73.08842468261719,279.11920166015625,142.08465576171875,63.768497467041016,279.8383483886719,155.36550903320312,44.52048110961914,29.096010208129883
2020-09-21,106.68270111083984,148.02349853515625,73.54293823242188,311.1180419921875,121.59291076660156,179.52000427246094,70.8785171508789,123.03939056396484,81.77742767333984,192.61573791503906,59.187232971191406,12.463261604309082,117.35580444335938,73.41636657714844,271.1177673339844,138.65025329589844,61.85129165649414,276.8014221191406,153.49111938476562,43.67332458496094,28.50142478942871
2020-09-22,108.35929107666016,156.44949340820312,73.56788635253906,315.5892028808594,123.33812713623047,178.64999389648438,72.34944915771484,122.28474426269531,80.8851089477539,197.256591796875,59.585811614990234,12.583239555358887,118.4288101196289,73.316162109375,266.65032958984375,139.88662719726562,62.59113311767578,279.599853515625,155.01641845703125,43.589534759521484,27.797290802001953
2020-09-23,103.81402587890625,149.9929962158203,73.4014892578125,315.7540283203125,119.52776336669922,174.7899932861328,69.85012817382812,122.47974395751953,79.57231140136719,190.7613067626953,58.56793212890625,12.071457862854004,117.01239776611328,70.98404693603516,264.72930908203125,136.56207275390625,60.70576095581055,273.12225341796875,151.27676391601562,43.06163024902344,26.905397415161133
2020-09-24,104.88008880615234,150.989501953125,73.40982818603516,317.9254455566406,118.76178741455078,175.44000244140625,70.5177001953125,122.67477416992188,79.50370025634766,193.23388671875,59.47439193725586,12.29473876953125,117.53602600097656,71.40308380126953,265.200439453125,136.35145568847656,61.03192138671875,273.8746643066406,151.59829711914062,42.9862060546875,26.850635528564453
2020-09-25,108.81477355957031,154.75650024414062,73.4014892578125,313.8758544921875,120.225830078125,174.94000244140625,71.32058715820312,123.51427459716797,80.19868469238281,197.636962890625,60.391536712646484,12.81822395324707,118.1369400024414,71.85857391357422,274.1172180175781,138.64488220214844,62.29054641723633,278.2602844238281,154.03768920898438,43.14543151855469,27.100994110107422
2020-09-28,111.41207885742188,158.70249938964844,73.46807861328125,320.3260498046875,122.15526580810547,176.6999969482422,72.2919692993164,124.74380493164062,82.50674438476562,199.17764282226562,60.88871383666992,12.978776931762695,118.47174835205078,72.66934204101562,274.7787780761719,141.56796264648438,63.565216064453125,282.9211120605469,156.83316040039062,43.73199462890625,27.62517738342285
2020-09-29,110.56893157958984,157.24400329589844,73.51799011230469,322.634765625,121.58322143554688,178.19000244140625,72.65673828125,124.70140075683594,81.81175994873047,197.1044464111328,60.67013168334961,13.16870403289795,117.82793426513672,73.3434829711914,275.6124267578125,140.8234100341797,63.1082649230957,281.3077392578125,155.95669555664062,43.67332458496094,26.819339752197266
2020-09-30,112.23583984375,157.43649291992188,73.4014892578125,325.2550964355469,120.30339813232422,177.1199951171875,72.63592529296875,126.2447280883789,82.60112762451172,200.0240020751953,59.47868347167969,13.472142219543457,119.31300354003906,73.85365295410156,282.5174865722656,141.3749237060547,63.30066680908203,283.47308349609375,157.12840270996094,43.71522903442383,26.85845947265625
2020-10-01,113.18561553955078,161.06300354003906,73.47651672363281,328.42529296875,119.55683898925781,178.6999969482422,73.74111938476562,124.92191314697266,83.20173645019531,202.0496368408203,60.592994689941406,13.555778503417969,119.52762603759766,75.26568603515625,283.6954040527344,143.39718627929688,64.56732940673828,285.2698669433594,158.43846130371094,44.06715774536133,25.919626235961914
2020-10-02,109.53194427490234,156.25,73.42648315429688,325.2643737792969,118.81997680664062,178.5399932861328,72.14032745361328,124.0060806274414,83.9911117553711,196.0869140625,60.25227355957031,13.005910873413086,118.5661849975586,73.60768127441406,282.7077331542969,144.1141815185547,65.68165588378906,282.6162109375,157.2022247314453,43.87443161010742,25.802278518676758
2020-10-05,112.90454864501953,159.9600067138672,73.15144348144531,328.53515625,119.6150131225586,179.41000366210938,73.48985290527344,125.69351959228516,85.766357421875,200.0715789794922,61.696590423583984,13.583656311035156,119.65641784667969,77.01476287841797,288.298828125,147.35902404785156,66.0584487915039,287.5549621582031,160.03460693359375,44.519649505615234,26.396869659423828
2020-10-06,109.66764831542969,154.9980010986328,73.25144958496094,328.3245544433594,117.24927520751953,177.3000030517578,71.913330078125,124.02304077148438,84.883056640625,195.820556640625,62.20445251464844,13.677252769470215,119.84523010253906,75.72117614746094,284.9459228515625,147.00975036621094,65.62552642822266,283.5375671386719,158.06021118164062,44.20123291015625,26.123043060302734
2020-10-07,111.52838897705078,159.7845001220703,73.15144348144531,332.6031188964844,119.16901397705078,177.22000122070312,72.3157730102539,125.39672088623047,86.3638916015625,199.5485076904297,63.67021942138672,13.903770446777344,120.78089141845703,79.18292236328125,292.8478698730469,149.85928344726562,65.72174835205078,288.4026794433594,160.8188018798828,44.64533615112305,26.209096908569336
2020-10-08,111.4217758178711,159.52749633789062,73.2764892578125,334.4997863769531,119.34353637695312,177.85000610351562,73.51959228515625,126.25314331054688,88.13914489746094,200.2617645263672,64.51024627685547,13.779061317443848,121.59639739990234,79.98458099365234,292.1591491699219,151.67933654785156,66.82005310058594,290.9549865722656,162.2303466796875,44.95537185668945,27.586055755615234
2020-10-09,113.36006164550781,164.33250427246094,73.29314422607422,338.503662109375,121.1760025024414,181.0800018310547,74.85870361328125,128.01695251464844,87.63687896728516,205.23550415039062,64.91095733642578,13.703385353088379,122.68663024902344,80.87732696533203,297.07965087890625,152.3870849609375,66.55547332763672,293.54412841796875,163.59585571289062,45.265403747558594,27.17923355102539
2020-10-12,120.56074523925781,172.14649963378906,73.40149688720703,344.9353332519531,121.16631317138672,180.55999755859375,77.54190063476562,128.75465393066406,88.71067810058594,210.5515594482422,65.50241088867188,14.164639472961426,124.03436279296875,82.8177490234375,299.0097351074219,153.43502807617188,66.8681411743164,298.2802429199219,166.0222625732422,45.53354263305664,27.093170166015625
2020-10-13,117.36258697509766,172.18150329589844,73.4598617553711,348.78350830078125,125.03487396240234,177.72000122070312,77.66483306884766,125.80377197265625,87.27316284179688,211.9400634765625,64.60238647460938,14.18679428100586,123.79399871826172,81.6607894897461,300.3237609863281,152.35035705566406,65.72174835205078,296.3729248046875,165.1457977294922,45.13972091674805,26.772403717041016
2020-10-14,117.4498062133789,168.1855010986328,73.50154113769531,346.6395263671875,122.73699951171875,178.27000427246094,77.48493194580078,125.58329772949219,86.78822326660156,210.03807067871094,64.42449951171875,14.034455299377441,123.64808654785156,80.71337890625,291.6517028808594,151.6701202392578,64.9200668334961,294.5209045410156,164.04786682128906,44.988895416259766,26.717632293701172
2020-10-15,116.98463439941406,166.9324951171875,73.4598617553711,345.0270690917969,123.48356628417969,178.9199981689453,77.08992004394531,124.81165313720703,88.08718872070312,208.8968505859375,63.957359313964844,13.909743309020996,123.46780395507812,80.3034439086914,294.1164245605469,152.6812744140625,65.25676727294922,294.1707763671875,164.10328674316406,44.519649505615234,26.952342987060547
2020-10-16,115.34679412841797,163.635498046875,73.40149688720703,349.57135009765625,122.95030975341797,178.3000030517578,77.69605255126953,125.58329772949219,87.9052963256836,208.8968505859375,65.4874038696289,13.751927375793457,123.94850158691406,78.98249053955078,298.9463806152344,152.25843811035156,64.79179382324219,293.9219970703125,163.80809020996094,44.703983306884766,26.678516387939453
2020-10-19,112.40060424804688,160.36050415039062,73.33480834960938,344.092529296875,120.44884490966797,178.38999938964844,75.82513427734375,122.37798309326172,86.42452239990234,203.72337341308594,64.19093322753906,13.439533233642578,121.81961059570312,79.76593780517578,293.79931640625,150.456787109375,63.78167724609375,289.480712890625,161.46461486816406,44.50288391113281,26.146509170532227
2020-10-20,113.88338470458984,160.85049438476562,73.20980834960938,346.61212158203125,121.14691162109375,179.25,76.87234497070312,122.57307434082031,86.91812896728516,204.13232421875,64.49949645996094,13.586641311645508,122.30892944335938,80.40364074707031,293.06524658203125,151.0450897216797,64.2386474609375,290.62322998046875,162.02740478515625,44.83805465698242,26.365575790405273
2020-10-21,113.26313018798828,159.2469940185547,73.12645721435547,346.1630554199219,122.77577209472656,180.60000610351562,78.60250854492188,122.04727172851562,86.05213165283203,204.2750244140625,63.79020309448242,13.466415405273438,122.96990203857422,79.83882141113281,292.50347900390625,149.83172607421875,64.04621887207031,290.0980529785156,161.47386169433594,44.71236801147461,25.943096160888672
2020-10-22,112.17771911621094,158.82000732421875,73.00143432617188,344.26654052734375,123.67748260498047,178.8300018310547,79.6269302368164,123.0224609375,89.09172058105469,204.36056518554688,64.77381134033203,13.303369522094727,122.09893798828125,80.35810089111328,295.1675720214844,152.25843811035156,64.03821563720703,291.692138671875,162.61785888671875,44.72075271606445,27.273115158081055
2020-10-23,111.48960876464844,160.22000122070312,73.0931396484375,343.212890625,124.44344329833984,178.63999938964844,80.93136596679688,123.15812683105469,89.8970718383789,205.63494873046875,64.94524383544922,13.531632423400879,122.90174865722656,80.44916534423828,299.5806884765625,153.2052001953125,64.42300415039062,292.68731689453125,163.15298461914062,44.97212600708008,26.7254638671875
2020-10-26,111.49931335449219,160.3520050048828,73.20148468017578,339.64886474609375,120.28400421142578,178.5500030517578,78.51826477050781,122.08120727539062,87.6715087890625,199.78628540039062,64.85523223876953,13.084567070007324,121.96947479248047,79.00981140136719,292.7481384277344,149.85928344726562,63.501075744628906,287.29693603515625,160.19143676757812,44.21798324584961,26.091745376586914
2020-10-27,113.00145721435547,164.31649780273438,73.37647247314453,341.4904479980469,119.55683898925781,179.02000427246094,79.2413558959961,121.38585662841797,86.01748657226562,202.80091857910156,64.95594787597656,13.338968276977539,122.88444519042969,78.99159240722656,290.4374084472656,148.43450927734375,62.48294448852539,286.3479309082031,159.5456085205078,44.058773040771484,25.677093505859375
2020-10-28,107.76811981201172,158.13900756835938,73.2764892578125,334.380615234375,114.86415100097656,176.1300048828125,74.87604522705078,117.32413482666016,83.6014175415039,192.7488250732422,63.82451248168945,12.57253646850586,118.82745361328125,76.38619232177734,279.1011962890625,144.06825256347656,60.99185562133789,276.4887390136719,154.2591094970703,42.80187225341797,24.69915199279785
2020-10-29,111.7609634399414,160.55050659179688,73.11811828613281,334.9314270019531,117.84071350097656,175.39999389648438,77.15980529785156,116.33200073242188,84.14698791503906,194.6888885498047,63.43876266479492,12.967823028564453,118.749755859375,77.33360290527344,275.1864929199219,145.60330200195312,61.80955123901367,279.40057373046875,155.716796875,43.06163024902344,25.794450759887695
2020-10-30,105.50033569335938,151.8074951171875,72.99311828613281,328.2853088378906,117.55953216552734,176.1999969482422,80.09526824951172,116.26416778564453,84.90038299560547,192.54916381835938,62.75304412841797,12.479936599731445,118.34407043457031,76.4043960571289,276.509521484375,144.4175262451172,61.40068054199219,276.2584228515625,154.0653839111328,42.709693908691406,25.520620346069336
2020-11-02,105.41311645507812,150.2239990234375,73.09413146972656,334.50006103515625,116.47361755371094,177.91000366210938,80.5021743774414,117.60395812988281,86.81419372558594,192.416015625,64.39878845214844,12.526487350463867,119.55252838134766,78.08062744140625,282.8164367675781,146.72474670410156,62.867740631103516,279.47418212890625,155.67066955566406,43.30463409423828,26.592458724975586
2020-11-03,107.03157806396484,152.42050170898438,73.0774154663086,341.44903564453125,120.24522399902344,178.9199981689453,81.5597915649414,117.4428482055664,89.55068969726562,196.31509399414062,65.16167449951172,12.96334457397461,121.900390625,79.88436889648438,291.1985168457031,150.2729034423828,64.07827758789062,284.40374755859375,158.65994262695312,44.14257049560547,26.138690948486328
2020-11-04,111.40238952636719,162.05799865722656,73.57836151123047,345.313720703125,121.26326751708984,178.82000732421875,86.52526092529297,118.20601654052734,86.81419372558594,205.787109375,62.84733581542969,13.734752655029297,121.39974975585938,81.48770904541016,321.2926025390625,151.23809814453125,64.19053649902344,290.8075256347656,162.1197052001953,44.82967758178711,25.99786376953125
2020-11-05,115.3564682006836,166.10000610351562,73.65349578857422,353.6305236816406,123.09574127197266,182.92999267578125,87.35044860839844,118.51128387451172,90.36470794677734,212.3489990234375,64.07308197021484,14.098926544189453,122.90174865722656,82.3804702758789,321.1475830078125,155.08045959472656,64.49515533447266,296.5019226074219,165.46871948242188,45.80168914794922,25.95092010498047
2020-11-06,115.22541046142578,165.56849670410156,73.48650360107422,354.0252380371094,123.58052062988281,183.19000244140625,87.21317291259766,120.6227035522461,89.1609878540039,212.75790405273438,64.90452575683594,14.499191284179688,123.63540649414062,83.27325439453125,314.85882568359375,154.03248596191406,64.05426788330078,296.4650573730469,165.38565063476562,45.94414520263672,25.645801544189453
2020-11-09,112.92459106445312,157.18699645996094,73.14422607421875,335.05987548828125,138.25,175.0800018310547,87.29692077636719,123.87039947509766,101.23271179199219,207.6890869140625,64.72454071044922,13.5719575881958,119.1122817993164,81.1051025390625,317.1603698730469,158.64695739746094,66.32300567626953,300.1599426269531,167.350830078125,46.90776824951172,28.89259910583496
2020-11-10,112.5848159790039,151.75100708007812,73.0022964477539,336.5470275878906,137.78463745117188,175.66000366210938,86.12232208251953,125.73593139648438,100.90361785888672,200.67066955566406,65.13597106933594,12.714920997619629,121.07176208496094,79.85704803466797,320.504150390625,160.14529418945312,67.29302978515625,299.7729187011719,167.07403564453125,47.058589935302734,29.53359031677246
2020-11-11,116.00206756591797,156.8695068359375,73.05239868164062,342.3302917480469,133.62521362304688,174.89999389648438,86.59365844726562,125.32891082763672,99.39685821533203,205.9392547607422,66.46454620361328,13.360124588012695,122.63411712646484,82.7904052734375,318.70098876953125,160.3015594482422,67.54957580566406,301.8829345703125,168.4302520751953,47.38539505004883,29.229124069213867
2020-11-12,115.73023986816406,155.51400756835938,73.29451751708984,344.8914489746094,131.39520263671875,175.9600067138672,86.37508392333984,125.7529067993164,98.17581939697266,204.8836212158203,65.7188491821289,13.398710250854492,122.70319366455078,81.82478332519531,321.1567077636719,157.9667205810547,66.66773986816406,299.0910339355469,166.7696075439453,46.74854278564453,28.22757911682129
2020-11-13,115.77877807617188,156.4405059814453,73.31957244873047,347.76458740234375,134.14877319335938,177.16000366210938,87.83415222167969,127.1096420288086,98.7906494140625,205.9011993408203,66.16456604003906,13.239646911621094,124.54180908203125,84.92213439941406,322.2983093261719,161.147216796875,68.44745635986328,303.154541015625,169.13148498535156,47.40216064453125,28.90862274169922
2020-11-16,116.78841400146484,156.55299377441406,73.36129760742188,348.6366882324219,140.26669311523438,177.14999389648438,87.92189025878906,127.91517639160156,101.57910919189453,206.58590698242188,66.64456176757812,13.45695686340332,122.94486236572266,90.43358612060547,323.340576171875,164.465576171875,69.21704864501953,306.8310241699219,171.1980743408203,47.99707794189453,30.575191497802734
2020-11-17,115.90497589111328,156.7830047607422,73.48650360107422,350.59210205078125,140.1018829345703,176.5,87.30880737304688,126.64324951171875,100.54859924316406,203.95164489746094,65.66741180419922,13.364356994628906,122.47010803222656,87.19046783447266,319.0633850097656,165.07225036621094,69.28119659423828,305.3013916015625,170.81057739257812,47.99707794189453,30.98382568359375
2020-11-18,114.58467864990234,155.2729949951172,73.57000732421875,350.8766784667969,139.52012634277344,175.49000549316406,86.26704406738281,124.96426391601562,99.8038558959961,201.26283264160156,64.96453094482422,13.370827674865723,120.58834838867188,88.30188751220703,312.185546875,163.0040283203125,67.93438720703125,301.5973205566406,169.0022735595703,47.770843505859375,29.81401824951172
2020-11-19,115.17686462402344,155.8509979248047,73.7203140258789,352.0791320800781,137.40652465820312,175.16000366210938,87.1556625366211,124.76925659179688,100.0722885131836,202.5404510498047,64.39878845214844,13.382277488708496,120.44163513183594,88.0103759765625,305.3802490234375,164.6034393310547,68.19893646240234,302.8595886230469,169.94332885742188,48.047359466552734,29.966257095336914
2020-11-20,113.9148178100586,154.97000122070312,73.78707885742188,349.85760498046875,136.77627563476562,175.69000244140625,86.0559310913086,124.10784149169922,99.21499633789062,200.60487365722656,64.75881958007812,13.031296730041504,120.24311065673828,86.84431457519531,303.29583740234375,164.5758514404297,67.83016204833984,300.83251953125,169.0484161376953,48.198184967041016,29.597684860229492
2020-11-23,110.52670288085938,154.91949462890625,73.7286376953125,350.3992614746094,141.53683471679688,172.22999572753906,85.61880493164062,122.84410858154297,102.07270812988281,200.3379364013672,63.918785095214844,13.08332347869873,119.7769546508789,89.39505004882812,303.62213134765625,167.25997924804688,67.95842742919922,302.61090087890625,170.4323272705078,48.265235900878906,31.536684036254883
2020-11-24,111.80816650390625,155.9029998779297,73.65349578857422,352.7033996582031,146.879150390625,169.58999633789062,87.4198226928711,122.84410858154297,106.79226684570312,203.91348266601562,64.2702407836914,12.901859283447266,119.38850402832031,88.0376968383789,304.4830322265625,169.85218811035156,68.31918334960938,307.5127868652344,173.0709228515625,48.977474212646484,33.635921478271484
2020-11-25,112.64306640625,159.2534942626953,73.62010192871094,355.9438171386719,144.5522003173828,169.50999450683594,87.43122863769531,122.68189239501953,105.6751708984375,203.92303466796875,65.42420196533203,13.177665710449219,119.7078857421875,88.81202697753906,301.92767333984375,169.15353393554688,68.35926818847656,307.0060729980469,173.0064239501953,48.80988311767578,32.6984748840332
2020-11-27,113.18670654296875,159.76699829101562,73.77874755859375,356.5313720703125,142.65184020996094,167.7899932861328,88.56565856933594,122.95511627197266,104.97371673583984,205.21975708007812,64.70081329345703,13.204050064086914,119.64747619628906,89.95077514648438,306.23199462890625,169.87973022460938,68.05461883544922,307.88134765625,173.61526489257812,49.170204162597656,32.20170974731445
2020-11-30,115.57490539550781,158.40199279785156,73.87890625,359.6340026855469,143.50503540039062,166.6699981689453,86.94901275634766,123.53572082519531,102.08139038085938,204.11375427246094,63.374576568603516,13.343695640563965,119.87191009521484,88.38386535644531,304.7821350097656,167.20481872558594,67.34114074707031,306.4992370605469,172.24986267089844,48.09764099121094,30.551158905029297
2020-12-01,119.13778686523438,161.00399780273438,73.6556625366211,365.0883483886719,144.89151000976562,170.17999267578125,88.97901153564453,125.90093231201172,103.69209289550781,206.1542205810547,63.856849670410156,13.332246780395508,120.30350494384766,91.8820571899414,309.177001953125,168.8134307861328,68.20693969726562,309.87164306640625,174.4364013671875,49.18696594238281,30.847618103027344
2020-12-02,119.48726654052734,160.17649841308594,73.53019714355469,361.2637023925781,148.93458557128906,171.4600067138672,90.44649505615234,126.49008178710938,105.68383026123047,205.353271484375,63.994651794433594,13.486080169677734,119.4316635131836,90.67955017089844,314.9493408203125,168.76748657226562,67.6698226928711,310.52593994140625,174.5840301513672,49.22047424316406,32.00139617919922
2020-12-03,119.3513412475586,159.3365020751953,73.67235565185547,352.3616638183594,148.5758514404297,172.80999755859375,90.2913589477539,127.22440338134766,104.99105072021484,204.2758331298828,63.167911529541016,13.342161178588867,118.55120086669922,90.64311218261719,315.96429443359375,170.15550231933594,68.239013671875,310.4336853027344,174.93460083007812,49.446712493896484,32.21773147583008
2020-12-04,118.68148803710938,158.12899780273438,73.48003387451172,351.7776184082031,149.44845581054688,172.32000732421875,90.38652801513672,128.3087921142578,105.9436264038086,204.39027404785156,62.453125,13.503759384155273,118.66341400146484,94.4966049194336,318.20147705078125,173.3359832763672,69.28119659423828,313.1058349609375,176.6875762939453,49.899200439453125,33.39554977416992
2020-12-07,120.13770294189453,157.89999389648438,73.58039855957031,351.6833801269531,149.00245666503906,174.88999938964844,90.052978515625,127.19879150390625,105.54527282714844,204.32350158691406,63.09901428222656,13.552061080932617,118.84468841552734,96.91980743408203,316.35528564453125,172.89476013183594,68.6799545288086,312.5253601074219,176.4937744140625,49.647823333740234,32.770591735839844
2020-12-08,120.74933624267578,158.864501953125,73.60546875,355.7057800292969,149.041259765625,175.5,89.7704849243164,129.4017333984375,105.64920043945312,205.96353149414062,63.45210647583008,13.296346664428711,119.16409301757812,96.23656463623047,316.35528564453125,174.4022674560547,68.43944549560547,313.4283142089844,177.25958251953125,49.77351379394531,33.84424591064453
2020-12-09,118.22521209716797,155.2100067138672,73.48003387451172,352.5877685546875,149.72962951660156,172.5,88.11168670654297,130.72525024414062,104.82653045654297,201.94927978515625,63.443485260009766,12.878780364990234,117.74846649169922,95.12517547607422,313.2177429199219,173.4003448486328,68.0145492553711,310.64556884765625,175.51589965820312,49.71485137939453,34.29292297363281
2020-12-10,119.6426010131836,155.07449340820312,73.63057708740234,351.1747131347656,149.98171997070312,172.1699981689453,87.60567474365234,129.99940490722656,104.15105438232422,200.72886657714844,63.107608795166016,12.920112609863281,116.9715347290039,94.95207977294922,308.888916015625,174.86184692382812,67.71793365478516,310.4981994628906,175.77420043945312,49.9327278137207,35.26243209838867
2020-12-11,118.8368148803711,155.8209991455078,73.7476577758789,353.3507385253906,170.37164306640625,172.49000549316406,87.96002960205078,130.59715270996094,103.53620910644531,203.34141540527344,63.55544662475586,12.96094799041748,117.83475494384766,94.76988220214844,306.5425720214844,174.31031799316406,67.65379333496094,310.10198974609375,175.46047973632812,49.68971633911133,35.09416198730469
2020-12-14,118.22521209716797,157.84849548339844,73.72257995605469,352.67254638671875,164.1470489501953,171.5399932861328,86.84295654296875,127.28419494628906,102.4450912475586,204.23770141601562,63.340152740478516,13.25526237487793,117.26505279541016,94.34172821044922,305.6876525878906,174.04376220703125,67.35716247558594,308.6829833984375,174.9623260498047,49.69811248779297,33.82822036743164
2020-12-15,124.14712524414062,158.25599670410156,73.7560043334961,350.31744384765625,168.64581298828125,173.94000244140625,87.28006744384766,128.56495666503906,104.19435119628906,204.17098999023438,64.51136016845703,13.306802749633789,117.9555892944336,95.73550415039062,308.9071044921875,177.47244262695312,68.7360610961914,312.9491271972656,177.361083984375,50.234378814697266,34.485233306884766
2020-12-16,124.07920837402344,162.04800415039062,73.68070983886719,348.01898193359375,167.8507843017578,174.89999389648438,87.0872802734375,127.7964859008789,104.4974594116211,209.0814666748047,64.10659790039062,13.189276695251465,118.4908218383789,95.83574676513672,308.6069641113281,177.11395263671875,68.81622314453125,313.4283142089844,177.61012268066406,50.360069274902344,35.0140495300293
2020-12-17,124.94322204589844,161.8040008544922,73.69746398925781,348.8196716308594,168.2677001953125,176.74000549316406,86.2605972290039,131.16921997070312,103.63145446777344,209.21487426757812,64.64053344726562,13.287631034851074,119.33673858642578,95.05081939697266,310.7259521484375,178.9707489013672,69.48161315917969,315.1329650878906,179.0033416748047,50.711997985839844,34.83778381347656
2020-12-18,122.9627685546875,160.08250427246094,73.67235565185547,345.7204895019531,167.62779235839844,176.44000244140625,85.55238342285156,131.92913818359375,103.12052917480469,208.42349243164062,64.1668930053711,13.218661308288574,120.01863861083984,95.39842987060547,307.73382568359375,178.1802215576172,68.08670043945312,313.87060546875,178.495849609375,50.510894775390625,34.23685073852539
2020-12-21,124.48693084716797,160.3090057373047,73.68070983886719,343.8081970214844,165.49473571777344,175.8800048828125,85.9657211303711,130.65695190429688,106.9914779663086,212.2375030517578,64.07215118408203,13.278664588928223,118.70661926269531,95.90158081054688,305.6421813964844,178.18942260742188,67.70189666748047,312.903076171875,177.9792022705078,49.884700775146484,33.61189651489258
2020-12-22,128.03038024902344,160.3260040283203,73.79777526855469,341.0386657714844,165.26205444335938,174.49000549316406,85.2550277709961,130.40077209472656,105.36341857910156,213.52468872070312,64.33911895751953,13.224883079528809,117.8692855834961,95.08740997314453,304.6692199707031,179.68775939941406,68.17487335205078,312.28594970703125,178.01611328125,49.740840911865234,33.043006896972656
2020-12-23,127.13727569580078,159.2635040283203,73.7147216796875,340.90667724609375,168.2677001953125,175.64999389648438,85.6520004272461,129.73475646972656,108.30772399902344,210.74053955078125,64.01187133789062,12.956962585449219,117.68802642822266,94.92274475097656,307.0154724121094,181.00221252441406,67.73396301269531,312.5357666015625,178.32054138183594,50.20626449584961,33.46765899658203
2020-12-24,128.11778259277344,158.63450622558594,73.8405990600586,343.440673828125,168.44219970703125,176.35000610351562,85.94590759277344,130.18727111816406,107.83145141601562,212.39002990722656,64.57164001464844,12.941524505615234,118.87924194335938,96.94450378417969,309.9256591796875,180.8849334716797,68.32698059082031,313.7847900390625,178.61883544921875,50.23164749145508,33.331459045410156
2020-12-28,132.6999969482422,164.197998046875,73.81541442871094,349.54498291015625,173.41607666015625,175.7100067138672,87.91839599609375,130.80206298828125,108.54154205322266,214.49728393554688,65.01084899902344,12.848153114318848,119.7078857421875,97.10917663574219,314.6182861328125,179.9892120361328,68.73426055908203,316.5140686035156,179.74899291992188,50.53628158569336,33.44361877441406
2020-12-29,130.93312072753906,166.10000610351562,73.8405990600586,351.10882568359375,171.90354919433594,176.35000610351562,87.11551666259766,131.6132354736328,108.25579833984375,213.72496032714844,64.87303924560547,12.891231536865234,119.48346710205078,96.56941986083984,315.8915710449219,178.0224151611328,68.14777374267578,315.8479919433594,178.99868774414062,50.95940017700195,33.067047119140625
2020-12-30,129.8166961669922,164.29249572753906,73.89093017578125,352.7384948730469,175.65577697753906,177.6999969482422,86.04948425292969,133.24404907226562,108.55886840820312,211.36976623535156,65.37255096435547,13.092918395996094,118.92239379882812,99.62495422363281,313.74517822265625,179.8876953125,68.52247619628906,316.27349853515625,179.4803924560547,51.238643646240234,33.331459045410156
2020-12-31,128.81675720214844,162.84649658203125,73.99163818359375,354.9334716796875,175.6654510498047,178.36000061035156,86.86177825927734,134.37969970703125,110.03971099853516,212.0753631591797,66.4404067993164,13.002530097961426,120.1049575805664,99.7530288696289,318.91986083984375,179.7676239013672,69.18228149414062,317.97589111328125,180.3048095703125,50.90862274169922,33.026973724365234
2021-01-04,125.63250732421875,159.3314971923828,73.89093017578125,358.1080017089844,172.27195739746094,182.3300018310547,85.54792785644531,133.62831115722656,109.00053405761719,207.5653839111328,63.917137145996094,13.06079387664795,118.96554565429688,102.18647766113281,317.84674072265625,176.85894775390625,66.93403625488281,313.6645202636719,177.73883056640625,51.21326446533203,33.251319885253906
2021-01-05,127.18576049804688,160.92550659179688,73.76508331298828,353.95361328125,173.0088653564453,182.8699951171875,86.23780822753906,135.1994171142578,109.59362030029297,207.76560974121094,64.39079284667969,13.350873947143555,119.72514343261719,103.16537475585938,313.57244873046875,179.3890380859375,67.03178405761719,315.7276916503906,179.17466735839844,51.95793914794922,34.85380172729492
2021-01-06,122.90453338623047,156.91900634765625,73.43787384033203,348.5653991699219,173.6681671142578,179.89999389648438,85.38685607910156,136.47169494628906,114.73970031738281,202.37838745117188,67.54273986816406,12.563799858093262,120.9854507446289,105.76345825195312,326.73193359375,185.1694793701172,67.14583587646484,317.64276123046875,180.78652954101562,52.2371826171875,35.74317169189453
2021-01-07,127.0984115600586,158.10800170898438,73.28684997558594,346.5871887207031,173.14459228515625,179.47999572753906,87.93724822998047,136.93275451660156,118.5076675415039,208.137451171875,68.28336334228516,13.290369033813477,119.85465240478516,111.0877914428711,331.9703063964844,188.2259521484375,67.0155029296875,322.3890380859375,183.6859893798828,52.457210540771484,36.02360534667969
2021-01-08,128.1954345703125,159.13499450683594,73.21971893310547,348.4900207519531,173.2512664794922,173.33999633789062,89.10140228271484,136.65093994140625,118.63848114013672,209.40560913085938,69.86793518066406,13.223389625549316,119.80284118652344,108.58116149902344,330.4788818359375,188.1520538330078,67.66714477539062,324.2023010253906,184.57530212402344,53.12571334838867,36.42422103881836
2021-01-11,125.21501922607422,155.7104949951172,73.14421081542969,342.90386962890625,173.6390838623047,173.0,87.04267120361328,136.07887268066406,120.40907287597656,207.37469482421875,68.62782287597656,13.566755294799805,118.99143981933594,112.15814208984375,328.077880859375,188.1520538330078,66.7711181640625,322.0837097167969,183.4729461669922,52.42336654663086,37.52993392944336
2021-01-12,125.04029846191406,156.04150390625,73.12742614746094,343.0828857421875,170.6334228515625,174.1199951171875,86.10796356201172,135.0200958251953,122.30179595947266,204.93373107910156,68.67949676513672,13.430550575256348,118.30088806152344,112.5240707397461,325.0040283203125,190.959228515625,66.92589569091797,322.1114807128906,184.12136840820312,52.69414520263672,38.36320877075195
2021-01-13,127.06929016113281,158.29449462890625,73.32044219970703,345.6733093261719,170.75946044921875,173.3699951171875,86.59465026855469,134.815185546875,122.41516876220703,206.27813720703125,70.47936248779297,13.477365493774414,118.48217010498047,109.07515716552734,322.885009765625,189.81422424316406,67.74048614501953,322.91632080078125,184.32513427734375,52.68568801879883,38.79587173461914
2021-01-14,125.14708709716797,156.37350463867188,73.22811889648438,341.34014892578125,168.15133666992188,173.27999877929688,85.78531646728516,137.17184448242188,123.13037872314453,203.11256408691406,71.07357788085938,13.147197723388672,117.22190856933594,115.68022918701172,318.78350830078125,192.19659423828125,68.1396255493164,321.82464599609375,184.14913940429688,53.15110778808594,40.31022262573242
2021-01-15,123.42874908447266,155.21249389648438,73.28684997558594,341.1611328125,166.22190856933594,171.1300048828125,85.62177276611328,136.87298583984375,120.9236831665039,202.75978088378906,70.65160369873047,12.807817459106445,116.34146118164062,114.56414031982422,319.4837341308594,189.6295928955078,68.921630859375,319.5301818847656,182.54660034179688,52.33872604370117,38.371238708496094
2021-01-19,124.09861755371094,156.03799438476562,73.38752746582031,333.9169921875,167.0169677734375,172.5800018310547,88.43928527832031,138.9905242919922,120.40035247802734,206.3734893798828,71.31470489501953,12.972900390625,115.32288360595703,120.11714172363281,320.2931213378906,191.8179931640625,68.72612762451172,322.05596923828125,184.21400451660156,52.86339569091797,39.13240432739258
2021-01-20,128.17599487304688,163.16900634765625,73.37913513183594,340.3509521484375,168.35494995117188,175.38999938964844,93.17727661132812,138.64898681640625,118.59490966796875,213.9060821533203,72.38258361816406,13.312032699584961,113.88135528564453,119.51335906982422,319.0653991699219,192.98150634765625,70.03759002685547,326.43206787109375,186.5391387939453,53.43882751464844,39.68525695800781
2021-01-21,132.874755859375,165.34950256347656,73.27845001220703,341.7639465332031,166.0667724609375,175.27999877929688,93.37947845458984,138.09396362304688,117.60055541992188,214.5067901611328,72.08979034423828,13.81176471710205,113.7693099975586,122.73358154296875,322.8486328125,191.54100036621094,69.70361328125,326.7373352050781,186.4001922607422,53.506526947021484,38.547508239746094
2021-01-22,135.010498046875,164.6114959716797,73.3120346069336,341.2929382324219,167.5211181640625,173.89999389648438,93.79629516601562,139.64801025390625,116.69343566894531,215.44119262695312,72.52039337158203,13.657386779785156,112.89221954345703,118.14112854003906,316.0733947753906,192.39051818847656,69.86652374267578,325.57159423828125,186.0945281982422,53.14263916015625,38.002662658691406
2021-01-25,138.7481231689453,164.6999969482422,73.47980499267578,340.8973693847656,166.658203125,174.0500030517578,93.88153076171875,141.72283935546875,115.23685455322266,218.854736328125,74.81114196777344,13.59837532043457,114.83744812011719,119.40361022949219,316.30987548828125,191.74411010742188,70.39599609375,326.8945617675781,186.6225128173828,53.218807220458984,37.57801818847656
2021-01-26,138.98110961914062,166.30650329589844,73.47144317626953,343.8176574707031,164.39913940429688,173.6199951171875,94.55902862548828,145.56520080566406,114.76585388183594,221.52450561523438,73.3987808227539,13.381253242492676,115.57557678222656,115.86320495605469,312.0354309082031,190.0081787109375,70.89288330078125,326.4042663574219,185.94627380371094,53.11725616455078,36.75272750854492
2021-01-27,137.9132537841797,161.62899780273438,73.47144317626953,335.7257080078125,158.06788635253906,172.52000427246094,90.14764404296875,143.34519958496094,111.52123260498047,222.0679931640625,69.05838775634766,12.865832328796387,111.48542022705078,111.37138366699219,302.8320617675781,185.58505249023438,69.6384506225586,318.4846496582031,181.4813232421875,51.88177490234375,36.336090087890625
2021-01-28,133.08834838867188,161.88099670410156,73.4126968383789,336.3567810058594,166.64852905273438,172.67999267578125,91.84558868408203,144.4381103515625,113.48369598388672,227.81748962402344,71.01331329345703,12.998546600341797,113.2048568725586,115.11302947998047,307.5246887207031,186.76698303222656,70.01315307617188,321.1584167480469,182.90785217285156,52.24565505981445,36.904964447021484
2021-01-29,128.10806274414062,160.30999755859375,73.35395812988281,331.9952697753906,163.0514373779297,172.61000061035156,90.56493377685547,139.28941345214844,112.22770690917969,221.1717071533203,69.64400482177734,12.937541961669922,111.33777618408203,111.17011260986328,303.3686218261719,183.3780975341797,69.20672607421875,314.7284851074219,179.70272827148438,51.03555679321289,35.927467346191406
2021-02-01,130.2244110107422,167.1439971923828,73.37834167480469,330.19598388671875,165.76620483398438,174.22999572753906,93.82156372070312,138.9307403564453,113.05632019042969,228.50401306152344,70.35879516601562,13.183797836303711,111.99778747558594,115.8723373413086,303.7506103515625,187.30258178710938,70.78700256347656,319.90020751953125,182.7689208984375,51.95793914794922,35.99156188964844
2021-02-02,131.04962158203125,169.0,73.28590393066406,334.9626159667969,171.57391357421875,172.11000061035156,95.11261749267578,137.68411254882812,116.53643798828125,228.37051391601562,71.41807556152344,13.502264022827148,111.8414535522461,117.5007553100586,308.0430603027344,189.88809204101562,71.21058654785156,324.4983215332031,185.39048767089844,52.58414077758789,36.5604362487793
2021-02-03,130.0302734375,165.62649536132812,73.15982818603516,334.6141052246094,171.0600128173828,171.85000610351562,102.0392074584961,137.04373168945312,117.87094116210938,231.69821166992188,71.52140045166016,13.476119995117188,111.98040771484375,116.64082336425781,307.2882385253906,190.4144744873047,71.03136444091797,324.82220458984375,185.66836547851562,52.77876663208008,37.9946403503418
2021-02-04,133.3795623779297,166.5500030517578,73.17662811279297,335.8787536621094,174.74435424804688,168.14999389648438,101.77899169921875,138.31597900390625,120.5835189819336,230.75424194335938,71.47833251953125,13.609330177307129,112.04988861083984,117.23542785644531,299.4944152832031,193.4801025390625,71.5201187133789,328.4581604003906,188.0213165283203,52.82954788208008,38.72378158569336
2021-02-05,132.96633911132812,167.6074981689453,73.0758285522461,335.2370300292969,175.64605712890625,169.80999755859375,103.52352142333984,140.41644287109375,120.34805297851562,230.93540954589844,71.99506378173828,13.536376953125,112.51881408691406,116.8969497680664,295.12005615234375,195.70553588867188,71.77265167236328,329.7718811035156,189.07737731933594,53.19342041015625,40.02178192138672
2021-02-08,133.1121826171875,166.14700317382812,73.15982818603516,339.63543701171875,184.21701049804688,171.52000427246094,103.30992126464844,140.81777954101562,122.23197937011719,231.19288635253906,71.82281494140625,14.380719184875488,112.17145538330078,121.26072692871094,294.9654541015625,199.2144317626953,72.16364288330078,332.20513916015625,190.7725372314453,53.52345275878906,41.744441986083984
2021-02-09,132.2371368408203,165.25,73.1262435913086,339.3806457519531,182.4814910888672,172.0800018310547,102.85743713378906,141.97048950195312,121.74354553222656,232.43238830566406,72.1931381225586,14.205925941467285,111.73725128173828,121.37960052490234,299.77630615234375,199.72230529785156,72.4161605834961,331.9367980957031,190.84671020507812,53.88732147216797,41.25553512573242
2021-02-10,131.63438415527344,164.32899475097656,73.2439193725586,336.1336669921875,183.8582763671875,172.7100067138672,103.40705871582031,142.4315643310547,121.81336212158203,231.526611328125,72.26201629638672,14.704911231994629,111.34648132324219,122.30358123779297,303.2048645019531,199.36219787597656,72.80716705322266,331.8073425292969,190.76332092285156,53.819618225097656,41.654808044433594
2021-02-11,131.3815460205078,163.10650634765625,73.16822814941406,332.4337158203125,185.0993194580078,171.2100067138672,103.51958465576172,141.7911834716797,121.47319793701172,233.11891174316406,72.29646301269531,15.189456939697266,111.4419937133789,127.30773162841797,302.9047546386719,200.16555786132812,72.96194458007812,332.3439636230469,191.2172088623047,54.22581100463867,40.61180877685547
2021-02-12,131.61488342285156,163.885498046875,72.9749755859375,332.9528503417969,181.95791625976562,170.69000244140625,103.830810546875,142.23516845703125,123.20018005371094,233.59567260742188,71.5903091430664,14.901117324829102,110.825439453125,126.30139923095703,298.5122375488281,201.208984375,72.97821807861328,334.0369873046875,192.20843505859375,54.488136291503906,41.16590118408203
2021-02-16,129.495361328125,163.44749450683594,72.63044738769531,334.13262939453125,180.6781005859375,168.24000549316406,104.607421875,140.94586181640625,126.16567993164062,232.36566162109375,69.91958618164062,15.268636703491211,111.08594512939453,128.12193298339844,295.22015380859375,200.02703857421875,72.4161605834961,333.722412109375,191.8656768798828,54.73353576660156,42.404457092285156
2021-02-17,127.21054077148438,165.4320068359375,72.78169250488281,337.9459533691406,180.76535034179688,166.3300018310547,104.99995422363281,141.4496307373047,126.55818176269531,233.37864685058594,69.48039245605469,14.846090316772461,111.5549087524414,124.66387939453125,297.25726318359375,198.97434997558594,72.3265380859375,333.79656982421875,191.4673309326172,54.49660110473633,43.06447982788086
2021-02-18,126.11190032958984,166.4114990234375,72.73968505859375,336.8888244628906,177.43006896972656,166.32000732421875,104.36506652832031,141.51792907714844,126.98558044433594,232.98687744140625,69.5234603881836,14.769403457641602,112.48409271240234,123.16354370117188,298.6668395996094,196.3518829345703,72.01703643798828,332.3716735839844,190.36495971679688,54.03963851928711,42.38816833496094
2021-02-19,126.26747131347656,162.4949951171875,72.48758697509766,334.85943603515625,178.06027221679688,167.00999450683594,103.52253723144531,139.1613006591797,129.10504150390625,230.29183959960938,67.25853729248047,14.866509437561035,110.3912353515625,125.02064514160156,295.18365478515625,199.84234619140625,72.43245697021484,331.7610778808594,190.8003387451172,54.34428405761719,42.67335891723633
2021-02-22,122.50482177734375,159.03700256347656,72.28590393066406,330.55535888671875,185.9234161376953,169.50999450683594,101.81022644042969,139.0753631591797,130.31741333007812,224.1180877685547,64.67499542236328,14.298053741455078,109.92229461669922,122.19384002685547,297.966552734375,198.23562622070312,73.0352554321289,329.1520080566406,188.98472595214844,53.76884841918945,44.24601364135742
2021-02-23,122.36868286132812,159.72500610351562,72.26911163330078,322.94781494140625,191.09121704101562,169.1199951171875,102.10063934326172,137.84671020507812,131.36407470703125,222.93299865722656,64.33911895751953,14.085161209106445,110.73860168457031,118.10453033447266,299.667236328125,197.52462768554688,73.49142456054688,329.5683898925781,188.9569091796875,53.90425109863281,44.857139587402344
2021-02-24,121.87284851074219,157.97650146484375,72.22705841064453,321.57916259765625,191.4984130859375,169.0,103.27473449707031,139.69403076171875,133.67547607421875,224.15631103515625,63.520992279052734,14.440727233886719,110.86017608642578,121.03199005126953,302.12261962890625,201.43063354492188,74.05347442626953,333.213623046875,191.07827758789062,53.92117691040039,46.201637268066406
2021-02-25,117.63379669189453,152.85800170898438,71.59683990478516,315.1607360839844,185.16717529296875,165.82000732421875,99.91156005859375,139.84002685546875,131.86123657226562,218.84271240234375,64.11400604248047,13.254018783569336,109.92229461669922,115.26856231689453,299.0850524902344,194.85598754882812,72.63610076904297,325.2200622558594,186.0852813720703,52.94801712036133,45.43568420410156
2021-02-26,117.89630126953125,154.64649963378906,72.21868133544922,312.4234619140625,183.2862091064453,161.80999755859375,100.20693969726562,136.14559936523438,128.3636932373047,222.08250427246094,63.61190414428711,13.659382820129395,107.27366638183594,115.21366119384766,302.1317138671875,194.68980407714844,71.57715606689453,323.4344177246094,185.3441619873047,52.21180725097656,44.303043365478516
2021-03-01,124.24517822265625,157.3070068359375,72.125244140625,313.1502990722656,189.04542541503906,161.52999877929688,102.5734634399414,136.8844757080078,131.26812744140625,226.44039916992188,65.7155532836914,13.786118507385254,107.93364715576172,118.13197326660156,304.341796875,200.44256591796875,71.89484405517578,331.3261413574219,190.1055908203125,53.35419845581055,45.95718002319336
2021-03-02,121.64923858642578,154.72650146484375,72.11681365966797,310.02593994140625,188.03707885742188,162.41000366210938,102.31673431396484,136.62673950195312,130.84075927734375,223.50645446777344,65.39524841308594,13.352370262145996,107.59497833251953,115.26856231689453,304.3327331542969,197.22915649414062,71.20245361328125,328.7633972167969,188.31771850585938,53.14263916015625,45.68828201293945
2021-03-03,118.67411804199219,150.25,71.88959503173828,305.7408752441406,186.40821838378906,160.6199951171875,99.68656921386719,134.22100830078125,133.3701629638672,217.47608947753906,62.780818939208984,12.753288269042969,106.95234680175781,112.4234390258789,302.7228698730469,194.83750915527344,70.795166015625,324.4243469238281,185.60354614257812,52.88877487182617,46.054962158203125
2021-03-04,116.79765319824219,148.8784942626953,71.66233825683594,301.13470458984375,182.3069610595703,159.0399932861328,100.80265808105469,131.51463317871094,131.3204803466797,216.68280029296875,61.71600341796875,12.320531845092773,106.07526397705078,105.74517059326172,303.5777587890625,190.3406219482422,69.98871612548828,320.4275207519531,182.6670379638672,52.21180725097656,47.83946990966797
2021-03-05,118.0518569946289,150.0229949951172,71.6202621459961,299.51123046875,184.20730590820312,159.13999938964844,103.93191528320312,134.11790466308594,131.625732421875,221.3370361328125,61.20524215698242,12.411417961120605,109.4012451171875,110.51143646240234,315.66412353515625,193.877197265625,70.75443267822266,326.30242919921875,185.96484375,52.6010627746582,49.6484260559082
2021-03-08,113.13224029541016,147.59750366210938,71.29207611083984,293.9424133300781,195.76449584960938,157.49000549316406,99.49278259277344,135.23487854003906,133.3701629638672,217.31358337402344,61.34374237060547,11.54665756225586,110.55620574951172,104.2265625,318.4560852050781,194.1634521484375,71.36534881591797,324.7019958496094,185.05699157714844,52.05101776123047,49.59952926635742
2021-03-09,117.73100280761719,153.1425018310547,71.52771759033203,300.88934326171875,188.58973693847656,160.83999633789062,101.12133026123047,135.4925994873047,132.42813110351562,223.4204559326172,64.07937622070312,12.474235534667969,109.57493591308594,106.4678955078125,320.1021423339844,196.68434143066406,71.83782958984375,329.2446594238281,187.9286651611328,52.85493087768555,48.833580017089844
2021-03-10,116.65182495117188,152.8820037841797,71.66233825683594,305.6558837890625,189.12298583984375,161.66000366210938,100.9146728515625,136.73837280273438,135.30648803710938,222.1207275390625,64.46029663085938,12.4224271774292,110.582275390625,104.13506317138672,317.9377746582031,198.97434997558594,72.55464172363281,331.280029296875,189.2719268798828,52.9987907409668,50.33289337158203
2021-03-11,118.576904296875,155.67950439453125,71.67079162597656,310.20538330078125,190.7615509033203,161.52000427246094,104.1039047241211,136.72982788085938,134.60000610351562,226.62197875976562,64.80657196044922,12.9457426071167,110.20887756347656,110.31017303466797,321.1208190917969,202.98190307617188,73.40181732177734,334.7771911621094,191.7452850341797,53.743465423583984,49.95806121826172
2021-03-12,117.67269897460938,154.47450256347656,71.24156951904297,312.5556945800781,191.15908813476562,161.49000549316406,101.59910583496094,137.125,136.19610595703125,225.3031463623047,65.50777435302734,12.80875015258789,111.27698516845703,108.22437286376953,324.926513671875,204.2838897705078,74.63182067871094,335.2489929199219,192.12506103515625,53.574214935302734,50.4958610534668
2021-03-15,120.55056762695312,154.08399963378906,71.32574462890625,311.96099853515625,190.77125549316406,162.1999969482422,101.81914520263672,137.82955932617188,135.51580810546875,224.40478515625,65.3779067993164,13.142765998840332,111.6417236328125,108.93792724609375,322.97344970703125,206.36155700683594,75.73965454101562,337.1919250488281,193.46824645996094,53.68422317504883,49.20840072631836
2021-03-16,122.08674621582031,154.59300231933594,71.31732177734375,308.8840026855469,188.32794189453125,162.35000610351562,103.27871704101562,138.64581298828125,133.89353942871094,227.1763153076172,65.25672149658203,13.242401123046875,111.97171783447266,109.18492889404297,323.63055419921875,203.5543975830078,75.43011474609375,336.8125305175781,192.6901092529297,53.81116485595703,48.1654052734375
2021-03-17,121.29922485351562,156.7864990234375,71.29207611083984,310.7151184082031,189.29751586914062,163.50999450683594,103.19593048095703,138.13031005859375,135.27159118652344,226.5359649658203,63.16173553466797,13.292215347290039,111.5201416015625,109.0545654296875,321.4219665527344,204.84718322753906,75.49528503417969,337.91351318359375,193.42193603515625,54.03117752075195,48.37726974487305
2021-03-18,117.18655395507812,151.39950561523438,70.99750518798828,304.8536682128906,186.4276123046875,162.55999755859375,100.1786880493164,137.87254333496094,137.50442504882812,220.49606323242188,61.577491760253906,12.675739288330078,111.76329803466797,105.14266204833984,330.4299011230469,199.62071228027344,74.72956848144531,332.9453430175781,189.9017791748047,53.396507263183594,46.29127502441406
2021-03-19,116.66154479980469,153.7480010986328,71.05644226074219,310.45074462890625,185.32228088378906,163.24000549316406,100.45722198486328,137.5030517578125,135.31521606445312,220.14242553710938,61.326419830322266,12.798538208007812,111.16410064697266,104.3437728881836,333.651611328125,200.738037109375,73.71133422851562,332.35321044921875,190.14263916015625,53.667301177978516,46.030513763427734
2021-03-22,119.96723937988281,155.5435028076172,71.25840759277344,315.7176513671875,186.9899444580078,163.0,100.64208221435547,137.89828491210938,131.67808532714844,225.53250122070312,62.062286376953125,13.137786865234375,113.04854583740234,107.60367584228516,334.81982421875,199.68539428710938,74.232666015625,334.9806823730469,191.1708526611328,53.66306686401367,45.557899475097656
2021-03-23,119.14080047607422,156.875,71.41828918457031,321.2392578125,182.9856414794922,161.80999755859375,101.16939544677734,137.76942443847656,130.3610382080078,227.05203247070312,64.07937622070312,13.022709846496582,115.15007781982422,105.50081634521484,336.31658935546875,193.9787139892578,74.12678527832031,332.519775390625,188.99398803710938,52.84869384765625,44.995670318603516
2021-03-24,116.75875854492188,154.35350036621094,71.52771759033203,319.0684509277344,179.09768676757812,162.3699951171875,100.73326873779297,139.10977172851562,131.37278747558594,225.02598571777344,63.049171447753906,12.596532821655273,115.11531066894531,100.05543518066406,338.2331848144531,191.0238494873047,73.71133422851562,330.6786193847656,187.4283905029297,52.28034973144531,45.908294677734375
2021-03-25,117.24488067626953,152.31300354003906,71.4771957397461,326.9026184082031,181.22103881835938,161.77999877929688,100.72981262207031,139.1613006591797,133.0561981201172,222.04428100585938,63.585914611816406,12.489176750183105,115.91426849365234,101.42365264892578,338.68048095703125,194.76734924316406,74.46186065673828,332.5381774902344,188.815185546875,52.619659423828125,45.77790832519531
2021-03-26,117.84769439697266,152.60150146484375,71.35099029541016,332.2637939453125,180.2611846923828,162.24000549316406,100.34671783447266,141.70448303222656,135.27159118652344,226.0008087158203,64.11400604248047,12.792060852050781,117.62501525878906,107.0343246459961,343.5997619628906,198.25808715820312,76.06776428222656,337.963134765625,191.90090942382812,53.48491668701172,47.02462387084961
2021-03-29,118.022705078125,153.7864990234375,71.25840759277344,336.1620178222656,179.2237548828125,160.30999755859375,101.39044189453125,142.6581268310547,133.16954040527344,224.81578063964844,64.7546157836914,12.900660514831543,119.46601867675781,105.04166412353516,345.9543151855469,194.4247589111328,75.62532043457031,337.7589111328125,190.9993438720703,53.18802261352539,46.77202606201172
2021-03-30,116.57403564453125,152.76449584960938,71.33413696289062,330.1212158203125,179.883056640625,157.57000732421875,101.42414855957031,141.77320861816406,134.73953247070312,221.57595825195312,64.25251007080078,12.824443817138672,117.62501525878906,105.66608428955078,340.9346923828125,196.82289123535156,75.7236328125,336.8953552246094,190.94354248046875,53.20499038696289,46.193485260009766
2021-03-31,118.76162719726562,154.70399475097656,71.30049133300781,332.697998046875,178.90380859375,159.9600067138672,102.21958923339844,141.20616149902344,132.7770538330078,225.32223510742188,65.45582580566406,13.299189567565918,117.60762786865234,108.6137924194336,339.5747985839844,198.22105407714844,75.26483154296875,338.2323913574219,192.1053924560547,53.18802261352539,45.49271774291992
2021-04-01,119.58804321289062,158.0500030517578,71.5299072265625,335.0199279785156,183.2183380126953,161.97999572753906,105.55303192138672,139.9001922607422,134.06796264648438,231.61070251464844,65.5943603515625,13.760988235473633,116.60897827148438,114.60094451904297,335.0115051269531,201.27659606933594,76.63312530517578,341.8161926269531,194.51263427734375,53.909061431884766,46.76387023925781
2021-04-05,122.40760803222656,161.3365020751953,71.42025756835938,340.5699462890625,182.76266479492188,161.9199981689453,109.97285461425781,140.4156951904297,134.77862548828125,238.0329132080078,66.46870422363281,13.936091423034668,118.49344635009766,114.325439453125,337.849853515625,202.05435180664062,76.92808532714844,346.7461853027344,196.78045654296875,54.502872467041016,46.03866958618164
2021-04-06,122.70899200439453,161.1909942626953,71.67333221435547,339.9092102050781,183.95523071289062,163.22000122070312,109.49210357666016,140.38134765625,133.8310546875,236.87652587890625,67.14395904541016,13.810556411743164,118.53684997558594,112.43379211425781,332.54736328125,202.32290649414062,77.12474060058594,346.5512390136719,196.85476684570312,54.189002990722656,45.908294677734375
2021-04-07,124.35212707519531,163.96949768066406,71.5889663696289,338.6727600097656,181.8512725830078,162.75999450683594,110.96753692626953,140.5703582763672,135.9279022216797,238.8260955810547,67.01411437988281,14.09151554107666,118.7452621459961,110.0921859741211,333.7063293457031,200.0821533203125,77.18208312988281,346.9876403808594,196.6875,54.06175994873047,46.11200714111328
2021-04-08,126.74388122558594,164.96499633789062,71.7492446899414,340.9474792480469,181.61859130859375,164.50999450683594,111.53250885009766,140.0205078125,136.0946044921875,242.02769470214844,67.31710815429688,14.26438045501709,119.19683837890625,113.3428955078125,333.0219421386719,201.33213806152344,76.89532470703125,348.6773986816406,197.8306884765625,54.40107345581055,45.63124084472656
2021-04-09,129.31069946289062,168.61000061035156,71.65644073486328,342.8257751464844,182.17123413085938,163.27000427246094,112.53561401367188,138.54270935058594,137.1123504638672,244.51246643066406,67.4729232788086,14.347075462341309,118.42393493652344,112.76437377929688,343.4353332519531,201.81365966796875,76.8051986694336,351.18414306640625,199.0296630859375,54.39259719848633,45.52531051635742
2021-04-12,127.59950256347656,168.96949768066406,71.63957214355469,344.3359680175781,180.81385803222656,162.27999877929688,111.24457550048828,138.87777709960938,136.82281494140625,244.56976318359375,67.21321105957031,15.15310287475586,118.90154266357422,111.0196533203125,343.4170837402344,202.0358123779297,77.2558364868164,351.34197998046875,199.0854949951172,54.07024002075195,45.22382354736328
2021-04-13,130.700927734375,170.0,71.82513427734375,344.71356201171875,179.84426879882812,163.42999267578125,111.73075103759766,137.02194213867188,135.19094848632812,247.03546142578125,68.42520904541016,15.621870994567871,117.32976531982422,111.35941314697266,341.79254150390625,201.9710235595703,77.64090728759766,352.29833984375,199.6431427001953,54.38411331176758,45.39493942260742
2021-04-14,128.36753845214844,166.64999389648438,71.77454376220703,342.78802490234375,181.75433349609375,162.72000122070312,111.11026763916016,137.39999389648438,132.66416931152344,244.26397705078125,68.50311279296875,15.22085189819336,117.75527954101562,110.96456909179688,342.8238525390625,203.15623474121094,77.23126220703125,351.16558837890625,199.19696044921875,54.528316497802734,46.70682907104492
2021-04-15,130.76907348632812,168.95449829101562,72.07819366455078,348.1020202636719,180.2708740234375,165.35000610351562,113.25821685791016,137.8037872314453,133.50645446777344,248.00071716308594,69.412109375,16.077939987182617,119.17947387695312,108.67803955078125,355.94805908203125,204.32286071777344,78.58314514160156,354.93505859375,201.3161163330078,54.90156555175781,46.42979431152344
2021-04-16,130.43849182128906,169.9720001220703,71.88420104980469,349.9142761230469,181.56039428710938,166.35000610351562,113.13430786132812,139.39329528808594,134.49786376953125,249.185791015625,70.0700454711914,15.85401725769043,119.18816375732422,109.12799835205078,356.8606872558594,205.19325256347656,78.7552261352539,356.1791687011719,201.8272705078125,55.266334533691406,46.16904830932617
2021-04-19,131.09959411621094,168.60049438476562,71.8420181274414,348.8099365234375,181.7252197265625,165.88999938964844,113.48174285888672,139.77992248535156,133.92755126953125,247.27438354492188,69.07447814941406,15.305291175842285,118.63235473632812,105.9691390991211,355.7928771972656,203.1191864013672,78.910888671875,354.4244384765625,200.5074920654297,55.09668731689453,46.02235794067383
2021-04-20,129.41763305664062,166.7344970703125,71.96012115478516,350.8676452636719,177.2264404296875,166.47999572753906,112.9489517211914,143.0361785888672,130.96209716796875,246.81565856933594,69.7151107788086,15.115490913391113,119.62235260009766,105.55591583251953,361.89849853515625,199.85989379882812,79.55817413330078,351.8247985839844,198.66720581054688,54.333213806152344,45.05270767211914
2021-04-21,129.7967987060547,168.1009979248047,72.03601837158203,353.09515380859375,177.53672790527344,168.1300048828125,112.91624450683594,143.1306915283203,132.0763702392578,249.03280639648438,67.49889373779297,15.304045677185059,118.8407974243164,107.8056869506836,363.9794921875,203.8506622314453,80.08255004882812,355.1300964355469,201.0372772216797,54.85068130493164,45.63124084472656
2021-04-22,128.2800750732422,165.45199584960938,72.06973266601562,350.4239807128906,177.19735717773438,167.0399932861328,111.63611602783203,141.91928100585938,129.295166015625,245.77394104003906,67.8019027709961,14.795671463012695,117.66094207763672,105.89566802978516,361.9076232910156,202.9710235595703,79.64830780029297,351.8711853027344,199.4665069580078,54.62163162231445,45.03640365600586
2021-04-23,130.59400939941406,167.04400634765625,72.07819366455078,352.33062744140625,177.44947814941406,166.39999389648438,113.98576354980469,142.21141052246094,131.76927185058594,249.57760620117188,67.73263549804688,15.209145545959473,117.05791473388672,108.94435119628906,365.3483581542969,206.44320678710938,80.1153335571289,355.6221008300781,201.88307189941406,55.24088668823242,45.280853271484375
2021-04-26,130.98294067382812,170.4499969482422,72.02757263183594,347.8377685546875,178.66140747070312,166.83999633789062,114.48136138916016,141.008544921875,132.0939178466797,249.95980834960938,67.46427917480469,15.421113967895508,114.71569061279297,111.58898162841797,361.2870178222656,208.55433654785156,80.35294342041016,356.3927307128906,202.61732482910156,55.30875015258789,45.3704833984375
2021-04-27,130.66209411621094,170.8715057373047,71.8420181274414,349.4329528808594,179.0201416015625,166.4199981689453,113.54219818115234,140.20089721679688,132.6992950439453,250.3612518310547,66.90158081054688,15.325216293334961,114.64579010009766,111.35941314697266,360.0458679199219,208.70245361328125,80.3447494506836,356.28131103515625,202.5243682861328,55.22391891479492,45.96533203125
2021-04-28,129.8745880126953,172.9250030517578,71.87574005126953,348.8477478027344,177.8081817626953,166.91000366210938,116.91529083251953,139.1698760986328,133.55911254882812,243.27955627441406,66.73706817626953,15.220602989196777,114.83806610107422,109.88098907470703,360.1280212402344,208.9710235595703,80.17266845703125,356.1142578125,202.49647521972656,55.45296096801758,47.35056686401367
2021-04-29,129.77732849121094,173.5655059814453,71.81671142578125,353.331298828125,179.6891326904297,166.22000122070312,118.58647155761719,141.07728576660156,136.15603637695312,241.32044982910156,66.84962463378906,15.268428802490234,115.80815124511719,109.36673736572266,366.4801025390625,208.7302703857422,80.86094665527344,358.4910583496094,203.26791381835938,55.444480895996094,48.02687454223633
2021-04-30,127.8133544921875,173.37100219726562,71.91792297363281,351.959716796875,180.358154296875,165.66000366210938,116.6407241821289,139.8142852783203,134.94529724121094,241.0050811767578,67.1006851196289,14.954336166381836,116.60344696044922,107.19962310791016,363.97027587890625,206.008056640625,81.18048095703125,356.1235656738281,201.7808074951172,54.664039611816406,46.64164352416992
2021-05-03,128.86343383789062,169.32449340820312,71.93563842773438,358.79864501953125,179.86366271972656,167.80999755859375,116.12428283691406,141.945068359375,134.55052185058594,240.69923400878906,66.39945220947266,14.782218933105469,117.98429870605469,106.46501159667969,370.4501953125,206.50802612304688,81.02481079101562,356.9312744140625,202.13400268554688,55.130592346191406,47.92909622192383
2021-05-04,124.30349731445312,165.593505859375,72.02859497070312,354.9866027832031,178.64199829101562,166.5800018310547,114.3277359008789,144.14454650878906,136.4104766845703,236.80960083007812,65.52509307861328,14.298504829406738,117.582275390625,105.93238830566406,375.4151306152344,204.87843322753906,80.50041961669922,354.75872802734375,200.6190185546875,54.41804885864258,48.2305908203125
2021-05-05,124.54657745361328,163.52699279785156,72.07085418701172,352.34759521484375,175.98541259765625,167.27000427246094,114.72123718261719,143.5430908203125,138.20025634765625,235.54811096191406,63.8715934753418,14.405359268188477,116.63838195800781,105.95075988769531,376.47381591796875,204.49879455566406,79.1648941040039,354.8236999511719,200.5818328857422,54.9779052734375,49.68101501464844
2021-05-06,126.14109802246094,165.31849670410156,72.1046371459961,362.052490234375,176.25689697265625,170.05999755859375,115.84031677246094,144.11880493164062,140.9814910888672,238.66363525390625,64.07071685791016,14.469623565673828,118.10665893554688,107.4383773803711,378.7281799316406,204.7209930419922,79.60735321044922,357.711181640625,201.6042022705078,55.40205764770508,50.15362548828125
2021-05-07,126.81306457519531,164.58050537109375,72.11302947998047,363.5281677246094,179.2140655517578,171.58999633789062,116.56290435791016,144.77171325683594,141.46401977539062,241.27268981933594,64.5208740234375,14.757811546325684,118.11537170410156,107.28226470947266,381.1740417480469,206.99879455566406,80.65609741210938,360.26434326171875,203.31436157226562,56.05524826049805,50.870689392089844
2021-05-10,123.5407485961914,159.52450561523438,71.9441146850586,360.8417053222656,178.69049072265625,172.11000061035156,113.58036041259766,146.29249572753906,141.4464569091797,236.22662353515625,64.7546157836914,14.213318824768066,120.31778717041016,103.13167572021484,384.131103515625,203.56365966796875,80.63152313232422,356.736328125,200.9257354736328,55.59717559814453,50.9929084777832
2021-05-11,122.6252670288086,161.19549560546875,71.80052185058594,357.7203063964844,176.14053344726562,172.13999938964844,112.5053939819336,145.09823608398438,139.0951690673828,235.3187255859375,64.12267303466797,14.253669738769531,119.7234878540039,103.62753295898438,375.7436218261719,202.24880981445312,79.61550903320312,353.607421875,199.3085174560547,54.99489974975586,49.371376037597656
2021-05-12,119.56717681884766,157.5970001220703,71.54707336425781,352.06378173828125,172.43682861328125,170.42999267578125,109.04557037353516,144.5140380859375,138.1388397216797,228.40914916992188,61.93243408203125,13.70793342590332,118.45621490478516,99.3667221069336,369.9665222167969,196.08218383789062,77.59993743896484,346.05914306640625,194.81930541992188,53.91755294799805,49.635921478271484
2021-05-13,121.70977020263672,158.07350158691406,71.690673828125,358.9972839355469,172.91188049316406,171.1300048828125,110.47241973876953,146.026123046875,141.69210815429688,232.26055908203125,62.87604522705078,13.615025520324707,120.36148071289062,99.86258697509766,372.8779602050781,198.8877410888672,78.60774993896484,350.172119140625,196.96633911132812,54.20597457885742,49.0241584777832
2021-05-14,124.12506866455078,161.14500427246094,71.8596420288086,363.6226501464844,168.41311645507812,172.69000244140625,112.917724609375,146.2495574951172,143.89427185058594,237.15362548828125,63.30025100708008,14.190653800964355,120.61489868164062,103.26939392089844,374.00958251953125,203.42474365234375,79.54180908203125,355.5478820800781,200.3308868408203,55.1136474609375,50.23941421508789
2021-05-17,122.97586059570312,163.51950073242188,71.79206085205078,363.1875305175781,164.90330505371094,174.6999969482422,113.44010162353516,146.39559936523438,144.47332763671875,234.31527709960938,62.244075775146484,14.11343765258789,120.37018585205078,100.82679748535156,372.9418640136719,203.13768005371094,79.62372589111328,354.69366455078125,199.90333557128906,55.02881622314453,51.41336441040039
2021-05-18,121.59290313720703,161.61399841308594,71.71603393554688,362.099853515625,164.51548767089844,175.0399932861328,112.12920379638672,146.4470977783203,142.43785095214844,232.308349609375,62.581703186035156,13.964239120483398,119.1379165649414,101.78179168701172,374.5389709472656,201.60067749023438,79.64012145996094,351.6297912597656,198.34188842773438,55.35965347290039,49.95834732055664
2021-05-19,121.43707275390625,161.58999633789062,71.6399917602539,359.1202087402344,164.11795043945312,175.16000366210938,112.5767593383789,146.12924194335938,141.34996032714844,232.88304138183594,62.902008056640625,14.014052391052246,119.38262176513672,103.21430969238281,373.73583984375,200.2488250732422,79.3861312866211,350.7013854980469,197.7656707763672,54.96944046020508,48.759613037109375
2021-05-20,123.98873901367188,162.38400268554688,71.87657165527344,362.82806396484375,166.1443634033203,175.9600067138672,114.33368682861328,146.97984313964844,141.10427856445312,236.1015625,64.31312561035156,14.558793067932129,120.60615539550781,104.02238464355469,372.9509582519531,201.47103881835938,80.27919006347656,354.44305419921875,199.9126434326172,55.5632438659668,48.64387130737305
2021-05-21,122.15778350830078,160.1540069580078,71.8934097290039,360.1228332519531,167.15269470214844,176.0399932861328,113.69831085205078,146.8853302001953,142.70982360839844,234.84674072265625,64.4429702758789,14.936649322509766,120.60615539550781,102.70923614501953,375.6798400878906,201.72108459472656,80.19725799560547,354.1737060546875,199.80111694335938,55.41054153442383,48.709999084472656
2021-05-24,123.78419494628906,162.24949645996094,71.9779052734375,362.7052001953125,169.0045623779297,176.35000610351562,117.014404296875,147.447265625,143.48190307617188,240.22052001953125,64.08802795410156,15.554619789123535,120.57123565673828,104.3437728881836,375.0592041015625,203.20248413085938,81.1968765258789,357.7482604980469,201.81797790527344,55.809242248535156,49.280433654785156
2021-05-25,123.58943939208984,162.95249938964844,72.16374969482422,364.53076171875,170.80792236328125,177.9499969482422,117.1051025390625,147.04098510742188,141.99923706054688,241.12095642089844,63.516693115234375,15.590240478515625,120.98197937011719,104.9406509399414,376.9757995605469,201.77658081054688,81.17227935791016,356.9963073730469,201.2603302001953,55.96193313598633,48.164363861083984
2021-05-26,123.5407485961914,163.25799560546875,72.13842010498047,364.7577819824219,171.0988311767578,177.63999938964844,117.96943664550781,146.16775512695312,141.98165893554688,240.90066528320312,63.60324478149414,15.64229679107666,120.7110366821289,106.52010345458984,377.1217346191406,204.32286071777344,81.53279113769531,357.64617919921875,201.98529052734375,56.08918762207031,48.726531982421875
2021-05-27,122.01167297363281,161.5054931640625,72.03706359863281,366.5360107421875,173.590576171875,177.7100067138672,117.09568786621094,145.9429473876953,144.19259643554688,238.8124542236328,63.196346282958984,15.431077003479004,117.966796875,106.30889892578125,376.6562805175781,206.13766479492188,81.3443374633789,357.8040466308594,202.35708618164062,56.216426849365234,48.41238784790039
2021-05-28,121.35916137695312,161.15350341796875,72.02859497070312,357.8054504394531,173.2124481201172,178.3800048828125,116.80674743652344,146.32337951660156,144.09603881835938,239.16685485839844,63.38679504394531,16.184797286987305,117.85320281982422,107.76895141601562,375.94451904296875,206.09136962890625,81.83594512939453,358.50030517578125,202.7009735107422,56.34366989135742,48.25531005859375
2021-06-01,121.03776550292969,160.9324951171875,72.02352142333984,357.7675476074219,173.3966827392578,177.89999389648438,118.0125503540039,143.1072998046875,145.6840362548828,236.98284912109375,62.76456832885742,16.204729080200195,116.13150024414062,108.82496643066406,371.1986083984375,207.9247283935547,83.31077575683594,358.2218017578125,202.78460693359375,56.87810516357422,49.98313903808594
2021-06-02,121.79742431640625,161.69949340820312,72.09967041015625,359.9998779296875,171.61270141601562,178.77000427246094,117.48771667480469,143.6865234375,145.69287109375,236.88705444335938,63.278038024902344,16.71658706665039,116.63838195800781,109.2290267944336,370.4045715332031,208.11912536621094,84.28578186035156,358.8253173828125,203.05410766601562,57.005332946777344,50.37997055053711
2021-06-03,120.31709289550781,159.35049438476562,71.96432495117188,363.1024475097656,170.87582397460938,175.27000427246094,116.34732055664062,143.54815673828125,145.789306640625,235.36399841308594,62.98213577270508,16.90738296508789,118.7271499633789,107.27307891845703,372.3302917480469,206.51730346679688,83.97443389892578,357.46051025390625,202.152587890625,56.57271957397461,50.5783805847168
2021-06-04,122.60577392578125,160.31100463867188,72.2519760131836,366.554931640625,171.78720092773438,177.16000366210938,118.6266098022461,143.4876708984375,146.02621459960938,240.2301025390625,62.956031799316406,17.513641357421875,118.8145751953125,109.74324035644531,370.21295166015625,207.50807189941406,84.0154037475586,360.70074462890625,203.9091796875,57.11561584472656,50.801597595214844
2021-06-07,122.61552429199219,159.90049743652344,72.20124053955078,359.8201904296875,171.60299682617188,177.8699951171875,119.05928039550781,142.5107421875,145.3419189453125,243.12295532226562,63.06917190551758,17.554243087768555,119.22529602050781,108.55867767333984,365.2936706542969,208.88766479492188,85.00682067871094,360.39434814453125,204.0765380859375,57.15802764892578,50.47090530395508
2021-06-08,123.43360900878906,163.20550537109375,72.33661651611328,359.1580505371094,170.96307373046875,177.32000732421875,118.86797332763672,141.25717163085938,144.76284790039062,241.93519592285156,62.781959533691406,17.392841339111328,117.8444595336914,106.4466323852539,366.653564453125,211.15614318847656,85.71143341064453,360.45001220703125,204.49476623535156,57.06471633911133,51.3637580871582
2021-06-09,123.81343078613281,164.0574951171875,72.48045349121094,359.4039611816406,170.68190002441406,176.97999572753906,119.33881378173828,143.15916442871094,142.9554901123047,242.9121856689453,63.05175018310547,17.29841423034668,117.80076599121094,107.5577392578125,366.06939697265625,209.75799560546875,85.82616424560547,359.8836364746094,203.9185028076172,56.86960983276367,51.79365158081055
2021-06-10,122.82003021240234,167.4824981689453,72.63273620605469,362.2890319824219,171.19580078125,177.74000549316406,120.68634033203125,144.4473114013672,140.72703552246094,246.40853881835938,63.97425079345703,17.36493682861328,118.6747055053711,108.57701873779297,366.4252624511719,209.1469268798828,86.44064331054688,361.54559326171875,204.820068359375,57.12409591674805,51.87631607055664
2021-06-11,124.0276870727539,167.3415069580078,72.61585235595703,361.17279052734375,171.9811248779297,175.74000549316406,120.4420166015625,142.61448669433594,140.6304931640625,247.03118896484375,63.95683670043945,17.763805389404297,117.8619613647461,108.58621978759766,363.1398620605469,210.90618896484375,86.0965347290039,362.1769714355469,205.4241943359375,57.191959381103516,51.396820068359375
2021-06-14,127.07603454589844,169.19349670410156,72.4296875,362.99835205078125,172.75672912597656,174.7100067138672,121.36929321289062,142.9689483642578,138.24415588378906,248.94696044921875,63.80019760131836,17.956632614135742,117.90564727783203,111.10228729248047,364.298828125,209.94322204589844,86.4324722290039,363.0868225097656,205.74020385742188,57.25982666015625,51.31415557861328
2021-06-15,126.25794982910156,169.156494140625,72.4296875,363.1402282714844,170.50738525390625,174.0500030517578,120.35230255126953,142.2081756591797,136.1472625732422,247.4813690185547,63.904624938964844,17.727182388305664,117.67838287353516,109.68815612792969,365.32098388671875,209.16542053222656,85.50660705566406,362.3254699707031,205.20114135742188,57.20893096923828,53.18252944946289
2021-06-16,126.754638671875,170.7624969482422,72.22657012939453,358.8836975097656,169.34388732910156,171.11000061035156,119.71099853515625,142.15631103515625,137.1035614013672,246.54263305664062,63.79151153564453,17.748857498168945,116.04411315917969,108.37500762939453,362.5556640625,208.55433654785156,84.94944763183594,360.338623046875,204.1787567138672,56.7169189453125,52.99238586425781
2021-06-17,128.35182189941406,174.46200561523438,72.47200012207031,363.934814453125,169.3341827392578,165.85000610351562,120.6734619140625,142.83926391601562,133.146728515625,249.91441345214844,64.90544891357422,18.592939376831055,117.10160827636719,109.80472564697266,362.64697265625,205.9154510498047,84.84292602539062,360.2086486816406,203.9835968017578,56.45395278930664,51.24801254272461
2021-06-18,127.05654907226562,174.34500122070312,72.70040893554688,360.274169921875,167.1720733642578,164.92999267578125,119.05531311035156,140.0381622314453,129.77769470214844,248.5063018798828,63.77408981323242,18.57450294494629,115.38864135742188,106.73513793945312,356.66546630859375,202.1562042236328,83.40088653564453,355.4272155761719,201.4554901123047,55.55475997924805,49.93354797363281
2021-06-21,128.84854125976562,172.697998046875,72.44659423828125,365.8739318847656,168.67491149902344,166.9499969482422,120.74185943603516,141.64627075195312,131.97984313964844,251.57154846191406,64.68788146972656,18.36372947692871,116.29756164550781,105.21417999267578,364.6346740722656,206.51730346679688,85.12151336669922,360.40362548828125,204.23451232910156,56.20029067993164,51.74404525756836
2021-06-22,130.48472595214844,175.27200317382812,72.54812622070312,370.96282958984375,168.21922302246094,166.25,121.25530242919922,141.45603942871094,131.7868194580078,254.33033752441406,64.49641418457031,18.821645736694336,116.34123229980469,105.38929748535156,365.2026672363281,207.1191864013672,84.6790771484375,362.3161926269531,205.3963165283203,56.191741943359375,52.73609924316406
2021-06-23,130.2120361328125,175.1909942626953,72.49736022949219,370.76422119140625,169.99351501464844,166.13999938964844,121.0535888671875,140.60009765625,132.5852508544922,254.1002655029297,63.83498764038086,18.991558074951172,116.1751937866211,106.97480010986328,362.33551025390625,207.54505920410156,84.5315933227539,361.92626953125,205.31268310546875,56.0207405090332,53.12465286254883
2021-06-24,129.9296112060547,172.45399475097656,72.53121948242188,370.8587951660156,172.51437377929688,166.0399932861328,121.42330932617188,141.2398681640625,133.80474853515625,255.4606170654297,63.42597198486328,19.139297485351562,116.25386810302734,108.07173919677734,365.3674621582031,209.79603576660156,84.34921264648438,363.99676513671875,206.70643615722656,56.52519989013672,53.339603424072266
2021-06-25,129.63743591308594,170.072998046875,72.39579010009766,373.1667785644531,172.92160034179688,166.58999633789062,121.43173217773438,141.96612548828125,135.1558380126953,253.86094665527344,64.27884674072266,18.965404510498047,117.91439056396484,107.41726684570312,370.936767578125,211.03053283691406,84.91859436035156,365.3429870605469,207.48020935058594,56.78171157836914,53.45534896850586
2021-06-28,131.26385498046875,172.1945037841797,72.59043884277344,375.08697509765625,171.19580078125,166.5800018310547,121.4590072631836,141.8018341064453,135.4015350341797,257.4051513671875,65.4015121459961,19.916112899780273,118.26396179199219,110.25640106201172,367.7400207519531,209.48968505859375,84.6710433959961,366.1042785644531,207.7133026123047,56.55085754394531,52.09125900268555
2021-06-29,132.77340698242188,172.40699768066406,72.62429809570312,377.2152404785156,168.63612365722656,164.8300018310547,121.19781494140625,141.81048583984375,135.23483276367188,259.9722900390625,64.47030639648438,19.95772361755371,117.45994567871094,110.82792663574219,364.66217041015625,209.192626953125,84.44000244140625,366.2654113769531,207.7226104736328,56.533756256103516,51.768856048583984
2021-06-30,133.38705444335938,172.00799560546875,72.67506408691406,374.26416015625,170.42013549804688,165.6300048828125,121.01641082763672,142.42430114746094,136.46310424804688,259.49334716796875,63.77408981323242,19.933551788330078,117.92312622070312,110.763427734375,366.8056640625,209.10906982421875,83.9944076538086,366.6007995605469,207.73194885253906,56.15755081176758,52.149147033691406
2021-07-01,133.68890380859375,171.64849853515625,72.66827392578125,373.1857604980469,171.86474609375,166.1999969482422,121.36830139160156,143.4790496826172,137.81423950195312,260.1639099121094,64.5660400390625,20.142332077026367,118.19403839111328,109.15946960449219,370.8818664550781,210.57571411132812,84.35746765136719,368.66888427734375,208.8600311279297,56.20883560180664,52.297943115234375
2021-07-02,136.3087615966797,175.5489959716797,72.79541015625,377.35711669921875,171.71932983398438,167.2899932861328,124.15657043457031,146.08993530273438,137.6818389892578,265.9590759277344,64.64437103271484,20.416383743286133,118.7708740234375,109.61115264892578,374.97637939453125,209.6753387451172,84.61328887939453,371.47314453125,210.01602172851562,56.285797119140625,52.223541259765625
2021-07-06,138.31495666503906,183.78700256347656,73.05809020996094,377.2813720703125,168.40342712402344,168.1199951171875,125.08087921142578,145.2167510986328,135.36996459960938,265.96875,65.38408660888672,20.627147674560547,118.84075164794922,110.66199493408203,375.8008728027344,207.3919219970703,85.23216247558594,370.77435302734375,209.5592498779297,55.824092864990234,50.73545455932617
2021-07-07,140.7984619140625,184.82899475097656,73.21062469482422,382.7865905761719,167.55992126464844,168.75999450683594,125.36238098144531,146.46170043945312,135.52879333496094,268.14312744140625,65.55815887451172,20.30152702331543,119.7322006225586,109.00274658203125,377.08319091796875,206.3987274169922,85.52922821044922,372.0506286621094,209.83892822265625,56.00364685058594,49.941802978515625
2021-07-08,139.50315856933594,186.57049560546875,73.27845001220703,385.1229248046875,167.54052734375,168.64999389648438,123.9449462890625,146.17645263671875,133.19046020507812,265.7387390136719,65.38408660888672,19.83414649963379,119.7146987915039,108.65247344970703,375.51690673828125,204.22671508789062,85.2899169921875,369.0881652832031,208.06756591796875,55.148616790771484,49.71859359741211
2021-07-09,141.32435607910156,185.9669952392578,73.04962158203125,390.06060791015625,171.65145874023438,169.2100067138672,124.41527557373047,146.75563049316406,137.45245361328125,266.2369079589844,65.26226806640625,19.98113441467285,119.7584228515625,111.1321029663086,377.4953918457031,208.52435302734375,86.69271850585938,372.9822082519531,210.584716796875,56.09770202636719,50.61970901489258
2021-07-12,140.7302703857422,185.92750549316406,73.0241928100586,385.81341552734375,178.76808166503906,169.0,125.85948181152344,146.52218627929688,139.4202117919922,265.64300537109375,65.34928894042969,20.441795349121094,119.85455322265625,113.04021453857422,381.0953063964844,208.8770751953125,87.43537902832031,374.3330383300781,211.17208862304688,56.21738815307617,50.57011032104492
2021-07-13,141.8405303955078,183.8679962158203,72.79541015625,385.0378112792969,178.06027221679688,169.22000122070312,126.22225189208984,146.34068298339844,137.3465576171875,269.1489562988281,65.14912414550781,20.180200576782227,119.70599365234375,114.21090698242188,383.3853454589844,205.44265747070312,86.214111328125,373.0660400390625,209.9973907470703,56.05493927001953,50.33037185668945
2021-07-14,145.25897216796875,184.08399963378906,73.04114532470703,387.771484375,177.83726501464844,171.0399932861328,127.10987854003906,147.33486938476562,136.87887573242188,270.614501953125,65.88015747070312,19.773103713989258,120.58866119384766,114.66259002685547,379.9045104980469,203.11282348632812,86.8165054321289,373.57843017578125,209.7084197998047,56.14899444580078,49.21429443359375
2021-07-15,144.60643005371094,181.55999755859375,73.21912384033203,389.54034423828125,178.54505920410156,171.07000732421875,125.88871765136719,145.5625457763672,137.17886352539062,269.1968078613281,66.85487365722656,18.90087127685547,121.6199722290039,108.33905029296875,384.7684631347656,202.11036682128906,86.95675659179688,372.3767395019531,208.97190856933594,55.858280181884766,48.73480987548828
2021-07-16,142.57098388671875,178.68150329589844,73.15130615234375,388.16876220703125,173.8523712158203,169.41000366210938,125.85403442382812,145.3291473388672,134.04635620117188,268.9285583496094,67.81219482421875,18.098398208618164,122.79977416992188,106.68904113769531,384.4478759765625,199.8455047607422,86.89900207519531,369.4793701171875,207.33108520507812,55.4307975769043,47.38726043701172
2021-07-19,138.73374938964844,177.47950744628906,73.56658172607422,391.7442321777344,167.68594360351562,169.61000061035156,123.48304748535156,144.2744140625,129.68728637695312,265.34600830078125,67.00282287597656,18.715015411376953,122.73863220214844,106.32953643798828,374.70159912109375,196.68955993652344,85.31468963623047,363.9550476074219,204.38504028320312,54.49026107788086,45.758636474609375
2021-07-20,142.3372344970703,178.6595001220703,73.49032592773438,393.7212219238281,171.37030029296875,169.38999938964844,125.10021209716797,145.6317138671875,132.1050567626953,267.5588073730469,67.15946960449219,18.5478458404541,122.08318328857422,107.29741668701172,378.283203125,202.19387817382812,87.3281021118164,369.0975036621094,207.91842651367188,54.80661392211914,46.2629280090332
2021-07-21,141.60679626464844,179.25999450683594,73.25302124023438,392.5577697753906,171.50604248046875,168.75999450683594,126.42793273925781,146.5308837890625,134.88465881347656,269.55126953125,66.03681182861328,19.343093872070312,121.65489959716797,108.65247344970703,379.8129577636719,205.17344665527344,87.31986236572266,372.19964599609375,209.78297424316406,55.50774002075195,47.751014709472656
2021-07-22,142.9702911376953,181.90150451660156,73.41400909423828,394.9508361816406,169.7996063232422,169.08999633789062,127.29273986816406,146.95449829101562,133.1815643310547,274.0916442871094,66.24569702148438,19.526456832885742,121.18878936767578,107.44490814208984,380.8480224609375,203.09429931640625,86.62670135498047,372.9914855957031,209.96011352539062,55.57612609863281,47.21364974975586
2021-07-23,144.68438720703125,182.83200073242188,73.32930755615234,400.522216796875,170.77886962890625,168.55999755859375,131.84588623046875,148.51930236816406,132.92567443847656,277.4730224609375,67.18557739257812,19.49058723449707,122.93891906738281,107.65691375732422,382.6159362792969,204.37521362304688,87.3446044921875,376.7179870605469,212.0577850341797,55.635982513427734,47.155784606933594
2021-07-26,145.10316467285156,184.99099731445312,73.28691864013672,400.3329772949219,173.29974365234375,168.16000366210938,132.85691833496094,148.58847045898438,133.81692504882812,276.879150390625,66.9332046508789,19.22749137878418,123.36984252929688,106.60608673095703,378.8052978515625,204.80218505859375,87.38587188720703,377.677490234375,212.48660278320312,55.40513610839844,48.346248626708984
2021-07-27,142.94110107421875,181.3195037841797,73.47334289550781,401.3830261230469,174.0365753173828,168.44000244140625,130.74070739746094,149.27146911621094,133.6404266357422,274.4747619628906,67.75996398925781,19.14179039001465,123.87114715576172,104.66108703613281,380.2342224121094,203.27989196777344,87.88096618652344,376.0005798339844,211.33990478515625,54.91777801513672,47.80888748168945
2021-07-28,141.19776916503906,181.51600646972656,73.54115295410156,399.37762451171875,173.64877319335938,169.2899932861328,134.89784240722656,148.85647583007812,133.861083984375,274.168212890625,67.7512435913086,19.435773849487305,122.03311157226562,106.07142639160156,374.8023376464844,205.11778259277344,87.57566833496094,375.795654296875,211.6662139892578,55.50774002075195,48.13130187988281
2021-07-29,141.8405303955078,179.99600219726562,73.41400909423828,403.02618408203125,172.92160034179688,171.1699981689453,134.58412170410156,148.85647583007812,135.00816345214844,274.4364929199219,68.02105712890625,19.594228744506836,122.66629791259766,107.06698608398438,377.46795654296875,206.78858947753906,87.59217071533203,377.4166259765625,212.59849548339844,55.8497314453125,48.71827697753906
2021-07-30,142.0548095703125,166.37950134277344,73.52421569824219,407.2338562011719,170.66250610351562,169.82000732421875,133.5423583984375,148.87379455566406,133.931640625,272.91351318359375,67.7947769165039,19.431787490844727,125.0848159790039,107.51866912841797,377.59619140625,206.01815795898438,87.70769500732422,375.57208251953125,211.33990478515625,55.52484130859375,47.59394454956055
2021-08-02,141.72366333007812,166.57400512695312,73.69902038574219,406.4757995605469,170.20680236816406,169.61000061035156,133.6692352294922,148.93426513671875,133.39340209960938,272.8271789550781,68.58671569824219,19.68192481994629,124.7770004272461,107.72145080566406,380.66485595703125,205.19204711914062,87.51789093017578,374.80816650390625,211.04156494140625,55.75569534301758,47.60221481323242
2021-08-03,143.51564025878906,168.31199645996094,73.71601867675781,412.3039245605469,167.72474670410156,169.49000549316406,134.43789672851562,150.76708984375,134.9111328125,275.0303649902344,69.11758422851562,19.74669647216797,126.59747314453125,109.15026092529297,386.463134765625,206.35232543945312,87.62516784667969,377.8358154296875,212.55189514160156,56.12334060668945,48.11476516723633
2021-08-04,143.1163787841797,167.73599243164062,73.71601867675781,412.2754821777344,167.32723999023438,169.52999877929688,133.93785095214844,149.8766326904297,133.45510864257812,274.446044921875,69.50922393798828,20.204116821289062,125.26068115234375,109.4544448852539,386.13336181640625,204.36593627929688,87.35285186767578,376.0285339355469,211.60093688964844,56.072052001953125,46.99043273925781
2021-08-05,143.22348022460938,168.79949951171875,73.5462875366211,419.9990234375,171.3314971923828,168.86000061035156,135.05393981933594,150.16192626953125,135.14053344726562,277.329345703125,70.04878997802734,20.565866470336914,125.32225799560547,109.89691162109375,376.6526794433594,206.9185333251953,88.37606811523438,378.3761901855469,213.11123657226562,56.2344970703125,47.288047790527344
2021-08-06,142.5407257080078,167.2469940185547,73.1982650756836,416.6253967285156,171.7387237548828,164.63999938964844,134.5454559326172,149.66049194335938,138.97903442382812,277.2718200683594,70.15323638916016,20.295793533325195,124.36365509033203,108.96588897705078,380.25262451171875,207.53115844726562,88.21928405761719,379.0283203125,213.3722686767578,55.96943664550781,47.83368682861328
2021-08-09,142.49197387695312,167.093505859375,73.06244659423828,417.42138671875,171.34120178222656,161.72000122070312,135.70962524414062,150.1792449951172,138.82899475097656,276.1894226074219,70.1097183227539,20.225040435791016,125.0407943725586,108.97510528564453,376.35955810546875,206.6400604248047,87.7489242553711,378.66497802734375,213.2883758544922,55.977989196777344,47.288047790527344
2021-08-10,142.0140380859375,166.03399658203125,72.95210266113281,419.8474426269531,171.68057250976562,161.77000427246094,135.60455322265625,150.23110961914062,140.53207397460938,274.3789978027344,70.08361053466797,19.867284774780273,125.11996459960938,107.26054382324219,377.1931457519531,207.10421752929688,86.91549682617188,379.1399841308594,213.42822265625,56.080596923828125,48.098236083984375
2021-08-11,142.2676239013672,164.60549926757812,73.0030517578125,421.0509033203125,172.6695098876953,164.0,135.0812225341797,150.257080078125,142.20860290527344,274.86749267578125,71.68490600585938,19.631099700927734,125.42777252197266,106.91950225830078,373.492431640625,208.53366088867188,87.42713928222656,380.0530090332031,213.84774780273438,56.4225959777832,48.23877716064453
2021-08-12,145.2230224609375,165.1750030517578,73.01154327392578,422.0555114746094,173.83297729492188,164.0399932861328,135.98817443847656,151.46737670898438,142.76455688476562,277.607177734375,72.23320770263672,19.836387634277344,125.71797180175781,106.65216827392578,371.8619689941406,208.07879638671875,87.61690521240234,381.1615905761719,214.44444274902344,56.2344970703125,48.12967300415039
2021-08-13,145.42784118652344,164.69850158691406,73.30010986328125,424.38671875,175.56849670410156,166.38999938964844,136.51695251464844,152.37513732910156,141.16738891601562,280.5191345214844,72.62481689453125,20.1184139251709,126.32484436035156,106.46780395507812,375.2603759765625,207.2898406982422,88.09552001953125,381.9161682128906,214.5656280517578,56.4225959777832,47.64292907714844
2021-08-16,147.3980712890625,164.94949340820312,73.36803436279297,429.1629638671875,173.6390838623047,167.22000122070312,137.09385681152344,153.749755859375,140.24085998535156,282.1954040527344,73.05996704101562,19.881227493286133,127.20428466796875,105.66582489013672,382.1670227050781,205.8975067138672,87.98824310302734,382.8292236328125,214.6495361328125,56.04639434814453,46.94636154174805
2021-08-17,146.49099731445312,162.09800720214844,73.2916030883789,428.6702575683594,170.47830200195312,166.97000122070312,135.46034240722656,155.15896606445312,138.54664611816406,280.7394104003906,73.06868743896484,19.390928268432617,127.41534423828125,102.42113494873047,386.3531494140625,203.27064514160156,87.89747619628906,380.3045654296875,213.0552978515625,55.36237716674805,46.62745666503906
2021-08-18,142.75534057617188,160.06100463867188,73.27468872070312,422.8609924316406,169.42149353027344,167.10000610351562,134.25852966308594,153.1878204345703,137.28477478027344,279.0215148925781,73.46900939941406,18.974369049072266,126.02578735351562,101.81272888183594,382.26788330078125,201.599853515625,87.09705352783203,376.21484375,210.9297332763672,55.251224517822266,45.64556884765625
2021-08-19,143.08697509765625,159.3874969482422,73.43590545654297,430.4898376464844,167.976806640625,166.61000061035156,134.48745727539062,154.38092041015625,136.1376495361328,284.81829833984375,73.58214569091797,19.72975730895996,127.51206970214844,101.87724304199219,391.9501037597656,199.6598663330078,87.51789093017578,376.7458801269531,210.77120971679688,54.601409912109375,44.25245666503906
2021-08-20,144.54025268554688,159.99749755859375,73.41893768310547,434.9722900390625,169.78988647460938,166.6999969482422,136.2216033935547,155.13302612304688,136.52593994140625,292.1025695800781,75.08772277832031,20.744247436523438,127.60002899169922,99.66493225097656,393.6171875,202.30532836914062,87.95523071289062,379.72698974609375,212.6637420654297,54.74676513671875,44.260833740234375
2021-08-23,146.0228271484375,163.2935028076172,73.43590545654297,431.124755859375,172.25259399414062,168.72999572753906,138.81065368652344,154.46340942382812,138.2730712890625,292.38092041015625,73.45157623291016,21.882308959960938,126.94920349121094,102.28284454345703,389.6324462890625,205.0528106689453,87.79019927978516,383.09002685546875,214.72410583496094,55.336727142333984,46.08196258544922
2021-08-24,145.93499755859375,165.28900146484375,73.2916030883789,428.1490173339844,173.03794860839844,168.64999389648438,140.01991271972656,152.53269958496094,139.1289825439453,290.4326477050781,73.22532653808594,21.71788215637207,125.92024993896484,103.34292602539062,387.8462829589844,207.1784210205078,87.4023666381836,383.69561767578125,215.48858642578125,55.841182708740234,46.459617614746094
2021-08-25,144.70603942871094,164.95899963378906,73.17279815673828,427.6183776855469,172.8828125,167.47999572753906,140.83021545410156,151.52386474609375,141.996826171875,289.8472595214844,73.56475067138672,22.13643455505371,125.47174072265625,107.87818145751953,384.4845275878906,208.3387451171875,87.3446044921875,384.4035339355469,216.1038818359375,55.89249038696289,46.543540954589844
2021-08-26,143.90626525878906,165.8000030517578,73.18128204345703,425.79876708984375,171.1860809326172,167.6699981689453,140.1973419189453,150.715087890625,142.72923278808594,287.0447998046875,73.2718505859375,21.991933822631836,125.25189208984375,108.86448669433594,381.8372497558594,206.40798950195312,87.37761688232422,382.1584167480469,214.65884399414062,55.51628494262695,45.914127349853516
2021-08-27,144.94015502929688,167.48150634765625,73.39347839355469,426.7748718261719,174.6571044921875,170.19000244140625,142.73829650878906,150.39328002929688,143.8763427734375,287.6494445800781,72.92213439941406,22.55797576904297,125.1551284790039,109.2239761352539,383.58685302734375,211.01197814941406,88.29354858398438,385.54937744140625,216.9709014892578,56.12334060668945,46.8036994934082
2021-08-30,149.34884643554688,171.07850646972656,73.47836303710938,432.07244873046875,174.5019989013672,169.35000610351562,143.3196258544922,151.02813720703125,141.57325744628906,291.3636169433594,73.39425659179688,22.609800338745117,125.70038604736328,109.68489074707031,383.16546630859375,210.50146484375,89.17647552490234,387.3194580078125,217.79132080078125,56.14045333862305,46.29176712036133
2021-08-31,148.0906219482422,173.5395050048828,73.38497161865234,431.6553955078125,175.78179931640625,169.69000244140625,143.4257049560547,150.5672149658203,141.140869140625,289.7225036621094,73.42920684814453,22.311769485473633,125.2254867553711,109.70333862304688,381.30596923828125,210.06517028808594,89.59732055664062,386.6579895019531,217.38111877441406,56.337100982666016,45.75466537475586
2021-09-01,148.75381469726562,173.9499969482422,73.39774322509766,432.6315002441406,177.89544677734375,169.6999969482422,143.93917846679688,151.09771728515625,140.93792724609375,289.67449951171875,74.60948181152344,22.367591857910156,126.5007095336914,111.0399398803711,382.2952575683594,211.32757568359375,91.03314208984375,387.06787109375,217.76333618164062,56.8330078125,45.125244140625
2021-09-02,149.86575317382812,173.156005859375,73.49974060058594,436.84869384765625,176.32476806640625,169.25,142.02760314941406,152.13267517089844,141.5909423828125,289.02191162109375,75.60613250732422,22.322736740112305,126.59747314453125,111.34415435791016,388.12103271484375,212.95199584960938,91.51171875,388.22314453125,218.4998321533203,56.98691940307617,46.22462844848633
2021-09-03,150.49977111816406,173.90249633789062,73.34676361083984,438.3459777832031,175.49093627929688,171.05999755859375,142.47613525390625,152.22833251953125,140.7350311279297,289.0122985839844,74.91546630859375,22.768274307250977,126.68538665771484,114.27547454833984,387.34246826171875,212.3578643798828,91.52824401855469,388.07403564453125,218.42529296875,57.286170959472656,46.04839324951172
2021-09-07,152.83090209960938,175.46449279785156,73.13420867919922,435.55029296875,178.72927856445312,167.7100067138672,143.0124053955078,149.86277770996094,140.4879150390625,288.09100341796875,74.33846282958984,22.58786964416504,126.21050262451172,114.94837951660156,385.8585205078125,210.55712890625,90.49678802490234,386.6393127441406,217.4836883544922,57.269073486328125,45.77983856201172
2021-09-08,151.28982543945312,176.27499389648438,73.25324249267578,441.3312072753906,179.51461791992188,167.2899932861328,142.4280548095703,149.49754333496094,139.86141967773438,288.1197204589844,75.5711669921875,22.26592445373535,127.16910552978516,112.35810852050781,380.49993896484375,209.07199096679688,90.95061492919922,386.26678466796875,216.9709014892578,56.68764877319336,45.3602294921875
2021-09-09,150.27545166015625,174.20799255371094,73.51676940917969,441.5586242675781,180.25149536132812,168.02999877929688,142.2793731689453,146.16668701171875,140.4702606201172,285.2789001464844,75.04659271240234,22.104454040527344,126.63265228271484,113.0863265991211,379.7304992675781,208.654296875,89.10221862792969,384.5339660644531,216.2157440185547,56.6363639831543,45.393798828125
2021-09-10,145.30104064941406,173.45750427246094,73.33821868896484,440.8194885253906,178.51597595214844,167.17999267578125,139.63780212402344,145.20999145507812,138.85545349121094,283.8009033203125,74.25102996826172,22.404470443725586,126.75576782226562,113.35365295410156,371.2828063964844,206.75146484375,87.79846954345703,381.56219482421875,214.5003662109375,56.533756256103516,45.30147933959961
2021-09-13,145.8667755126953,172.85850524902344,73.44874572753906,435.60723876953125,179.3498077392578,167.74000549316406,141.08151245117188,144.1925048828125,141.06150817871094,285.0294189453125,73.94503784179688,22.07953643798828,128.11892700195312,113.95282745361328,381.0357666015625,207.6332550048828,88.39257049560547,382.45654296875,214.9851531982422,56.90141677856445,46.46800231933594
2021-09-14,144.47198486328125,172.5,73.62726593017578,434.4225769042969,176.8483123779297,168.82000732421875,141.29161071777344,143.3227996826172,138.599609375,287.7167053222656,73.99747467041016,22.16924285888672,127.8990478515625,113.4642562866211,379.2157287597656,205.65614318847656,88.23578643798828,380.47222900390625,213.68923950195312,56.61069869995117,45.805023193359375
2021-09-15,145.35955810546875,173.7895050048828,73.55924987792969,436.6211853027344,178.79714965820312,167.8300018310547,143.1600799560547,143.86199951171875,139.56137084960938,292.5440979003906,73.97125244140625,22.267913818359375,127.62641906738281,111.99861145019531,383.7934265136719,207.95811462402344,88.51634216308594,383.6489562988281,215.4512939453125,56.74751281738281,47.34920120239258
2021-09-16,145.12545776367188,174.41200256347656,73.42326354980469,439.0662536621094,177.7597198486328,164.02999877929688,142.3477783203125,143.6880645751953,139.4996337890625,292.9279479980469,73.4379653930664,22.16924285888672,126.7381820678711,111.80148315429688,383.1683044433594,207.91172790527344,88.59062957763672,382.9875793457031,215.25552368164062,56.473899841308594,46.84565734863281
2021-09-17,142.4627227783203,173.12600708007812,73.32974243164062,435.46502685546875,177.88575744628906,163.77000427246094,139.56246948242188,143.2793426513672,139.13784790039062,287.79345703125,71.37471771240234,21.82835578918457,126.94044494628906,108.98767852783203,386.22027587890625,207.06703186035156,87.79846954345703,379.2332458496094,213.53073120117188,55.86683654785156,46.29176712036133
2021-09-20,139.4195556640625,167.7864990234375,73.53375244140625,427.5330810546875,173.1736602783203,164.94000244140625,137.50025939941406,142.46182250976562,134.97288513183594,282.44769287109375,71.41841888427734,21.04393196105957,125.66522979736328,106.16462707519531,379.3628234863281,203.34490966796875,87.2620849609375,373.0381774902344,209.8296356201172,54.695045471191406,45.05810546875
2021-09-21,139.89749145507812,167.18150329589844,73.51676940917969,428.4522705078125,165.96011352539062,166.0399932861328,137.8109893798828,143.08798217773438,134.99049377441406,282.9276123046875,71.61949920654297,21.17650032043457,125.85872650146484,106.40528869628906,379.03179931640625,203.24282836914062,87.30335235595703,372.6748352050781,209.8109588623047,55.185081481933594,45.01613998413086
2021-09-22,142.2578887939453,169.00250244140625,73.59326934814453,428.6607971191406,168.36463928222656,165.4199981689453,139.05052185058594,142.56619262695312,137.5760040283203,286.55535888671875,71.60200500488281,21.86922836303711,126.28966522216797,107.24758911132812,375.68597412109375,206.2223358154297,88.15328216552734,376.2707214355469,211.92727661132812,55.62353515625,46.33373260498047
2021-09-23,143.21372985839844,170.8000030517578,73.20221710205078,429.0872497558594,170.88551330566406,163.50999450683594,139.97482299804688,143.37496948242188,142.2262725830078,287.4958801269531,71.05122375488281,22.408458709716797,126.80853271484375,107.54376983642578,375.0699768066406,209.42469787597656,87.97999572753906,380.81695556640625,214.5096893310547,56.18234634399414,47.9030876159668
2021-09-24,143.30154418945312,171.2760009765625,73.04920196533203,443.27386474609375,170.64312744140625,163.3000030517578,140.96502685546875,142.94015502929688,143.86752319335938,287.2943420410156,70.55288696289062,22.008764266967773,126.24571228027344,107.03469848632812,374.19677734375,208.7974395751953,87.03925323486328,381.45037841796875,214.76596069335938,55.649330139160156,48.331092834472656
2021-09-27,141.78970336914062,170.2899932861328,72.96421813964844,436.46014404296875,172.83433532714844,163.63999938964844,139.8320770263672,141.90524291992188,147.34422302246094,282.32293701171875,68.8568344116211,21.589147567749023,124.58348846435547,107.50675964355469,372.5329895019531,210.565673828125,85.86857604980469,380.3697814941406,214.29832458496094,55.735313415527344,49.76617431640625
2021-09-28,138.41493225097656,165.79800415039062,72.64964294433594,423.9414367675781,169.20819091796875,162.0500030517578,134.63613891601562,141.59214782714844,146.550048828125,272.101806640625,67.55419158935547,20.631284713745117,123.64249420166016,103.5730209350586,366.420166015625,206.62908935546875,85.28733825683594,372.7679748535156,209.80923461914062,54.66065979003906,50.286495208740234
2021-09-29,139.312255859375,165.05599975585938,72.65815734863281,428.1490173339844,167.42416381835938,161.32000732421875,133.172607421875,142.6444854736328,146.43533325195312,272.5625915527344,68.4983901977539,20.44988441467285,124.90013122558594,103.3138427734375,368.0655517578125,206.45225524902344,85.92668151855469,373.3548583984375,209.94952392578125,54.428531646728516,50.25292205810547
2021-09-30,138.01499938964844,164.2519989013672,72.64115142822266,425.83673095703125,164.02101135253906,164.22000122070312,132.50108337402344,140.45291137695312,144.44110107421875,270.5664367675781,68.6469955444336,20.648231506347656,122.94772338867188,103.34161376953125,359.1766357421875,203.50218200683594,84.50688171386719,368.6255798339844,207.6768798828125,54.38554763793945,49.36334228515625
2021-10-01,139.1366729736328,164.16299438476562,72.8880615234375,424.87005615234375,170.65280151367188,164.58999633789062,135.3428955078125,139.55711364746094,147.4766082763672,277.4571838378906,69.25025939941406,20.674150466918945,122.75423431396484,103.25829315185547,360.7301330566406,206.67567443847656,85.70250701904297,373.0370788574219,210.53868103027344,54.54029083251953,51.13410949707031
2021-10-04,135.71315002441406,159.48899841308594,72.83698272705078,417.1086730957031,168.180419921875,165.36000061035156,132.48472595214844,138.47003173828125,147.3177490234375,271.70843505859375,69.38138580322266,19.667449951171875,122.0594711303711,100.9073257446289,355.74798583984375,205.04701232910156,85.71910095214844,368.4480285644531,207.36827087402344,53.972877502441406,51.79711151123047
2021-10-05,137.63461303710938,161.0500030517578,72.65817260742188,422.8894348144531,169.29542541503906,164.58999633789062,134.82745361328125,138.78311157226562,149.72344970703125,277.1308288574219,69.48629760742188,20.38409996032715,122.53437042236328,101.12946319580078,361.64935302734375,205.6053924560547,85.12960052490234,372.0277404785156,209.30418395996094,54.2995719909668,51.71316909790039
2021-10-06,138.50271606445312,163.10049438476562,72.69224548339844,425.82720947265625,170.13893127441406,165.02999877929688,136.35589599609375,139.07008361816406,150.04302978515625,281.30572509765625,70.97256469726562,20.63228416442871,124.17013549804688,101.20350646972656,362.4031677246094,205.2889862060547,85.94328308105469,373.68206787109375,210.1739501953125,53.981483459472656,50.76484680175781
2021-10-07,139.76092529296875,165.1215057373047,72.48790740966797,429.1725769042969,172.3010711669922,164.16000366210938,138.00131225585938,140.31369018554688,150.99290466308594,282.9755554199219,70.74524688720703,21.006061553955078,125.16393280029297,102.5826187133789,372.0090026855469,208.062255859375,86.17576599121094,376.8972473144531,212.19403076171875,54.6004753112793,50.90752029418945
2021-10-08,139.38055419921875,164.43099975585938,72.30913543701172,428.2059020996094,171.360595703125,164.22999572753906,138.55690002441406,139.9571533203125,151.10833740234375,282.9755554199219,70.12451171875,20.762855529785156,124.6450424194336,101.85142517089844,375.4652404785156,206.84312438964844,85.36207580566406,376.1868896484375,211.72642517089844,54.66925048828125,52.18315124511719
2021-10-11,139.2927703857422,162.31500244140625,72.19841766357422,426.16845703125,168.23861694335938,163.9199981689453,137.69302368164062,139.36573791503906,147.93026733398438,282.380615234375,68.04376220703125,20.62729835510254,125.16393280029297,102.05506134033203,372.2756042480469,205.79150390625,85.57794952392578,373.4483642578125,210.2019805908203,54.50591278076172,51.6628303527832
2021-10-12,138.02476501464844,162.3665008544922,72.4623794555664,423.486572265625,167.8604736328125,164.66000366210938,135.2497100830078,137.13938903808594,146.79400634765625,281.0849914550781,68.9530258178711,20.603378295898438,124.97928619384766,101.07392883300781,370.6669006347656,206.78729248046875,86.69884490966797,372.70068359375,210.05239868164062,54.471519470214844,51.39426803588867
2021-10-13,137.43954467773438,164.21400451660156,72.65817260742188,421.9986572265625,167.69564819335938,167.58999633789062,136.3727569580078,138.45260620117188,142.92347717285156,284.3768310546875,70.10702514648438,20.870502471923828,125.26949310302734,101.79589080810547,370.95196533203125,207.7644500732422,87.3298568725586,373.89703369140625,211.0063018798828,55.090511322021484,51.25160598754883
2021-10-14,140.21932983398438,164.9929962158203,72.78587341308594,427.0781555175781,169.1015167236328,168.0,139.91038513183594,139.24403381347656,145.11619567871094,290.5574645996094,71.21733856201172,21.674863815307617,126.68538665771484,104.18386840820312,386.4040222167969,211.2357635498047,88.39264678955078,380.1778869628906,214.513427734375,55.55476760864258,52.03208541870117
2021-10-15,141.27276611328125,170.4510040283203,72.60710906982422,428.7176513671875,171.08912658691406,165.3300018310547,140.12547302246094,140.27891540527344,147.9036407470703,291.9586181640625,71.40093231201172,21.790483474731445,127.01079559326172,106.312744140625,393.4912109375,210.9379425048828,88.32621765136719,383.1407165527344,215.78533935546875,56.036197662353516,52.52722930908203
2021-10-18,142.94065856933594,172.33700561523438,72.56452941894531,437.7773742675781,165.9310302734375,164.9199981689453,141.52308654785156,139.25270080566406,147.85037231445312,294.9146423339844,70.80643463134766,22.149309158325195,125.18151092529297,106.75700378417969,390.31988525390625,211.263671875,88.5503921508789,384.3089294433594,216.5709228515625,55.8642578125,52.50205993652344
2021-10-19,145.09620666503906,172.20750427246094,72.3602066040039,442.6389465332031,165.96981811523438,165.4499969482422,141.97804260253906,142.5139923095703,149.64356994628906,295.81671142578125,71.71568298339844,22.217086791992188,123.70406341552734,108.25645446777344,390.0993347167969,212.07330322265625,88.59190368652344,387.29986572265625,218.15147399902344,56.311317443847656,53.290931701660156
2021-10-20,145.58389282226562,170.7530059814453,72.27503204345703,445.18817138671875,165.3590087890625,166.89999389648438,140.52296447753906,142.4357452392578,151.65872192382812,295.0298156738281,73.36801147460938,22.030698776245117,124.18775177001953,106.98841094970703,399.94415283203125,213.59957885742188,89.98678588867188,388.8046875,219.0025177001953,56.45745849609375,53.58465576171875
2021-10-21,145.7984619140625,171.75050354003906,72.17288970947266,452.2578430175781,166.1249542236328,166.75,140.63893127441406,142.10525512695312,150.4691925048828,298.24481201171875,73.2718505859375,22.617765426635742,123.29402923583984,107.63631439208984,406.5533447265625,214.20443725585938,90.11133575439453,389.75799560546875,219.60107421875,56.12217330932617,52.611148834228516
2021-10-22,145.02793884277344,166.77749633789062,72.32612609863281,456.76861572265625,164.2633819580078,167.77000427246094,136.35739135742188,142.38357543945312,152.4931640625,296.7093200683594,73.8051528930664,22.651660919189453,124.62135314941406,105.7296371459961,412.8775939941406,214.21376037597656,90.53479766845703,389.3654479980469,219.18020629882812,56.29411697387695,52.97201919555664
2021-10-25,144.97915649414062,166.01849365234375,72.3602066040039,464.4543151855469,166.77456665039062,168.92999267578125,136.2389678955078,142.69664001464844,151.74749755859375,295.72076416015625,73.69152069091797,23.09021759033203,124.63904571533203,105.18352508544922,413.18096923828125,215.74929809570312,90.82538604736328,391.3843078613281,220.5269317626953,56.35429000854492,54.004268646240234
2021-10-26,145.64244079589844,168.80349731445312,72.50492095947266,460.12353515625,166.80364990234375,167.67999267578125,138.08409118652344,144.1490020751953,152.1558074951172,297.6209716796875,74.7231216430664,24.636144638061523,126.40885925292969,105.68334197998047,417.9149169921875,214.21376037597656,91.07447052001953,391.75811767578125,220.4427947998047,56.311317443847656,55.25471115112305
2021-10-27,145.18397521972656,169.62449645996094,72.76887512207031,463.51617431640625,164.3894500732422,168.1199951171875,144.93235778808594,142.40093994140625,148.9866485595703,310.1551818847656,74.32096099853516,24.371013641357422,125.50625610351562,105.28533172607422,416.84869384765625,210.40745544433594,90.30229949951172,390.0570983886719,218.93704223632812,56.010414123535156,53.819637298583984
2021-10-28,148.81236267089844,172.32850646972656,72.67521667480469,465.6139221191406,164.51548767089844,168.0800018310547,144.5670928955078,141.626953125,151.2326202392578,311.28753662109375,75.55367279052734,24.859411239624023,126.25839233398438,107.37716674804688,418.65032958984375,213.96250915527344,91.56433868408203,393.8704833984375,221.27511596679688,56.42307662963867,53.97068786621094
2021-10-29,146.11058044433594,168.6215057373047,72.69224548339844,466.5726013183594,163.92404174804688,166.64999389648438,146.74478149414062,141.65301513671875,150.8153533935547,318.2647705078125,74.60073852539062,25.483366012573242,126.53278350830078,105.23904418945312,423.27398681640625,213.5716552734375,90.53479766845703,394.5714416503906,221.5650634765625,55.95022201538086,54.10498046875
2021-11-01,145.29129028320312,165.90550231933594,72.63595581054688,466.8858642578125,165.00994873046875,167.52000427246094,142.2357635498047,141.7747802734375,150.7355194091797,316.10540771484375,74.8280258178711,25.742515563964844,126.22301483154297,105.62781524658203,417.42779541015625,218.243408203125,90.98314666748047,395.40325927734375,222.66859436035156,56.49184036254883,55.07847595214844
2021-11-02,146.32516479492188,165.6374969482422,72.77239227294922,471.7457275390625,164.66091918945312,167.16000366210938,144.1542510986328,144.00985717773438,151.3302459716797,319.7139587402344,74.6794204711914,26.314634323120117,127.47962188720703,105.61856079101562,415.52496337890625,218.16897583007812,91.4148941040039,396.9361267089844,223.36068725585938,56.208133697509766,54.398704528808594
2021-11-03,147.75900268554688,169.1999969482422,72.64448547363281,476.8144836425781,164.90330505371094,165.77000427246094,145.3095245361328,143.54891967773438,151.3834991455078,320.5488586425781,74.52205657958984,26.510995864868164,128.35565185546875,105.5260009765625,420.3875732421875,221.0167694091797,91.72209930419922,399.32879638671875,224.94122314453125,56.57781982421875,53.651790618896484
2021-11-04,147.24203491210938,173.85000610351562,72.97704315185547,489.4294738769531,165.0972137451172,167.64999389648438,146.96432495117188,143.1488800048828,149.39500427246094,322.89068603515625,74.10237884521484,29.70351791381836,128.59454345703125,109.02471923828125,419.86370849609375,220.04885864257812,90.85028839111328,401.1981506347656,225.7922821044922,56.51763916015625,54.05462646484375
2021-11-05,147.76951599121094,175.94949340820312,73.1987533569336,487.056396484375,170.2843780517578,169.83999633789062,147.54371643066406,142.13133239746094,149.18197631835938,322.52593994140625,74.77555847167969,29.654674530029297,129.23171997070312,109.03395080566406,418.9904479980469,222.24513244628906,91.31526184082031,402.562744140625,226.66204833984375,56.63800811767578,54.56654357910156
2021-11-08,146.9490203857422,174.44900512695312,73.0367431640625,478.2193298339844,171.48663330078125,170.4499969482422,147.7211151123047,141.6443328857422,150.07855224609375,323.4184875488281,73.95376586914062,30.703235626220703,128.2671661376953,111.91253662109375,425.2503356933594,222.7663116455078,91.24053192138672,403.0487365722656,227.03610229492188,56.81853485107422,55.154014587402344
2021-11-09,147.31040954589844,178.81149291992188,73.24138641357422,482.87042236328125,169.78021240234375,171.2899932861328,147.60963439941406,141.33126831054688,148.9422607421875,322.42041015625,74.259765625,30.556711196899414,128.6565399169922,112.7177734375,426.840576171875,222.1800079345703,91.39828491210938,401.63739013671875,226.3814697265625,56.64659881591797,55.691123962402344
2021-11-10,144.4874725341797,174.1024932861328,72.74679565429688,479.8330383300781,169.14031982421875,173.14999389648438,144.61119079589844,142.86192321777344,148.8002471923828,317.4778137207031,74.48706817626953,29.36263084411621,129.92198181152344,109.40420532226562,422.75006103515625,219.22991943359375,90.97484588623047,398.4034729003906,224.15560913085938,56.07918930053711,54.59396743774414
2021-11-11,144.4385986328125,173.625,72.62744140625,486.1641540527344,157.17588806152344,174.1199951171875,144.48532104492188,141.80958557128906,148.7913818359375,319.0421447753906,74.63570404052734,30.290586471557617,129.55029296875,109.39494323730469,420.4428405761719,220.6072540283203,91.1242904663086,398.53436279296875,224.42681884765625,56.44886779785156,54.69601821899414
2021-11-12,146.50946044921875,176.25750732421875,72.63595581054688,490.9007568359375,154.77137756347656,174.4499969482422,147.3712158203125,143.50543212890625,148.1255645751953,323.15936279296875,75.45750427246094,30.290586471557617,129.6918487548828,109.85772705078125,421.9135437011719,221.22142028808594,91.0578842163086,401.4972229003906,226.09153747558594,56.77556610107422,54.279273986816406
2021-11-15,146.51919555664062,177.28399658203125,72.33749389648438,493.4825439453125,153.60787963867188,174.17999267578125,147.14718627929688,142.20962524414062,147.85922241210938,322.5355224609375,76.35799407958984,29.926780700683594,130.43521118164062,109.33015441894531,414.3851013183594,221.0074005126953,91.69720458984375,401.68408203125,226.09153747558594,56.65519714355469,54.74706268310547
2021-11-16,147.4960174560547,177.03500366210938,72.28634643554688,499.9655456542969,153.99574279785156,172.9199981689453,146.57627868652344,141.47039794921875,146.79400634765625,325.8369445800781,76.04324340820312,30.10419464111328,130.24937438964844,109.29312896728516,413.30047607421875,221.3517303466797,91.09107971191406,403.2169494628906,227.0641632080078,56.53483581542969,55.29988098144531
2021-11-17,149.92819213867188,177.4499969482422,72.43982696533203,499.55755615234375,152.5413818359375,174.5,146.74575805664062,142.00091552734375,146.00390625,326.05810546875,76.74266052246094,29.165279388427734,130.16976928710938,110.20021057128906,412.6845397949219,218.96002197265625,91.37338256835938,402.24493408203125,226.12896728515625,56.40589141845703,54.69601821899414
2021-11-18,154.20654296875,184.80299377441406,72.52511596679688,502.4809875488281,150.8446502685547,173.94000244140625,148.5215301513672,141.23556518554688,144.74331665039062,328.1252746582031,76.58528900146484,31.571382522583008,130.18743896484375,114.2079849243164,413.16259765625,218.0107421875,91.38999938964844,403.63751220703125,226.48434448242188,56.25112533569336,54.100677490234375
2021-11-19,156.8243865966797,183.82850646972656,72.67863464355469,506.676513671875,149.31271362304688,172.61000061035156,147.61753845214844,141.66172790527344,142.85247802734375,329.89447021484375,77.20601654052734,32.87710189819336,129.92198181152344,115.01324462890625,404.4575500488281,215.9912567138672,90.85028839111328,402.8804626464844,225.83900451660156,55.89004898071289,51.600181579589844
2021-11-22,157.28350830078125,178.6284942626953,72.32042694091797,512.2389526367188,149.4678497314453,168.74000549316406,145.01612854003906,139.7971954345703,145.8973846435547,326.7408142089844,76.37548828125,31.851463317871094,130.7891387939453,115.46676635742188,402.1961975097656,215.70281982421875,90.40192413330078,401.81494140625,224.75418090820312,55.53756332397461,52.314605712890625
2021-11-23,157.6644287109375,179.0019989013672,72.03053283691406,517.5640258789062,146.43313598632812,167.27999877929688,144.5006866455078,140.6637725830078,149.3861846923828,324.6736145019531,76.331787109375,31.64215087890625,132.2404022216797,112.32904052734375,411.0116271972656,215.25607299804688,91.13260650634766,402.33837890625,224.8289794921875,55.50318145751953,53.69243240356445
2021-11-24,158.18212890625,179.02049255371094,72.2010498046875,521.8068237304688,146.7336883544922,167.1199951171875,144.835693359375,140.2698974609375,148.21435546875,324.8947448730469,76.58203887939453,32.56710433959961,131.55018615722656,111.72740936279297,413.796875,215.54458618164062,92.23687744140625,403.3291320800781,225.58657836914062,55.279659271240234,53.9901008605957
2021-11-26,153.171142578125,175.22799682617188,72.71269989013672,518.3897705078125,143.6020050048828,166.85000610351562,140.9333038330078,139.35948181152344,143.74908447265625,316.98175048828125,75.59854125976562,31.399946212768555,130.49713134765625,108.37678527832031,404.3748474121094,208.9370574951172,89.6712875366211,394.5528259277344,220.7046356201172,53.697776794433594,52.09347152709961
2021-11-29,156.52159118652344,178.07850646972656,72.70417785644531,526.6951293945312,143.31114196777344,166.6199951171875,144.2513885498047,139.84097290039062,143.127685546875,323.66400146484375,77.85533905029297,33.266815185546875,131.86874389648438,110.4038314819336,415.4881896972656,209.2534942626953,90.33551025390625,399.3194885253906,222.7808380126953,53.92989730834961,52.38264846801758
2021-11-30,161.46414184570312,175.35350036621094,72.84060668945312,511.98248291015625,140.48971557617188,165.5,140.6503448486328,136.49697875976562,140.99710083007812,317.8567810058594,76.20442199707031,32.569095611572266,127.93974304199219,108.43232727050781,408.3366394042969,204.4141387939453,88.62510681152344,391.674072265625,218.32911682128906,53.56881332397461,50.894264221191406
2021-12-01,160.9464569091797,172.18600463867188,72.88758850097656,502.92724609375,137.8234100341797,166.16000366210938,139.811767578125,138.3790740966797,140.16268920898438,317.3663024902344,77.13526153564453,31.33600425720215,129.55029296875,111.65335083007812,408.4469299316406,200.20770263671875,87.16381072998047,387.16900634765625,215.2522430419922,53.3109016418457,50.85173416137695
2021-12-02,159.9598846435547,171.8679962158203,72.89613342285156,498.8171691894531,142.71969604492188,165.24000549316406,141.70945739746094,137.51242065429688,143.10992431640625,316.799072265625,77.82019805908203,32.02482604980469,130.31130981445312,112.64374542236328,409.9912414550781,205.4564971923828,89.77922058105469,393.0760192871094,218.75,54.01587677001953,52.11899948120117
2021-12-03,158.0844268798828,169.489501953125,73.17797088623047,502.0633239746094,141.76953125,166.6300048828125,140.75340270996094,139.5170440673828,140.5177764892578,310.5685729980469,77.30209350585938,30.596345901489258,132.62977600097656,110.4500961303711,414.3717956542969,202.0782928466797,89.48031616210938,389.5990905761719,216.2155303955078,53.629005432128906,51.787288665771484
2021-12-06,161.4836883544922,171.36849975585938,72.98155975341797,506.1164855957031,145.793212890625,166.22000122070312,141.8967742919922,142.6333770751953,142.17782592773438,313.62615966796875,78.2856216430664,29.942411422729492,134.63851928710938,110.27423095703125,424.3225402832031,205.86595153808594,91.049560546875,394.253662109375,218.99314880371094,54.15342330932617,52.3741455078125
2021-12-07,167.20770263671875,176.1645050048828,72.81925964355469,514.4885864257812,146.21983337402344,166.80999755859375,145.97512817382812,143.00106811523438,144.3172607421875,322.01995849609375,79.39207458496094,32.32487869262695,134.2845458984375,113.21759033203125,428.58319091796875,210.39817810058594,92.36141204833984,402.3570556640625,223.67864990234375,55.19367980957031,52.96098327636719
2021-12-08,171.01722717285156,176.1580047607422,72.59722137451172,503.1835021972656,148.67282104492188,166.89999389648438,146.88401794433594,143.85891723632812,142.66607666015625,322.0679931640625,79.31304931640625,31.72576904296875,134.88623046875,112.73629760742188,432.3919372558594,211.72891235351562,93.0256576538086,403.4880676269531,224.64193725585938,55.322635650634766,53.11408996582031
2021-12-09,170.50927734375,174.17100524902344,72.63135528564453,497.69708251953125,148.2849884033203,165.8800048828125,146.3408660888672,145.22445678710938,142.44415283203125,320.2699890136719,78.95299530029297,30.393980026245117,135.673828125,110.6074447631836,436.50506591796875,207.8854522705078,91.68058776855469,400.7401428222656,222.50027465820312,54.909976959228516,53.25016784667969
2021-12-10,175.28579711914062,172.21200561523438,72.65696716308594,530.4349975585938,148.06201171875,166.5800018310547,146.70068359375,144.8656005859375,141.87603759765625,329.346435546875,79.27789306640625,30.102901458740234,137.56753540039062,110.26497650146484,441.03314208984375,207.4573516845703,91.96287536621094,404.5628662109375,224.01535034179688,54.995941162109375,53.59035873413086
2021-12-13,171.66189575195312,169.5675048828125,72.9046859741211,528.9163208007812,145.8513946533203,167.0,144.5447998046875,147.45669555664062,140.18934631347656,326.32733154296875,80.55997467041016,28.072315216064453,139.52317810058594,107.75664520263672,440.95013427734375,205.34481811523438,92.82640838623047,400.97381591796875,221.9765625,54.325374603271484,52.416664123535156
2021-12-14,170.2846221923828,169.0915069580078,72.78509521484375,517.639892578125,144.56187438964844,165.44000244140625,142.64215087890625,149.06736755371094,141.2634735107422,315.693359375,79.05835723876953,28.247764587402344,140.03640747070312,107.63631439208984,442.1674499511719,203.7161865234375,91.63906860351562,398.24462890625,220.31182861328125,54.110435485839844,52.340126037597656
2021-12-15,175.1392822265625,173.31500244140625,72.69115447998047,536.7569580078125,145.8223114013672,166.14999389648438,145.15386962890625,149.81146240234375,140.20709228515625,321.7602844238281,80.78829956054688,30.363079071044922,140.5762176513672,111.44050598144531,455.9270324707031,206.24749755859375,92.92601013183594,404.46942138671875,223.7067413330078,54.557491302490234,52.1104850769043
2021-12-16,168.26266479492188,168.87100219726562,72.78509521484375,524.5595703125,144.2225341796875,168.16000366210938,143.17544555664062,151.44839477539062,142.3997344970703,312.3858947753906,80.99026489257812,28.297603607177734,142.56727600097656,108.34180450439453,454.5252380371094,203.1857147216797,92.89280700683594,400.8149108886719,221.2003173828125,54.62627410888672,52.19553756713867
2021-12-17,167.16864013671875,170.0175018310547,72.9132080078125,519.7944946289062,144.23223876953125,167.8000030517578,140.47935485839844,147.2641143798828,139.15957641601562,311.3282165527344,79.85747528076172,27.713449478149414,139.33737182617188,108.10945892333984,449.2316589355469,203.83717346191406,92.77656555175781,396.6557312011719,220.19027709960938,54.050262451171875,51.05585479736328
2021-12-20,165.81089782714844,167.07899475097656,72.79366302490234,520.6962890625,142.01193237304688,167.08999633789062,140.3623809814453,146.8439483642578,136.6561737060547,307.58807373046875,78.9793472290039,27.631704330444336,139.69131469726562,106.82684326171875,446.1053466796875,200.45896911621094,92.05421447753906,392.36566162109375,217.09466552734375,53.6845703125,50.31591796875
2021-12-21,168.9757080078125,170.41700744628906,72.7167739868164,517.725341796875,146.4525146484375,167.02000427246094,142.2115020751953,146.37124633789062,138.5647735595703,314.6838073730469,79.42719268798828,28.983440399169922,139.60281372070312,109.15040588378906,449.3147277832031,206.31268310546875,93.09209442138672,399.3290100097656,221.34991455078125,54.400238037109375,51.45560073852539
2021-12-22,171.56422424316406,171.03700256347656,72.79366302490234,521.7498779296875,147.25726318359375,168.58999633789062,145.12811279296875,147.0015106201172,139.10629272460938,320.3662109375,79.73451232910156,29.30741310119629,140.9832763671875,112.7379379272461,455.69647216796875,207.9599151611328,94.04692077636719,403.3626708984375,223.5383758544922,54.888999938964844,51.872344970703125
2021-12-23,172.18934631347656,171.06849670410156,72.68311309814453,522.4144897460938,148.95401000976562,168.97000122070312,145.62521362304688,147.28163146972656,139.6033935546875,321.7987976074219,79.64671325683594,29.546659469604492,141.6735076904297,112.16169738769531,456.84918212890625,209.56056213378906,93.94728088378906,405.8486328125,225.0814971923828,55.1944694519043,51.897857666015625
2021-12-27,176.14537048339844,169.66949462890625,72.71736907958984,534.848876953125,148.14926147460938,169.3699951171875,146.6064910888672,148.52462768554688,140.40235900878906,329.2599182128906,80.191162109375,30.847543716430664,143.3282470703125,114.03913116455078,460.6487121582031,211.92747497558594,95.54217529296875,411.636474609375,228.037109375,55.595951080322266,52.637794494628906
2021-12-28,175.12948608398438,170.66099548339844,72.70880126953125,535.9595947265625,150.47622680664062,168.63999938964844,145.39773559570312,149.1199188232422,140.82847595214844,328.10614013671875,80.68291473388672,30.226511001586914,144.09815979003906,113.44429016113281,463.82122802734375,211.36642456054688,95.8941650390625,411.3269958496094,227.5677947998047,55.534854888916016,52.46770477294922
2021-12-29,175.21743774414062,169.2010040283203,72.46890258789062,538.930419921875,150.15625,168.58999633789062,145.36602783203125,150.1703643798828,140.75747680664062,328.7791748046875,80.7795181274414,29.906518936157227,145.29278564453125,112.84017944335938,466.255859375,211.7872314453125,96.53949737548828,411.82415771484375,227.69920349121094,55.482486724853516,52.008426666259766
2021-12-30,174.06480407714844,168.64450073242188,72.6317367553711,535.2666015625,151.1839599609375,169.8000030517578,144.9154815673828,150.8356475830078,140.6864471435547,326.25042724609375,81.4644546508789,29.49282455444336,144.03619384765625,111.9200668334961,465.1953430175781,211.68434143066406,96.95854187011719,410.660888671875,227.33316040039062,55.561031341552734,51.70224380493164
2021-12-31,173.44943237304688,166.7169952392578,72.61457061767578,538.8640747070312,150.17564392089844,170.9600067138672,143.578857421875,149.75018310546875,140.57101440429688,323.3659973144531,81.9825668334961,29.318378448486328,144.7529754638672,111.81781768798828,463.0834655761719,211.3570556640625,97.22673034667969,409.5352478027344,226.61044311523438,55.482486724853516,52.042449951171875
2022-01-03,177.78639221191406,170.4044952392578,72.12618255615234,537.9244995117188,151.98870849609375,168.3300018310547,143.71713256835938,150.16162109375,143.54493713378906,321.85650634765625,80.48973846435547,30.026142120361328,144.15121459960938,119.70855712890625,463.21258544921875,212.71302795410156,96.46405792236328,412.04931640625,228.04649353027344,55.840328216552734,54.0411376953125
2022-01-04,175.5299835205078,167.52200317382812,72.11758422851562,535.5703125,150.9900665283203,169.57000732421875,143.1303253173828,149.75892639160156,148.9866485595703,316.3375549316406,79.62915802001953,29.1977596282959,144.65560913085938,123.98381805419922,452.7176818847656,213.18997192382812,96.34674072265625,411.88043212890625,227.61471557617188,55.91014862060547,56.073856353759766
2022-01-05,170.8609161376953,164.35699462890625,71.86913299560547,521.9871826171875,150.46652221679688,169.05999755859375,136.56405639648438,150.75686645507812,146.2628631591797,304.1939697265625,78.794921875,27.517066955566406,145.3104705810547,118.09135437011719,451.6018371582031,207.2049102783203,93.58942413330078,403.9911804199219,222.67782592773438,55.3515739440918,56.77125930786133
2022-01-06,168.00865173339844,163.25399780273438,71.79204559326172,521.8732299804688,152.1244659423828,166.99000549316406,136.5367889404297,150.2404022216797,147.81678771972656,301.79034423828125,75.31751251220703,28.08926010131836,144.08929443359375,119.40186309814453,433.1205139160156,208.20550537109375,93.67323303222656,403.44708251953125,222.62149047851562,55.1944694519043,58.10655975341797
2022-01-07,168.17474365234375,162.5540008544922,71.59497833251953,508.945068359375,153.02615356445312,167.75,135.81271362304688,152.27127075195312,149.2813720703125,301.9441833496094,75.8795394897461,27.161195755004883,144.00965881347656,114.78264617919922,422.92999267578125,206.60641479492188,93.05303955078125,402.0494079589844,221.60784912109375,55.4388542175293,58.58283233642578
2022-01-10,168.1942596435547,161.48599243164062,71.53498077392578,492.4479064941406,151.83360290527344,168.25999450683594,137.45069885253906,151.51840209960938,149.4242706298828,302.1653137207031,74.01790618896484,27.313711166381836,142.04518127441406,116.1860580444336,428.83221435546875,205.8208770751953,92.51667022705078,401.5242004394531,221.22300720214844,55.02865219116211,58.234130859375
2022-01-11,171.01722717285156,165.36199951171875,71.68063354492188,495.5138854980469,153.08432006835938,170.2899932861328,138.5078125,149.90774536132812,149.57606506347656,302.84796142578125,74.45695495605469,27.729398727416992,140.39926147460938,120.05242156982422,432.5210266113281,208.23361206054688,92.65913391113281,405.0418395996094,223.4286651611328,55.81414794921875,60.68357849121094
2022-01-12,171.456787109375,165.20700073242188,71.65495300292969,499.0923767089844,152.9970703125,170.74000549316406,140.1874237060547,148.6296844482422,150.42446899414062,306.0111999511719,74.72036743164062,27.91082191467285,140.70895385742188,122.89643096923828,436.8739318847656,207.51348876953125,92.7680892944336,406.2519836425781,223.77593994140625,56.468727111816406,60.50497055053711
2022-01-13,168.1942596435547,161.21400451660156,71.77490997314453,490.6253662109375,150.70889282226562,170.16000366210938,137.3689422607422,147.72804260253906,150.2369384765625,293.0600280761719,74.55354309082031,26.491313934326172,140.07180786132812,129.36512756347656,431.0732421875,205.85824584960938,92.58370208740234,400.6516418457031,220.50027465820312,55.97998046875,60.07121276855469
2022-01-14,169.05384826660156,162.13800048828125,71.3807601928711,477.4410095214844,147.3154296875,169.6699981689453,138.2545623779297,146.9227294921875,141.00282287597656,298.25213623046875,73.06072235107422,26.857154846191406,141.4169158935547,130.7314453125,432.2351989746094,205.51223754882812,91.74562072753906,400.77362060546875,220.5847930908203,55.92760467529297,61.12583541870117
2022-01-18,165.85972595214844,158.91749572753906,70.93523406982422,463.27886962890625,147.63540649414062,169.38999938964844,134.8026885986328,146.2749481201172,135.09091186523438,290.9928283691406,71.3483657836914,25.821428298950195,138.69134521484375,124.38350677490234,425.134033203125,200.3875732421875,90.7818374633789,393.7474365234375,216.29544067382812,55.09846115112305,62.15497589111328
2022-01-19,162.37258911132812,156.2989959716797,71.1065902709961,465.2626953125,145.54112243652344,172.0800018310547,133.92893981933594,145.8197479248047,133.00112915039062,291.64666748046875,72.5250473022461,24.988054275512695,143.35484313964844,121.76253509521484,426.54510498046875,197.57269287109375,89.5582046508789,389.6105651855469,214.02413940429688,55.14210510253906,62.18048095703125
2022-01-20,160.69247436523438,151.66749572753906,71.18367767333984,458.2955627441406,143.12692260742188,171.64999389648438,132.13580322265625,144.6554718017578,131.86700439453125,289.98333740234375,73.33293914794922,24.07394790649414,144.1288604736328,119.271728515625,426.98779296875,194.4304962158203,88.41002655029297,385.3235168457031,211.52748107910156,54.98500442504883,62.316551208496094
2022-01-21,158.6412353515625,142.64300537109375,71.44931030273438,457.1470031738281,133.1986083984375,171.08999633789062,129.205810546875,144.32286071777344,129.5629425048828,284.62786865234375,72.5338363647461,23.300390243530273,144.68048095703125,115.73994445800781,425.3001403808594,190.54019165039062,88.19212341308594,377.7532653808594,207.34141540527344,54.19078063964844,61.38100051879883
2022-01-24,157.86956787109375,144.54400634765625,71.3379135131836,464.0667419433594,133.2761688232422,172.02999877929688,129.65432739257812,142.65963745117188,129.4468536376953,284.95465087890625,71.93669891357422,23.29839515686035,143.50608825683594,117.06902313232422,426.31451416015625,194.355712890625,88.35972595214844,379.32928466796875,208.6741943359375,53.562374114990234,61.908321380615234
2022-01-25,156.07228088378906,139.98599243164062,71.2436752319336,453.0748596191406,132.35508728027344,172.5800018310547,125.8193359375,146.73890686035156,130.85784912109375,277.37823486328125,65.94784545898438,22.253694534301758,141.94024658203125,113.83465576171875,421.3069152832031,191.29774475097656,88.00774383544922,374.7232971191406,205.75523376464844,53.361637115478516,63.728397369384766
2022-01-26,155.98431396484375,138.87249755859375,70.84955596923828,458.9124450683594,129.5336456298828,169.7899932861328,128.09713745117188,147.3954315185547,132.0991973876953,285.2816467285156,63.787628173828125,22.700286865234375,140.70355224609375,114.39230346679688,422.7732238769531,189.10943603515625,86.63327026367188,373.8789978027344,204.95742797851562,53.02124786376953,63.08201217651367
2022-01-27,155.5252227783203,139.6374969482422,71.08088684082031,458.0107727050781,131.29824829101562,167.60000610351562,127.87115478515625,149.32997131347656,129.7683563232422,288.2911682128906,63.67346954345703,21.874893188476562,141.57545471191406,108.16521453857422,425.6966552734375,186.03274536132812,85.20013427734375,371.9841613769531,203.43692016601562,52.64596176147461,63.88999938964844
2022-01-28,166.37742614746094,143.97799682617188,71.16653442382812,467.4173889160156,134.41055297851562,167.10000610351562,132.17892456054688,150.38043212890625,130.92929077148438,296.3868103027344,63.66468048095703,22.768068313598633,142.7943115234375,109.30840301513672,429.8097229003906,189.6050567626953,87.95745849609375,381.1022033691406,208.4488983154297,52.89906311035156,64.02606964111328
2022-01-31,170.72418212890625,149.57350158691406,71.11515808105469,479.4723815917969,138.6184539794922,168.08999633789062,134.11428833007812,150.81813049316406,132.7064666748047,299.0019836425781,68.59980773925781,24.40888786315918,142.74981689453125,113.97405242919922,435.8134460449219,194.7110595703125,89.0385971069336,388.0721130371094,212.8790283203125,53.91149139404297,64.60440826416016
2022-02-01,170.55809020996094,151.19349670410156,71.08683776855469,482.5857238769531,140.09219360351562,168.22999572753906,136.43418884277344,149.58384704589844,134.98370361328125,296.86749267578125,67.8182601928711,24.560413360595703,142.1181640625,114.36441040039062,431.97698974609375,197.09573364257812,88.72010803222656,390.6048278808594,214.50277709960938,54.374061584472656,68.74638366699219
2022-02-02,171.7595672607422,150.6125030517578,71.1897964477539,495.5044250488281,138.27911376953125,168.83999633789062,146.69918823242188,151.23829650878906,133.9031524658203,301.3865051269531,68.25733184814453,25.162508010864258,144.66265869140625,115.38677215576172,442.4626159667969,196.31951904296875,89.85154724121094,394.3289794921875,215.92002868652344,54.653343200683594,68.56778717041016
2022-02-03,168.88780212402344,138.8455047607422,70.88941955566406,496.0177917480469,135.7679443359375,168.60000610351562,141.8323516845703,151.2295379638672,132.79576110839844,289.64678955078125,66.53617858886719,23.872581481933594,146.0327606201172,111.38101196289062,450.75335693359375,192.69113159179688,88.89610290527344,385.1640930175781,210.7860107421875,53.92021942138672,67.768310546875
2022-02-04,168.60415649414062,157.63949584960938,70.45172882080078,494.11651611328125,137.69737243652344,168.86000061035156,142.03355407714844,150.2404022216797,136.24290466308594,294.1561584472656,66.74694061279297,24.242416381835938,143.710693359375,112.47769165039062,445.58892822265625,193.4766387939453,88.01612091064453,386.974609375,212.1844940185547,54.00749588012695,69.23968505859375
2022-02-07,167.89019775390625,157.9355010986328,70.51182556152344,490.427978515625,138.1724395751953,170.11000061035156,137.97752380371094,149.74142456054688,136.69837951660156,289.3584289550781,66.4571762084961,24.650129318237305,142.63421630859375,113.67664337158203,446.0777587890625,193.86941528320312,87.89043426513672,385.69873046875,211.6494903564453,54.086036682128906,70.07316589355469
2022-02-08,170.99057006835938,161.4134979248047,70.28008270263672,495.42840576171875,138.1433563232422,170.6300048828125,138.1737823486328,150.13536071777344,139.2703399658203,292.8292236328125,66.26397705078125,25.0289306640625,142.31387329101562,114.97782135009766,455.0324401855469,196.9461212158203,87.47975158691406,388.82257080078125,213.59237670898438,54.400238037109375,68.26158142089844
2022-02-09,172.4087371826172,161.1894989013672,70.33158111572266,502.7292785644531,142.74879455566406,171.2100067138672,140.34750366210938,150.11782836914062,139.85084533691406,299.2231140136719,67.31773376464844,26.62090301513672,141.99362182617188,116.66007995605469,459.35772705078125,200.8457489013672,89.45762634277344,394.52606201171875,217.0650634765625,55.29047775268555,67.93482971191406
2022-02-10,168.34010314941406,159.0034942626953,69.68792724609375,492.8901672363281,147.5287322998047,170.55999755859375,137.401611328125,148.30580139160156,139.2703399658203,290.7333068847656,66.25517272949219,25.74267578125,139.8316650390625,115.90724182128906,448.86279296875,198.03089904785156,87.34564971923828,387.5936584472656,213.3858642578125,54.66208267211914,67.2812728881836
2022-02-11,164.9365234375,153.2935028076172,70.14278411865234,484.5149230957031,144.9206085205078,173.80999755859375,133.10226440429688,146.80892944335938,137.4574737548828,283.67596435546875,65.82489776611328,23.873577117919922,139.04873657226562,112.46842193603516,440.94085693359375,195.5901641845703,86.54945373535156,379.8639831542969,209.2467498779297,53.91149139404297,68.97534942626953
2022-02-14,165.17124938964844,155.16700744628906,69.74800109863281,481.5584716796875,146.25860595703125,174.74000549316406,134.33480834960938,144.96189880371094,136.1803741455078,283.6374816894531,65.7897720336914,24.190580368041992,139.44911193847656,111.3159408569336,437.5010986328125,194.58013916015625,85.76166534423828,378.62567138671875,208.4770965576172,53.58856964111328,67.91764068603516
2022-02-15,168.995361328125,156.510498046875,69.60208892822266,488.5551452636719,150.0108184814453,173.0800018310547,135.40780639648438,146.45877075195312,138.1719207763672,288.8967590332031,65.93905639648438,26.41156005859375,139.520263671875,115.73064422607422,441.03314208984375,199.1250762939453,86.53270721435547,384.70440673828125,212.1844940185547,54.566070556640625,67.06627655029297
2022-02-16,168.7606658935547,158.10049438476562,69.6965103149414,487.1103210449219,151.59120178222656,174.86000061035156,136.5273895263672,146.37124633789062,138.4219207763672,288.55963134765625,66.06199645996094,26.427509307861328,140.5790252685547,114.8755874633789,442.71160888671875,199.56460571289062,86.93499755859375,385.1640930175781,212.38157653808594,54.81045150756836,67.3758773803711
2022-02-17,165.17124938964844,154.65249633789062,69.85099792480469,489.5913391113281,148.294677734375,177.25,131.37408447265625,145.4783477783203,135.23377990722656,280.1100158691406,66.19371795654297,24.42982292175293,142.1893310546875,111.30665588378906,433.7568359375,194.7484893798828,86.0130844116211,376.97467041015625,207.55731201171875,54.05113983154297,67.27266693115234
2022-02-18,163.6259307861328,152.60150146484375,69.97110748291016,487.36688232421875,146.75308227539062,177.1199951171875,129.25685119628906,143.9189910888672,135.8678436279297,277.4123229980469,65.11360931396484,23.567543029785156,142.26051330566406,110.88841247558594,431.42364501953125,193.2802734375,85.49347686767578,374.5638427734375,205.89598083496094,53.71075439453125,66.52452850341797
2022-02-22,160.71142578125,150.19749450683594,69.92823028564453,477.39453125,143.58258056640625,177.49000549316406,128.67254638671875,141.96319580078125,135.62673950195312,277.2099609375,64.78868865966797,23.31633949279785,140.50784301757812,108.65782928466797,426.5358581542969,190.59632873535156,85.1833724975586,370.46441650390625,203.5308074951172,53.07362365722656,65.75057983398438
2022-02-23,156.5547637939453,144.82699584960938,69.57636260986328,470.8161926269531,141.43016052246094,178.2899932861328,126.46659088134766,142.03369140625,132.78683471679688,270.0320739746094,63.50660705566406,22.316495895385742,138.7551727294922,107.71910095214844,423.8706359863281,187.0240020751953,83.775390625,363.7947082519531,199.78585815429688,52.549957275390625,66.01716613769531
2022-02-24,159.1660919189453,151.35800170898438,69.7308120727539,480.6268005371094,144.8527374267578,177.13999938964844,131.5247344970703,139.32025146484375,129.089599609375,283.8289794921875,66.24640655517578,23.6732120513916,135.0184783935547,103.98285675048828,420.4307861328125,190.96104431152344,85.1833724975586,369.3857116699219,203.28675842285156,51.87791442871094,65.18303680419922
2022-02-25,161.22972106933594,153.7884979248047,69.79088592529297,491.94891357421875,144.97879028320312,176.5500030517578,133.2777099609375,146.24478149414062,132.14385986328125,286.4495544433594,67.75679016113281,24.080923080444336,140.7836151123047,103.37875366210938,438.74603271484375,196.00161743164062,87.23670959472656,377.45306396484375,207.81072998046875,53.05617141723633,66.9372787475586
2022-02-28,161.4938201904297,153.56300354003906,70.30587005615234,493.62213134765625,143.9413604736328,178.3800048828125,133.86996459960938,144.98500061035156,126.6337661743164,287.8755187988281,69.11219024658203,24.308208465576172,138.69288635253906,99.45660400390625,438.856689453125,196.3943634033203,85.93767547607422,376.505615234375,207.58543395996094,52.37540054321289,67.43606567382812
2022-03-01,159.61593627929688,151.14199829101562,70.67459869384766,497.1204528808594,141.26535034179688,181.6199951171875,132.8831787109375,144.48284912109375,121.85595703125,284.1758117675781,68.37931060791016,23.403064727783203,136.39752197265625,100.42320251464844,439.2071533203125,192.7752685546875,85.48509216308594,370.85845947265625,204.34735107421875,51.397891998291016,68.08100891113281
2022-03-02,162.9021759033203,152.05250549316406,69.80644989013672,501.9402160644531,142.85545349121094,179.72999572753906,133.3887176513672,146.28005981445312,124.38328552246094,289.2243957519531,68.47643280029297,24.14784049987793,136.82455444335938,101.87307739257812,447.6270751953125,197.30145263671875,87.08585357666016,377.6688537597656,208.2236785888672,51.93901443481445,69.25050354003906
2022-03-03,162.57948303222656,147.89849853515625,70.11585998535156,506.7409362792969,141.13931274414062,180.8000030517578,132.72262573242188,148.42967224121094,123.49917602539062,285.11041259765625,69.57135772705078,23.643348693847656,137.3316650390625,101.11094665527344,448.74285888671875,195.36569213867188,87.79821014404297,375.7739562988281,206.6374969482422,51.144779205322266,69.68907928466797
2022-03-04,159.58668518066406,145.64100646972656,70.36515808105469,499.5636291503906,136.43690490722656,183.67999267578125,130.7471160888672,149.3106689453125,120.02522277832031,279.271728515625,70.82521057128906,22.86766815185547,138.02560424804688,97.64425659179688,459.8648681640625,192.04586791992188,88.20050048828125,372.7345886230469,204.5726318359375,49.95781326293945,72.31188201904297
2022-03-07,155.80162048339844,137.4530029296875,70.0213394165039,502.4346008300781,129.4366912841797,186.41000366210938,125.26773071289062,151.71580505371094,115.39031982421875,268.7217712402344,74.33070373535156,21.288381576538086,135.97930908203125,92.28152465820312,449.0010986328125,185.84571838378906,86.45728302001953,361.7309875488281,198.26536560058594,48.36935043334961,74.91748046875
2022-03-08,153.9824676513672,136.01449584960938,69.69469451904297,497.5292663574219,127.73994445800781,191.50999450683594,125.98735046386719,148.64112854003906,114.57767486572266,265.77349853515625,72.36162567138672,21.449901580810547,130.59677124023438,92.94142150878906,436.6341857910156,186.490966796875,86.03824615478516,359.00115966796875,197.1484375,48.64864730834961,75.48503875732422
2022-03-09,159.37149047851562,139.2790069580078,69.50558471679688,501.6075134277344,129.5821075439453,185.82000732421875,132.24732971191406,149.20497131347656,119.16790771484375,277.96142578125,70.92232513427734,22.945432662963867,132.35829162597656,97.54202270507812,447.80230712890625,191.7839813232422,87.3624038696289,368.5694885253906,202.620361328125,50.32437515258789,71.1939697265625
2022-03-10,155.03880310058594,146.8175048828125,69.13595581054688,506.42718505859375,129.5724334716797,186.39999389648438,131.26556396484375,149.46925354003906,117.75688171386719,275.15777587890625,70.78105163574219,22.59049415588379,128.9508514404297,96.62189483642578,453.2156677246094,191.67181396484375,87.5802993774414,366.9278869628906,201.70994567871094,49.69596862792969,73.40399932861328
2022-03-11,151.33200073242188,145.52450561523438,69.08438110351562,501.3888854980469,127.73994445800781,185.08999633789062,128.72901916503906,149.19610595703125,115.10453796386719,269.8393859863281,70.02167510986328,22.034156799316406,127.42059326171875,94.25190734863281,446.6300354003906,188.85690307617188,86.88470458984375,362.2469482421875,198.96929931640625,49.10248947143555,73.025634765625
2022-03-14,147.31227111816406,141.85299682617188,68.44831848144531,499.9914855957031,125.10273742675781,182.3000030517578,124.84397888183594,151.2576446533203,116.24764251708984,266.34197998046875,70.0040054321289,21.26645278930664,129.04869079589844,92.29083251953125,451.3010559082031,186.10751342773438,86.20586395263672,359.6015625,197.00767517089844,49.03266143798828,70.41142272949219
2022-03-15,151.68406677246094,147.3665008544922,68.56005859375,515.5535278320312,130.11537170410156,178.88999938964844,128.06243896484375,155.17808532714844,118.31057739257812,276.6607666015625,72.38811492919922,22.904552459716797,133.69285583496094,94.8838882446289,460.5412902832031,189.1187286376953,86.78413391113281,367.4907531738281,201.11863708496094,49.37303924560547,66.40413665771484
2022-03-16,156.08523559570312,153.10400390625,68.6631851196289,516.57080078125,133.93545532226562,180.00999450683594,132.10906982421875,153.75086975097656,123.5973892211914,283.6363525390625,72.8561019897461,24.423019409179688,133.2390899658203,98.70352935791016,460.864990234375,194.7578125,87.81498718261719,375.7082824707031,206.14942932128906,51.5113525390625,66.15475463867188
2022-03-17,157.0926513671875,157.23899841308594,68.7233657836914,525.5067138671875,135.22496032714844,180.88999938964844,132.6626434326172,155.75953674316406,125.16021728515625,284.4358825683594,73.01502990722656,24.692214965820312,133.65724182128906,99.45064544677734,468.9676208496094,197.60073852539062,89.17269897460938,380.3048400878906,208.9088592529297,51.7731819152832,67.91764068603516
2022-03-18,160.37887573242188,161.25050354003906,68.92106628417969,533.6442260742188,136.0297088623047,179.3000030517578,134.92904663085938,154.0327911376953,125.11557006835938,289.4556884765625,72.73249053955078,26.374191284179688,133.58609008789062,99.66545104980469,468.1351318359375,199.639404296875,89.17269897460938,384.5074462890625,211.34913635253906,52.37540054321289,67.65103912353516
2022-03-21,161.7481231689453,161.4915008544922,68.21621704101562,528.1115112304688,134.40084838867188,180.6699981689453,134.9052734375,154.90499877929688,124.71372985839844,288.2320556640625,72.22916412353516,26.65435218811035,134.0932159423828,99.85221862792969,469.5594787597656,198.8913116455078,88.6279296875,384.5262451171875,211.15206909179688,51.9907341003418,70.68660736083984
2022-03-22,165.11257934570312,164.88900756835938,68.04431915283203,531.8094482421875,135.84548950195312,179.36000061035156,138.63864135742188,154.1737518310547,127.36605834960938,292.9530944824219,73.15631866455078,26.444976806640625,135.12525939941406,99.96428680419922,467.3951110839844,200.65875244140625,88.85419464111328,388.9914245605469,213.74252319335938,52.55025100708008,70.37702178955078
2022-03-23,166.47203063964844,163.4080047607422,68.35372924804688,526.6762084960938,133.45066833496094,181.80999755859375,137.06015014648438,153.59234619140625,124.82980346679688,288.5500183105469,72.90907287597656,25.55763053894043,134.1822052001953,98.38599395751953,465.46197509765625,197.40245056152344,87.85733032226562,383.98211669921875,210.8313751220703,52.00822830200195,71.48634338378906
2022-03-24,170.24728393554688,163.64950561523438,68.26779174804688,530.5640869140625,134.7305145263672,183.1300048828125,140.3276824951172,154.3851776123047,125.64248657226562,292.9916076660156,73.9068603515625,28.066131591796875,134.4134979248047,100.78611755371094,474.9242248535156,199.52142333984375,88.41348266601562,389.68975830078125,213.8347930908203,52.366661071777344,71.70132446289062
2022-03-25,170.8830108642578,164.77349853515625,67.66608428955078,528.2825927734375,134.905029296875,182.3800048828125,140.42779541015625,155.865234375,126.74089813232422,292.5869445800781,74.11878967285156,27.6094970703125,135.97042846679688,99.6747817993164,474.52655029296875,200.1684112548828,89.51741027832031,391.66632080078125,214.74806213378906,52.33169174194336,73.26639556884766
2022-03-28,171.74368286132812,168.99049377441406,67.86378479003906,537.3137817382812,134.49781799316406,179.05999755859375,140.21221923828125,156.66696166992188,125.80318450927734,299.35052490234375,74.55145263671875,28.134925842285156,136.9046173095703,99.30122375488281,474.6837158203125,200.25279235839844,90.4696273803711,394.3676452636719,216.14149475097656,52.23552703857422,71.21116638183594
2022-03-29,175.02992248535156,169.31500244140625,68.16464233398438,541.8482666015625,138.04640197753906,179.13999938964844,141.25299072265625,156.5876922607422,126.0800552368164,303.8883972167969,74.71922302246094,28.570627212524414,138.310302734375,102.0281982421875,472.3991394042969,205.36265563964844,93.12406158447266,399.3561706542969,219.41790771484375,53.25836944580078,70.83280181884766
2022-03-30,173.86599731445312,166.30099487304688,68.31934356689453,548.0179443359375,136.66961669921875,180.5800018310547,140.69097900390625,158.21749877929688,125.50852966308594,302.39501953125,75.49626922607422,27.60750389099121,137.35838317871094,99.6747817993164,481.73187255859375,202.0904541015625,92.44990539550781,396.8713684082031,217.6384735107422,53.07478713989258,72.04530334472656
2022-03-31,170.77540588378906,162.99749755859375,68.37091827392578,547.428466796875,132.98529052734375,180.64999389648438,137.84523010253906,156.13836669921875,121.73988342285156,297.0478515625,74.79869842529297,27.204710006713867,135.94375610351562,97.36805725097656,471.6961364746094,199.2589111328125,91.32072448730469,390.77215576171875,214.3526611328125,52.22677230834961,71.02196502685547
2022-04-01,170.48199462890625,163.55999755859375,68.22272491455078,547.16259765625,132.8301544189453,179.5,138.9186553955078,156.98411560058594,120.8379135131836,298.1173095703125,75.68168640136719,26.632421493530273,137.98110961914062,95.9952392578125,474.11956787109375,200.95596313476562,93.09876251220703,391.85455322265625,215.20938110351562,52.79502868652344,71.47775268554688
2022-04-04,174.5213623046875,168.34649658203125,68.2743911743164,546.7442016601562,134.36204528808594,180.3699951171875,141.71487426757812,155.46884155273438,121.37374114990234,303.4645080566406,75.60222625732422,27.278486251831055,137.08253479003906,97.86302185058594,471.7424011230469,201.2747344970703,92.64373016357422,395.1771545410156,217.0359344482422,53.22341537475586,71.51213836669922
2022-04-05,171.21551513671875,164.05499267578125,67.5850601196289,546.9246215820312,131.49215698242188,179.24000549316406,139.3553009033203,156.47317504882812,119.96124267578125,299.5239562988281,76.2291488647461,25.853742599487305,137.56297302246094,95.72440338134766,478.9014587402344,197.30870056152344,92.18868255615234,390.2921142578125,213.86305236816406,52.4977912902832,71.14237213134766
2022-04-06,168.05645751953125,158.75599670410156,67.37824249267578,555.9273071289062,128.53501892089844,179.66000366210938,135.34786987304688,160.54331970214844,118.296875,288.55963134765625,76.37042236328125,24.33428192138672,139.5292205810547,94.49165344238281,491.8415222167969,194.77716064453125,93.2841567993164,386.3388366699219,211.4057159423828,51.84211349487305,71.93352508544922
2022-04-07,168.3596649169922,157.7845001220703,67.24034881591797,578.039306640625,127.85628509521484,180.33999633789062,134.69415283203125,160.12921142578125,117.93699645996094,290.36138916015625,76.89139556884766,24.135875701904297,141.33523559570312,93.87527465820312,496.65130615234375,194.37400817871094,92.35721588134766,388.2872619628906,212.20599365234375,51.80714416503906,73.13742065429688
2022-04-08,166.35467529296875,154.4604949951172,66.87841796875,570.4246826171875,127.85628509521484,181.47000122070312,132.11599731445312,160.4464111328125,120.09620666503906,286.1220703125,76.01722717285156,23.05011749267578,142.43846130371094,92.7265853881836,504.9851989746094,193.6426544189453,92.5088882446289,387.3460693359375,211.5469512939453,51.82463073730469,74.67669677734375
2022-04-11,162.1099853515625,151.1219940185547,66.56820678710938,555.8132934570312,126.67341613769531,182.3699951171875,127.69121551513672,158.4377899169922,119.65536499023438,274.8398132324219,74.68391418457031,21.851696014404297,141.89572143554688,91.12029266357422,497.1044616699219,192.7144317626953,91.51454162597656,380.635009765625,208.24227905273438,51.21266555786133,72.1054916381836
2022-04-12,163.97804260253906,150.78750610351562,66.78362274169922,552.6666259765625,126.85765838623047,183.77000427246094,126.59197235107422,158.4906463623047,118.34185791015625,271.7566833496094,74.07463836669922,21.439929962158203,141.4687042236328,90.99889373779297,493.6545104980469,192.8738555908203,91.37972259521484,379.2420959472656,207.6020050048828,50.93291091918945,73.61036682128906
2022-04-13,166.65786743164062,155.54100036621094,66.8611831665039,561.9163208007812,128.32168579101562,184.64999389648438,128.75230407714844,159.16015625,114.52729034423828,277.113525390625,73.7744140625,22.1368465423584,141.86904907226562,94.79048919677734,496.6975402832031,196.38047790527344,92.02857208251953,383.5246887207031,210.3229522705078,51.5361328125,74.65091705322266
2022-04-14,161.6601104736328,151.7064971923828,66.40447998046875,561.2507934570312,126.4989242553711,184.0399932861328,125.61615753173828,158.4906463623047,113.46568298339844,269.608154296875,73.1209945678711,21.19466781616211,141.0772705078125,91.85807800292969,494.68115234375,194.76783752441406,91.63250732421875,378.86553955078125,207.7620849609375,51.1951789855957,75.52806091308594
2022-04-18,161.4449005126953,152.78500366210938,66.18904113769531,553.3890991210938,123.88108825683594,184.61000061035156,126.5542984008789,156.51719665527344,115.57090759277344,270.2729187011719,72.14969635009766,21.718101501464844,139.73379516601562,92.24095916748047,493.99664306640625,193.68019104003906,91.2617416381836,378.9314270019531,207.40428161621094,51.00284957885742,76.1471939086914
2022-04-19,163.72372436523438,158.11549377441406,65.77544403076172,564.9679565429688,127.88536071777344,181.82000732421875,128.8662872314453,161.29217529296875,117.96399688720703,274.8783264160156,72.25565338134766,22.131860733032227,141.8245849609375,92.87600708007812,497.344970703125,197.9462890625,93.25047302246094,384.98358154296875,211.057373046875,51.10775375366211,75.46784973144531
2022-04-20,163.5574493408203,153.9980010986328,66.18904113769531,573.7424926757812,120.77847290039062,182.7100067138672,126.91460418701172,162.00576782226562,118.37786102294922,275.8996276855469,71.97311401367188,21.418001174926758,145.59683227539062,92.46510314941406,505.03125,198.84637451171875,94.80095672607422,384.6918029785156,210.78431701660156,51.29134750366211,75.63985443115234
2022-04-21,162.7652587890625,148.29600524902344,65.83575439453125,562.5341796875,117.95706176757812,182.05999755859375,123.71747589111328,161.5388641357422,117.4601821899414,270.55230712890625,67.26673126220703,20.12286949157715,145.4832305908203,91.20435333251953,497.1044616699219,194.60841369628906,94.14369201660156,378.9878845214844,207.33839416503906,50.62692642211914,74.840087890625
2022-04-22,158.23696899414062,144.35000610351562,65.74954986572266,543.4833984375,114.67024230957031,180.2899932861328,118.583984375,159.93540954589844,114.08644104003906,264.02008056640625,65.2976303100586,19.45685577392578,144.2664337158203,89.35523223876953,481.84283447265625,189.52659606933594,92.4920425415039,368.64373779296875,201.68936157226562,49.84011459350586,73.20620727539062
2022-04-25,159.3030242919922,146.07400512695312,66.16319274902344,540.165771484375,116.29910278320312,177.0500030517578,121.99226379394531,163.87351989746094,114.05046081542969,270.46563720703125,65.37711334228516,19.84270668029785,145.42955017089844,89.8781967163086,484.9229431152344,190.75485229492188,92.25609588623047,370.657958984375,202.7909393310547,49.49917221069336,70.73822021484375
2022-04-26,153.35650634765625,139.39100646972656,66.33554077148438,526.4287719726562,112.24632263183594,177.32000732421875,117.6071548461914,162.70176696777344,110.67670440673828,260.3492126464844,64.96210479736328,18.73202133178711,142.96018981933594,86.63756561279297,475.2202453613281,184.9886016845703,90.73926544189453,360.0597229003906,197.0100860595703,48.23152160644531,70.76399230957031
2022-04-27,153.13157653808594,138.16700744628906,66.12873077392578,526.7330932617188,111.703369140625,175.97999572753906,113.2899398803711,160.4288330078125,109.23724365234375,272.874267578125,64.69719696044922,18.360139846801758,142.5755157470703,84.29348754882812,475.2479248046875,184.76353454589844,90.1409683227539,360.99151611328125,197.39608764648438,48.55499267578125,72.78482818603516
2022-04-28,160.04635620117188,144.59649658203125,66.10287475585938,535.13134765625,111.78094482421875,176.92999267578125,117.48076629638672,161.626953125,110.96459197998047,279.0500793457031,64.89147186279297,19.723064422607422,146.19894409179688,88.92562103271484,485.0616455078125,188.36398315429688,91.8010482788086,370.0367431640625,202.20718383789062,49.2718620300293,74.98628234863281
2022-04-29,154.1878662109375,124.28150177001953,65.65476989746094,506.2989196777344,108.23233032226562,176.91000366210938,113.1065444946289,158.98399353027344,107.38394165039062,267.3824462890625,62.7104606628418,18.49173927307129,143.6401824951172,86.78701782226562,470.3826599121094,182.8790283203125,87.58769989013672,356.44537353515625,194.7786865234375,48.834747314453125,73.30939483642578
2022-05-02,154.49107360839844,124.5,65.31896209716797,503.661376953125,110.04542541503906,173.6300048828125,115.55831146240234,157.38055419921875,108.36457824707031,274.07855224609375,61.695011138916016,19.47480583190918,141.69873046875,87.56214141845703,463.53814697265625,184.38858032226562,85.47257995605469,358.6855163574219,196.24746704101562,48.68612289428711,74.30693054199219
2022-05-03,155.9776611328125,124.25350189208984,65.47433471679688,502.8330993652344,110.09391021728516,174.08999633789062,116.30271911621094,157.0722198486328,110.68571472167969,271.48687744140625,62.480892181396484,19.54360008239746,139.75729370117188,87.44073486328125,462.1229248046875,186.0762176513672,86.53433227539062,360.238525390625,197.17953491210938,49.10576248168945,75.83761596679688
2022-05-04,162.37408447265625,125.92849731445312,65.89737701416016,518.4013061523438,112.65354919433594,175.8000030517578,121.18641662597656,158.75491333007812,114.34733581542969,279.3873596191406,64.51176452636719,20.273414611816406,140.7861328125,89.64472961425781,469.5224914550781,191.00802612304688,87.5286865234375,371.1662292480469,202.9604034423828,49.81389236450195,78.85596466064453
2022-05-05,153.3272247314453,116.40699768066406,65.24124145507812,492.5875549316406,109.1825180053711,175.1300048828125,115.48150634765625,155.72430419921875,111.48641967773438,267.2187194824219,63.43450164794922,18.787857055664062,138.1916046142578,86.0585708618164,457.59063720703125,183.77911376953125,85.19446563720703,358.1301574707031,195.4754180908203,48.2227783203125,77.6606674194336
2022-05-06,154.052001953125,114.77249908447266,64.96501159667969,479.29486083984375,106.9331283569336,175.4199981689453,114.72916412353516,155.3806915283203,111.30648803710938,264.69451904296875,63.99080276489258,18.619361877441406,139.5694122314453,85.57294464111328,462.1229248046875,180.95693969726562,84.18325805664062,355.880615234375,193.90310668945312,47.72446823120117,78.8473892211914
2022-05-09,148.93914794921875,108.78900146484375,65.25853729248047,474.9814758300781,103.72386932373047,172.8800048828125,111.5221176147461,156.22647094726562,109.63309478759766,254.91522216796875,62.436737060546875,16.899499893188477,139.220458984375,81.52916717529297,449.91357421875,173.2592010498047,80.4754638671875,344.3974914550781,187.03012084960938,46.264503479003906,72.63005065917969
2022-05-10,151.3388671875,108.85900115966797,65.44844055175781,477.4857482910156,104.40255737304688,171.4199981689453,113.38954162597656,156.0150146484375,106.96110534667969,259.6555480957031,61.80097198486328,17.542579650878906,138.48684692382812,82.94869995117188,451.3842468261719,172.50914001464844,79.00923919677734,345.2823181152344,187.40672302246094,46.50054168701172,73.11161804199219
2022-05-11,143.49325561523438,105.37200164794922,65.67292022705078,465.69757080078125,102.00774383544922,172.82000732421875,112.60400390625,155.1692657470703,106.2863540649414,251.03237915039062,61.986392974853516,16.580453872680664,136.53643798828125,82.02413940429688,449.663818359375,168.82437133789062,78.8406982421875,339.71966552734375,184.01730346679688,46.24701690673828,74.63372039794922
2022-05-12,139.63412475585938,106.93049621582031,65.80243682861328,462.9362487792969,101.1351318359375,170.1699981689453,111.85218048095703,156.7021942138672,106.1963882446289,246.02239990234375,60.49414825439453,16.126808166503906,135.9817657470703,81.89339447021484,442.8654479980469,170.81211853027344,79.45585632324219,339.4560852050781,184.2150421142578,46.072174072265625,74.97251892089844
2022-05-13,144.09072875976562,113.05500030517578,65.56066131591797,473.49609375,104.06321716308594,168.7899932861328,115.03050231933594,155.80361938476562,107.14102172851562,251.58163452148438,61.633201599121094,17.65325164794922,137.44004821777344,84.94722747802734,448.9701232910156,176.3439178466797,81.55410766601562,347.4659423828125,189.1484832763672,47.3135871887207,77.19649505615234
2022-05-16,142.55296325683594,110.81050109863281,65.66429138183594,470.8870544433594,101.97865295410156,170.39999389648438,113.43910217285156,156.88722229003906,106.39431762695312,251.9477081298828,61.91576385498047,17.21255874633789,138.78208923339844,84.43358612060547,452.50341796875,175.3313446044922,81.04007720947266,346.2235107421875,188.21644592285156,47.30484390258789,79.01216888427734
2022-05-17,146.177001953125,115.36849975585938,65.2757797241211,467.0212097167969,105.33334350585938,169.3300018310547,115.44927978515625,157.5391387939453,109.92098999023438,257.0733947753906,63.59345245361328,18.12284278869629,138.38844299316406,87.15122985839844,455.5650634765625,180.4412078857422,82.14399719238281,353.1509704589844,192.2366485595703,48.27523422241211,80.01991271972656
2022-05-18,137.9298553466797,107.11250305175781,65.55204010009766,408.870849609375,101.12543487548828,169.4199981689453,110.9159927368164,154.6142578125,108.04069519042969,245.3689727783203,62.69280242919922,16.88753318786621,129.76373291015625,84.545654296875,436.0024108886719,173.95303344726562,79.75920867919922,339.164306640625,184.71401977539062,47.16495895385742,78.75153350830078
2022-05-19,134.53102111816406,107.31900024414062,65.69014739990234,402.71014404296875,100.0007553100586,171.91000366210938,109.41380310058594,153.23992919921875,106.43930053710938,244.4611358642578,62.215972900390625,17.072980880737305,126.7755126953125,84.246826171875,442.63427734375,174.2343292236328,79.40530395507812,336.89593505859375,183.89491271972656,47.680763244628906,79.17723083496094
2022-05-20,134.76611328125,107.59100341796875,65.88875579833984,396.5208435058594,99.30265808105469,172.02999877929688,107.95075988769531,155.91810607910156,105.5666275024414,243.90103149414062,62.88705062866211,16.64426040649414,126.8560562133789,84.77913665771484,449.275390625,173.83116149902344,79.91089630126953,336.9806213378906,183.89491271972656,47.95176696777344,79.80271911621094
2022-05-23,140.1728057861328,107.55699920654297,65.6556625366211,408.9469909667969,102.60887145996094,172.8300018310547,110.50809478759766,159.10121154785156,112.0981674194336,251.7136688232422,64.06145477294922,16.84765625,129.772705078125,85.45153045654297,455.1487731933594,175.8094940185547,80.83784484863281,343.37164306640625,187.03953552246094,48.64241409301758,81.56626892089844
2022-05-24,137.47927856445312,104.0999984741211,66.19091033935547,416.7835388183594,98.4979248046875,174.1300048828125,105.03860473632812,160.8390655517578,113.68160247802734,250.718994140625,65.93340301513672,16.105871200561523,132.0809783935547,82.85530090332031,460.2174987792969,173.23109436035156,81.52041625976562,340.8961181640625,185.16595458984375,48.25776290893555,82.00933837890625
2022-05-25,137.63595581054688,106.7750015258789,66.45851135253906,419.0688171386719,100.11710357666016,173.0800018310547,104.87506103515625,159.2608184814453,114.47329711914062,253.5195770263672,66.03935241699219,16.924427032470703,129.9158477783203,84.43358612060547,460.707763671875,176.56898498535156,82.21139526367188,343.73870849609375,187.22784423828125,48.3364372253418,83.65995025634766
2022-05-26,140.8291015625,111.07749938964844,66.38948822021484,442.75933837890625,102.39556121826172,172.75999450683594,106.8450927734375,159.11895751953125,116.45256042480469,256.7836608886719,66.26009368896484,17.79781150817871,131.05209350585938,84.98458862304688,464.5370788574219,180.61940002441406,82.3125228881836,350.5720520019531,191.05978393554688,48.91343307495117,83.955322265625
2022-05-27,146.56883239746094,115.14649963378906,66.57941436767578,448.2534484863281,105.9926528930664,172.85000610351562,111.32931518554688,160.5641632080078,118.09894561767578,263.87200927734375,68.75991821289062,18.754959106445312,133.05616760253906,87.57147979736328,469.05078125,185.0917510986328,84.52033233642578,359.3631896972656,195.8991241455078,49.53413391113281,84.7806167602539
2022-05-31,145.7852020263672,120.20950317382812,66.19953155517578,443.9305419921875,107.07856750488281,171.13999938964844,112.76212310791016,159.18099975585938,118.96263885498047,262.54901123046875,67.21473693847656,18.616371154785156,132.30467224121094,89.0003433227539,459.4960021972656,182.80401611328125,83.48383331298828,357.3677673339844,194.28912353515625,49.577842712402344,83.3993148803711
2022-06-01,145.6578826904297,121.68399810791016,65.90369415283203,435.1418151855469,105.8666000366211,172.22999572753906,112.8909683227539,157.5673065185547,116.87539672851562,263.08013916015625,67.64098358154297,18.265417098999023,130.300537109375,88.4866943359375,455.5835266113281,181.56637573242188,82.79285430908203,354.3746032714844,193.00869750976562,49.097015380859375,84.99781799316406
2022-06-02,148.1066131591797,125.51100158691406,65.96424865722656,464.2978210449219,107.49547576904297,174.35000610351562,116.58867645263672,157.07077026367188,118.75572204589844,265.1661071777344,69.72783660888672,19.53362464904785,131.70521545410156,89.97158813476562,455.3153076171875,185.84185791015625,83.93043518066406,361.1044616699219,196.94415283203125,50.0761604309082,84.85010528564453
2022-06-03,142.39625549316406,122.3499984741211,65.86907958984375,453.48095703125,105.3624267578125,172.5800018310547,113.53427124023438,156.42352294921875,117.10033416748047,260.7623596191406,69.87883758544922,18.664230346679688,130.5242462158203,87.57147979736328,449.1644592285156,183.98538208007812,82.80970001220703,355.2594299316406,193.79953002929688,49.31558609008789,86.083740234375
2022-06-06,143.14060974121094,124.79000091552734,65.4798812866211,449.8817138671875,104.54800415039062,171.82000732421875,115.79373168945312,156.40577697753906,116.71347045898438,259.53594970703125,71.21086883544922,18.73002815246582,130.01425170898438,86.95511627197266,453.3913879394531,184.92300415039062,82.5484848022461,356.2288818359375,194.3738555908203,49.53413391113281,85.8665542602539
2022-06-07,145.6578826904297,123.0,65.70475006103516,449.2247314453125,104.50920867919922,172.94000244140625,116.11983489990234,158.1259002685547,117.01934051513672,263.157470703125,70.84675598144531,18.86961555480957,131.46363830566406,87.63684844970703,459.79205322265625,187.2013702392578,83.68607330322266,359.7114562988281,196.4827880859375,49.68275833129883,89.80194854736328
2022-06-08,144.9232940673828,121.18000030517578,65.43659973144531,445.61590576171875,104.07290649414062,172.77999877929688,116.1639404296875,157.18603515625,115.15704345703125,261.13909912109375,69.70121765136719,18.596370697021484,129.82638549804688,87.29132080078125,456.489990234375,184.2291717529297,81.75636291503906,355.7771301269531,194.2797088623047,49.280616760253906,90.86183166503906
2022-06-09,139.7124481201172,116.1500015258789,65.35009002685547,449.4817810058594,100.1558837890625,172.22999572753906,113.82618713378906,154.0206756591797,112.73694610595703,255.71176147460938,68.67996978759766,17.998031616210938,127.4823226928711,84.84449768066406,452.69769287109375,180.11309814453125,79.81819915771484,347.40948486328125,189.628662109375,48.24901580810547,88.89846801757812
2022-06-10,134.3155517578125,109.6500015258789,64.79652404785156,441.15960693359375,96.37458038330078,174.5399932861328,110.18446350097656,152.99217224121094,107.55489349365234,244.3162841796875,67.41010284423828,16.9270076751709,126.99920654296875,82.81795501708984,448.2579345703125,174.92822265625,78.04859924316406,337.21588134765625,183.9984588623047,47.287349700927734,87.2739028930664
2022-06-13,129.17330932617188,103.66999816894531,63.74987030029297,430.62841796875,92.7968978881836,169.92999267578125,105.45738220214844,151.44937133789062,104.35206604003906,233.9541778564453,64.302001953125,15.603679656982422,123.59943389892578,79.89485168457031,434.448486328125,166.41473388671875,74.14698791503906,324.2174987792969,176.4852294921875,45.696250915527344,83.26901245117188
2022-06-14,130.03526306152344,102.30999755859375,63.403873443603516,433.0564880371094,91.35224151611328,168.57000732421875,105.77755737304688,149.12637329101562,102.61571502685547,236.10768127441406,63.476165771484375,15.792159080505371,119.7433853149414,81.42643737792969,427.0950927734375,165.79595947265625,73.58240509033203,323.4080505371094,175.98626708984375,45.59133529663086,83.48619842529297
2022-06-15,132.65048217773438,107.66999816894531,64.13048553466797,436.8557434082031,92.96170806884766,170.77000427246094,108.79975891113281,150.7223358154297,103.83026123046875,243.12844848632812,65.8826904296875,16.481243133544922,118.553466796875,83.23819732666016,429.4814758300781,168.02743530273438,75.32673645019531,328.0388488769531,178.54714965820312,46.299468994140625,82.43501281738281
2022-06-16,127.39067077636719,103.66000366210938,64.26885986328125,430.16180419921875,91.41041564941406,172.69000244140625,105.1015396118164,150.80213928222656,102.04893493652344,236.5712127685547,62.93446350097656,15.557806015014648,119.27816772460938,79.34867858886719,423.3643493652344,160.04844665527344,73.34646606445312,317.2618103027344,172.31442260742188,45.10176467895508,79.39442443847656
2022-06-17,128.85987854003906,106.22000122070312,64.30348205566406,425.33416748046875,91.46858978271484,171.27000427246094,106.2017822265625,150.25241088867188,101.68907165527344,239.1593780517578,62.88115692138672,15.836036682128906,118.41927337646484,79.79931640625,419.62353515625,161.6048583984375,73.90261840820312,318.0900573730469,172.96401977539062,44.961891174316406,74.81613159179688
2022-06-21,133.0814208984375,108.68000030517578,64.0093765258789,440.9692077636719,90.45054626464844,170.6300048828125,110.5635986328125,153.4000244140625,104.20811462402344,245.04058837890625,64.58617401123047,16.52013397216797,122.0069351196289,81.63002014160156,445.85577392578125,164.14576721191406,74.93067169189453,325.8834228515625,177.1537322998047,45.73039627075195,79.47260284423828
2022-06-22,132.57211303710938,108.94999694824219,64.53701782226562,437.9698181152344,90.65416717529297,171.30999755859375,110.50759887695312,155.82058715820312,103.62333679199219,244.4514617919922,66.32672119140625,16.31471061706543,123.91256713867188,79.71482849121094,454.5441589355469,163.7707061767578,75.88291931152344,325.19635009765625,177.12548828125,45.226314544677734,76.32774353027344
2022-06-23,135.4321746826172,112.44000244140625,64.84844207763672,452.290771484375,91.4298095703125,170.25999450683594,111.2554702758789,159.29624938964844,102.48976135253906,249.9850311279297,68.55565643310547,16.180082321166992,127.31233215332031,78.97315216064453,463.9472351074219,165.7642059326172,77.32457733154297,328.613037109375,178.73147583007812,45.164405822753906,74.02558898925781
2022-06-24,138.7526092529297,116.45999908447266,64.72733306884766,461.2127685546875,94.80387878417969,170.08999633789062,116.93807220458984,161.62815856933594,105.54862976074219,258.52197265625,69.2838363647461,17.078580856323242,129.14642333984375,80.66302490234375,460.0765380859375,171.5123748779297,78.96978759765625,338.84429931640625,184.50706481933594,46.3936653137207,75.49376678466797
2022-06-27,138.7526092529297,113.22000122070312,64.41593933105469,458.718017578125,93.66950225830078,169.89999389648438,114.81539916992188,161.47743225097656,104.70294952392578,255.8083038330078,69.16839599609375,16.82229232788086,128.16229248046875,80.6067123413086,469.3775329589844,171.77577209472656,78.85106658935547,337.5735778808594,183.9398956298828,46.340614318847656,77.34418487548828
2022-06-28,134.61920166015625,107.4000015258789,64.45051574707031,446.20623779296875,93.00050354003906,169.6199951171875,111.02304077148438,156.8845672607422,104.19912719726562,247.6866455078125,67.8807601928711,15.937752723693848,126.07769012451172,79.17970275878906,471.9580383300781,169.04751586914062,77.89276885986328,330.2790222167969,180.14938354492188,46.101829528808594,79.48997497558594
2022-06-29,136.3724365234375,108.91999816894531,64.8224868774414,447.3774108886719,92.73872375488281,169.49000549316406,110.7197265625,156.92889404296875,103.73131561279297,251.3370361328125,67.49002838134766,15.498970031738281,127.22285461425781,78.53190612792969,478.70648193359375,167.3541259765625,77.40938568115234,330.4416809082031,179.846923828125,45.80998992919922,76.55364990234375
2022-06-30,133.91397094726562,106.20999908447266,65.0992660522461,456.36614990234375,91.52677154541016,168.4600067138672,108.00528717041016,157.38992309570312,101.31121063232422,248.02462768554688,68.78654479980469,15.11703109741211,128.64541625976562,76.7481460571289,476.7756652832031,165.67953491210938,77.2652359008789,327.8331604003906,178.296630859375,45.6419677734375,74.39913940429688
2022-07-01,136.07859802246094,109.55999755859375,65.61845397949219,462.5363464355469,93.21380615234375,168.32000732421875,107.78177642822266,159.17214965820312,102.60672760009766,250.68032836914062,71.53942108154297,14.482789993286133,130.7210693359375,72.28878784179688,480.2751770019531,168.02207946777344,78.65601348876953,331.1976623535156,180.17776489257812,45.62428665161133,76.05846405029297
2022-07-05,138.65463256835938,113.5,65.73109436035156,464.9168395996094,94.22216033935547,164.75,112.26749420166016,157.9485626220703,102.21644592285156,253.8382568359375,70.25177764892578,14.922569274902344,129.45956420898438,71.4532470703125,468.9876708984375,168.6241912841797,78.43553161621094,331.7835998535156,180.82054138183594,44.78413391113281,73.67807006835938
2022-07-06,139.98672485351562,114.33000183105469,65.3324203491211,469.0969543457031,93.1556396484375,162.13999938964844,113.56497955322266,158.0904083251953,101.55387115478516,257.0830993652344,70.66028594970703,15.088111877441406,130.66738891601562,70.93690490722656,478.3165588378906,167.4764404296875,78.29135131835938,332.98388671875,181.17974853515625,44.70453643798828,72.3488998413086
2022-07-07,143.3463134765625,116.33000183105469,65.15040588378906,471.2869567871094,94.46453857421875,162.22999572753906,117.73898315429688,158.26776123046875,104.1224594116211,259.1979675292969,71.37959289550781,15.814095497131348,130.6226348876953,75.7154541015625,477.4719543457031,171.3900604248047,78.50337219238281,337.8699951171875,184.1667938232422,45.48278045654297,74.65977478027344
2022-07-08,144.02220153808594,115.54000091552734,64.93373107910156,477.5618896484375,92.94232940673828,162.3000030517578,118.30447387695312,158.0726776123047,103.79570770263672,258.48333740234375,71.26412200927734,15.794153213500977,129.7458953857422,76.52285766601562,481.4170227050781,170.77854919433594,78.08783721923828,337.671630859375,183.97769165039062,45.518157958984375,74.7813949584961
2022-07-11,141.89669799804688,111.75,65.17640686035156,475.0481872558594,90.7898941040039,161.42999267578125,114.6597900390625,158.13475036621094,102.43426513671875,255.44129943847656,71.64599609375,15.110052108764648,130.658447265625,74.2696762084961,479.8574523925781,168.0972900390625,77.91822052001953,333.85333251953125,181.65237426757812,44.6337890625,74.39913940429688
2022-07-12,142.86639404296875,109.22000122070312,65.28909301757812,467.11639404296875,90.75110626220703,160.8300018310547,113.0183334350586,155.91810607910156,102.53410339355469,244.97296142578125,70.99772644042969,15.040244102478027,129.50430297851562,74.26030731201172,477.5089416503906,167.55172729492188,77.61293029785156,330.77239990234375,180.08323669433594,44.57188415527344,73.40877532958984
2022-07-13,142.50396728515625,110.4000015258789,65.4970932006836,468.6874694824219,90.11119842529297,161.60000610351562,110.3747787475586,155.55458068847656,101.57203674316406,244.05555725097656,71.27301788330078,15.122015953063965,130.35423278808594,76.3163070678711,465.2746887207031,167.20359802246094,77.23979187011719,329.2319030761719,179.2986297607422,44.518821716308594,73.70413970947266
2022-07-14,145.4228057861328,110.62999725341797,65.28909301757812,487.4646301269531,89.044677734375,159.3300018310547,109.39744567871094,155.7673797607422,98.02323150634766,245.3689727783203,71.15756225585938,15.329442977905273,129.9695281982422,78.55069732666016,466.3793029785156,165.32205200195312,76.54439544677734,328.36236572265625,178.50462341308594,43.91746139526367,72.227294921875
2022-07-15,147.08790588378906,113.55000305175781,65.52308654785156,497.9483337402344,92.30242156982422,159.00999450683594,110.79505157470703,158.0283203125,102.51598358154297,247.9184112548828,69.89656829833984,15.718362808227539,129.79058837890625,80.39076232910156,491.73907470703125,168.55828857421875,77.84190368652344,334.5716247558594,181.97377014160156,44.465755462646484,73.44352722167969
2022-07-18,144.0515594482422,113.76000213623047,65.3237533569336,491.61627197265625,92.78718566894531,159.16000366210938,108.07170104980469,154.48175048828125,101.46311950683594,245.5330810546875,68.83096313476562,16.05642318725586,128.21595764160156,78.46620178222656,482.1037902832031,168.37013244628906,77.2906723022461,331.8024597167969,180.716552734375,44.748756408691406,74.79876708984375
2022-07-19,147.90090942382812,118.20999908447266,65.271728515625,495.3582458496094,96.57818603515625,159.5399932861328,112.8096923828125,152.22962951660156,103.97722625732422,250.632080078125,70.0919418334961,16.94495391845703,128.8690643310547,80.87895965576172,495.1735534667969,174.00540161132812,79.29205322265625,340.80926513671875,185.76431274414062,45.80998992919922,76.68392944335938
2022-07-20,149.8990478515625,122.7699966430664,65.21109008789062,499.1385498046875,100.204345703125,158.0399932861328,112.8989028930664,151.3607177734375,103.9591064453125,253.27813720703125,69.55024719238281,17.757699966430664,126.64134979248047,81.26388549804688,482.19659423828125,176.5548858642578,79.10546875,342.992431640625,187.2672882080078,45.56237030029297,77.52662658691406
2022-07-21,152.16159057617188,124.62999725341797,65.74845123291016,504.14715576171875,101.00909423828125,160.27000427246094,113.33502960205078,151.89271545410156,104.66700744628906,255.76002502441406,70.03866577148438,18.000022888183594,126.7611083984375,82.41860961914062,484.9721374511719,177.70263671875,79.7330322265625,346.46087646484375,189.12001037597656,46.07530212402344,76.232177734375
2022-07-22,150.92745971679688,122.41999816894531,66.28575897216797,504.3946533203125,99.5935287475586,160.6699981689453,106.9516372680664,152.61090087890625,104.15877532958984,251.43357849121094,71.26412200927734,17.271053314208984,128.78717041015625,81.0385513305664,483.9973449707031,175.49180603027344,80.14857482910156,343.30426025390625,187.0687713623047,45.84537124633789,75.65013122558594
2022-07-25,149.81085205078125,121.13999938964844,66.04307556152344,503.8424072265625,99.56444549560547,160.22999572753906,106.5650634765625,152.91233825683594,104.57627868652344,249.9560089111328,71.91239929199219,16.976869583129883,129.66064453125,81.019775390625,491.4791564941406,176.2820587158203,80.28424072265625,343.6445007324219,187.323974609375,46.154903411865234,78.16949462890625
2022-07-26,148.4885711669922,114.80999755859375,66.06047058105469,487.45513916015625,96.7430191040039,160.0399932861328,104.09695434570312,153.9940948486328,102.94255065917969,243.26364135742188,70.96221160888672,16.487228393554688,129.91282653808594,79.25479125976562,493.4469299316406,174.78622436523438,80.36906433105469,339.52398681640625,185.00808715820312,45.61542892456055,77.86542510986328
2022-07-27,153.57203674316406,120.97000122070312,66.2424545288086,497.33892822265625,100.34979248046875,161.6699981689453,112.0662841796875,153.56849670410156,104.59443664550781,259.5263366699219,71.37959289550781,17.740745544433594,131.1464385986328,82.26840209960938,496.2503356933594,178.48345947265625,80.85244750976562,348.4171447753906,189.86676025390625,46.588226318359375,79.55078125
2022-07-28,154.12057495117188,122.27999877929688,66.70182037353516,511.427001953125,101.70718383789062,163.63999938964844,113.2160873413086,154.4551239013672,104.20414733886719,266.933349609375,75.07377624511719,17.934206008911133,133.3256378173828,83.18844604492188,502.63665771484375,181.41867065429688,83.472900390625,352.8213806152344,192.34336853027344,46.8712272644043,80.4803466796875
2022-07-29,159.17466735839844,134.9499969482422,66.64983367919922,516.310791015625,102.87065124511719,164.10000610351562,115.2976303100586,154.73886108398438,104.70333099365234,271.1148681640625,75.02936553955078,18.112716674804688,125.08621215820312,83.06640625,503.4256591796875,183.25315856933594,83.92236328125,357.99102783203125,194.96177673339844,47.304569244384766,84.2072525024414
2022-08-01,158.19522094726562,135.38999938964844,66.93900299072266,521.5663452148438,102.98699951171875,165.02999877929688,113.8504638671875,154.19798278808594,103.65957641601562,268.478515625,75.75755310058594,18.38994789123535,128.67913818359375,81.02915954589844,496.965087890625,183.14027404785156,83.24393463134766,356.91363525390625,194.50802612304688,47.171913146972656,82.07884979248047
2022-08-02,156.72598266601562,134.16000366210938,66.2616195678711,518.3710327148438,101.52296447753906,164.0500030517578,114.11808776855469,153.3202362060547,102.04398345947266,265.3978271484375,76.07723999023438,18.474706649780273,127.82366943359375,80.78506469726562,497.03936767578125,182.14309692382812,82.17538452148438,354.6075134277344,193.4587860107422,46.588226318359375,81.7226333618164
2022-08-03,162.72036743164062,139.52000427246094,66.59160614013672,521.757080078125,105.70177459716797,164.4499969482422,117.04216766357422,154.80091857910156,103.11499786376953,272.7855224609375,76.77880096435547,18.84069061279297,130.46206665039062,81.21692657470703,501.8568420410156,184.40093994140625,82.43829345703125,360.1458435058594,196.5687255859375,46.888916015625,79.072998046875
2022-08-04,162.40695190429688,142.57000732421875,66.75662994384766,518.1993408203125,104.82917022705078,167.1699981689453,117.15119934082031,152.31829833984375,101.98046112060547,273.9251403808594,78.12859344482422,19.161800384521484,130.25494384765625,83.01007080078125,495.4519348144531,183.70472717285156,82.31108093261719,359.8623046875,196.37965393066406,47.136539459228516,75.74568939208984
2022-08-05,162.1813507080078,140.8000030517578,66.0010986328125,515.7097778320312,103.384521484375,165.2899932861328,116.4375228881836,151.71539306640625,105.06639099121094,273.21044921875,78.12859344482422,18.93642807006836,130.31800842285156,84.2774658203125,496.66796875,185.0030059814453,82.5400619506836,359.11566162109375,196.31349182128906,46.90660095214844,76.84030151367188
2022-08-08,161.71054077148438,139.41000366210938,66.29635620117188,516.8829956054688,105.7890396118164,166.69000244140625,116.2690200805664,150.90853881835938,103.78663635253906,270.70928955078125,77.7200927734375,17.743736267089844,130.8132781982422,82.5594482421875,498.09747314453125,186.5552978515625,83.27784729003906,358.7942810058594,196.49310302734375,47.048095703125,77.2746810913086
2022-08-09,161.7595977783203,137.8300018310547,66.14871978759766,511.0835876464844,104.83885955810547,167.1999969482422,115.60490417480469,150.8907928466797,104.72148895263672,272.62139892578125,78.96333312988281,17.038694381713867,130.50711059570312,79.99646759033203,498.71014404296875,184.25979614257812,83.73577880859375,357.3767395019531,195.25479125976562,46.80047607421875,78.69941711425781
2022-08-10,165.99681091308594,142.69000244140625,66.33109283447266,514.8989868164062,109.00799560546875,166.77999877929688,118.64791870117188,151.3252716064453,107.45343017578125,279.2462158203125,79.72703552246094,18.046894073486328,131.7407684326172,83.24475860595703,499.1370849609375,189.27413940429688,85.00786590576172,364.8618469238281,199.70703125,47.77328109741211,79.44654083251953
2022-08-11,165.2611541748047,140.63999938964844,65.95764923095703,507.630859375,114.1078872680664,166.33999633789062,117.79547882080078,148.1953582763672,109.0417709350586,277.1795654296875,79.41622924804688,17.8923282623291,130.8042755126953,84.04276275634766,494.6260070800781,189.99851989746094,84.8043212890625,364.8618469238281,199.7164764404297,47.844024658203125,81.74476623535156
2022-08-12,168.80203247070312,143.5500030517578,66.2616195678711,512.40966796875,117.86979675292969,167.8699951171875,120.61051177978516,146.5638885498047,110.8479232788086,281.90191650390625,80.33976745605469,18.657201766967773,132.0739288330078,85.30078125,504.6881408691406,193.31947326660156,86.2629623413086,371.10888671875,203.1761474609375,48.22429656982422,82.45527648925781
2022-08-15,169.87110900878906,143.17999267578125,66.33109283447266,520.5552368164062,120.47792053222656,165.7100067138672,121.00701141357422,147.2643585205078,111.14744567871094,283.4084777832031,80.8104248046875,18.979307174682617,133.77586364746094,85.96733093261719,505.5606994628906,193.62994384765625,86.61064910888672,372.69659423828125,203.97015380859375,47.95014572143555,80.98162078857422
2022-08-16,169.71417236328125,144.77999877929688,66.24425506591797,527.4895629882812,121.1566162109375,165.4199981689453,120.63034057617188,148.5766143798828,112.20935821533203,282.6744689941406,80.3930435180664,18.82672882080078,135.00950622558594,84.44645690917969,506.9344787597656,194.38255310058594,86.38169860839844,373.3487548828125,204.405029296875,47.976688385009766,80.22722625732422
2022-08-17,171.2050323486328,142.10000610351562,65.85348510742188,530.6372680664062,119.0720443725586,164.35000610351562,118.4992446899414,148.58551025390625,111.26544189453125,281.9293212890625,80.10000610351562,18.284236907958984,134.38819885253906,83.74234008789062,505.8948059082031,191.3626708984375,85.86438751220703,370.7969970703125,202.57119750976562,47.640625,80.87635040283203
2022-08-18,170.8126983642578,142.3000030517578,65.97505187988281,535.06298828125,118.93631744384766,163.9199981689453,119.11380004882812,147.86732482910156,110.40321350097656,280.81634521484375,80.13553619384766,18.721025466918945,134.8654327392578,83.80806732177734,506.09906005859375,192.5386199951172,85.29620361328125,371.9405212402344,203.1005096435547,47.45490264892578,82.78860473632812
2022-08-19,168.2331085205078,138.22999572753906,65.55819702148438,528.929931640625,116.48332214355469,162.72000122070312,116.17980194091797,150.11940002441406,107.67125701904297,276.92596435546875,79.66487884521484,17.79958152770996,134.8294219970703,81.86471557617188,508.9765625,188.77549743652344,84.39726257324219,366.8086853027344,200.1985321044922,46.81816101074219,82.52544403076172
2022-08-22,164.35882568359375,133.22000122070312,65.26293182373047,520.2882080078125,112.41116333007812,161.63999938964844,113.23592376708984,149.5927734375,105.8923110961914,268.79669189453125,78.62586975097656,16.98684310913086,134.46923828125,80.0246353149414,505.4955749511719,184.8618927001953,82.55702209472656,359.0777893066406,195.91647338867188,46.14605712890625,82.46406555175781
2022-08-23,164.0253143310547,133.6199951171875,65.2368392944336,517.0452270507812,111.36402893066406,162.77000427246094,112.85926055908203,148.28956604003906,104.84857940673828,267.5289611816406,78.12859344482422,17.133434295654297,131.8758544921875,80.76629638671875,497.3548583984375,184.91836547851562,81.49695587158203,358.2273254394531,195.54783630371094,46.269859313964844,85.96403503417969
2022-08-24,164.3195343017578,133.8000030517578,65.0718765258789,518.1419677734375,112.86685180664062,163.25,112.69075012207031,147.7986297607422,105.10267639160156,266.8999328613281,78.77684783935547,17.17431640625,131.3085479736328,80.32504272460938,497.96759033203125,186.2448272705078,81.96338653564453,359.3141174316406,196.37022399902344,46.358299255371094,86.47278594970703
2022-08-25,166.7716522216797,137.27999877929688,65.42791748046875,525.343505859375,113.88489532470703,163.75,115.6247329711914,149.1821746826172,107.59866333007812,269.8612365722656,79.38069915771484,17.8634033203125,131.20046997070312,82.21208953857422,502.71087646484375,189.26470947265625,83.18457794189453,364.5498962402344,199.2154541015625,46.968509674072266,86.92015075683594
2022-08-26,160.48448181152344,130.75,65.29766082763672,507.268310546875,110.59806823730469,161.75999450683594,109.37018585205078,146.62928771972656,104.07706451416016,259.44818115234375,78.19962310791016,16.214984893798828,128.1298370361328,79.55522155761719,491.27496337890625,183.28140258789062,81.08989715576172,352.05584716796875,192.61749267578125,45.898433685302734,85.84998321533203
2022-08-29,158.28746032714844,129.7899932861328,65.00238800048828,506.54345703125,110.07450866699219,161.86000061035156,108.4582748413086,145.49566650390625,103.82294464111328,256.68035888671875,77.65083312988281,15.757253646850586,127.58956146240234,77.7808609008789,491.7575988769531,182.01138305664062,80.36058807373047,349.7309265136719,191.2090606689453,45.76578140258789,87.8236312866211
2022-08-30,155.86476135253906,128.72999572753906,65.05445861816406,499.9429016113281,109.00799560546875,160.50999450683594,107.98249053955078,144.98690795898438,103.84109497070312,254.49317932128906,76.47296142578125,15.425176620483398,126.22978210449219,77.72454071044922,485.3248596191406,179.5747833251953,79.24964904785156,345.9316101074219,189.0821990966797,45.35896301269531,84.48158264160156
2022-08-31,154.2071533203125,126.7699966430664,64.7852783203125,497.9969482421875,108.66864013671875,159.27000427246094,107.26882934570312,144.013916015625,103.22389221191406,253.04148864746094,75.90186309814453,15.05221176147461,124.21273803710938,78.25025939941406,482.06671142578125,178.47406005859375,78.87650299072266,343.209716796875,187.69264221191406,45.182098388671875,83.85000610351562
2022-09-01,154.93295288085938,127.81999969482422,64.43370056152344,504.74066162109375,109.10493469238281,157.8699951171875,108.77546691894531,147.5843963623047,103.93186950683594,252.0060272216797,76.97266387939453,13.898414611816406,125.7435302734375,76.64490509033203,486.4017333984375,176.81829833984375,79.02068328857422,344.2682800292969,187.80604553222656,44.68685531616211,82.34125518798828
2022-09-02,152.8241729736328,127.51000213623047,64.59904479980469,495.14501953125,107.81542205810547,159.25999450683594,106.9020767211914,145.2635955810547,103.20575714111328,247.805908203125,75.94650268554688,13.609214782714844,123.5103530883789,75.95018005371094,479.300537109375,175.783447265625,77.91822052001953,340.65802001953125,185.9439239501953,44.41270065307617,83.85000610351562
2022-09-06,151.5686798095703,126.11000061035156,64.01595306396484,494.9447937011719,106.73920440673828,158.3300018310547,105.87122344970703,145.65634155273438,103.23299407958984,245.0864715576172,77.96317291259766,13.427721977233887,122.13261413574219,75.1333999633789,480.53515625,174.5227813720703,78.6220932006836,339.5145263671875,185.18771362304688,44.129703521728516,83.2885971069336
2022-09-07,152.9713134765625,129.47999572753906,64.47720336914062,505.18890380859375,109.26007843017578,159.94000244140625,108.48800659179688,146.45077514648438,105.19345092773438,249.7704620361328,80.5241470336914,13.680094718933105,123.9786148071289,75.05830383300781,484.2480773925781,178.5587158203125,80.15705108642578,345.60089111328125,188.60952758789062,44.509979248046875,82.57809448242188
2022-09-08,151.50006103515625,129.82000732421875,64.27704620361328,504.69293212890625,108.9110336303711,158.97999572753906,107.42742156982422,147.62901306152344,107.64402770996094,250.1866455078125,80.5509262084961,13.955410957336426,124.14069366455078,75.33055114746094,489.6597900390625,180.40261840820312,80.37754821777344,347.8596496582031,190.1031036376953,44.527671813964844,83.25352478027344
2022-09-09,154.35426330566406,133.27000427246094,64.25093841552734,511.80859375,111.6742935180664,159.82000732421875,109.67745971679688,147.9146728515625,108.16136932373047,255.93511962890625,80.22077178955078,14.351432800292969,126.0317153930664,76.5416259765625,488.2443542480469,183.78001403808594,81.25102996826172,353.2276916503906,193.26031494140625,45.49162292480469,84.64823150634766
2022-09-12,160.29815673828125,136.4499969482422,64.17259979248047,514.6128540039062,112.84745025634766,160.6300048828125,109.8856201171875,147.8521728515625,109.44112396240234,258.0544738769531,81.03277587890625,14.46914005279541,127.05825805664062,77.12370300292969,494.6787109375,185.88734436035156,82.03971862792969,357.1120300292969,195.33987426757812,46.09298324584961,85.62191772460938
2022-09-13,150.8918914794922,126.81999969482422,63.85062789916992,486.74176025390625,108.35838317871094,158.5399932861328,103.40310668945312,144.0050048828125,105.63819122314453,243.86709594726562,79.2927474975586,13.09853458404541,124.4288330078125,73.98805236816406,478.5790100097656,178.67161560058594,78.90194702148438,341.5369873046875,186.94590759277344,44.54535675048828,83.62193298339844
2022-09-14,152.33372497558594,128.5500030517578,63.92894744873047,484.5480041503906,109.07585906982422,157.92999267578125,104.07713317871094,146.97743225097656,105.39311981201172,244.0897216796875,79.31057739257812,13.095547676086426,124.72601318359375,74.78604888916016,474.67742919921875,178.89739990234375,78.00303649902344,342.8128662109375,187.67373657226562,44.76645278930664,85.6745376586914
2022-09-15,149.45004272460938,126.27999877929688,63.73748779296875,480.2557373046875,107.39850616455078,154.97999572753906,102.00550842285156,147.35232543945312,106.98147583007812,237.47019958496094,76.74958801269531,12.897035598754883,123.76248931884766,73.62289428710938,486.912841796875,177.7967071533203,76.56134796142578,338.9852600097656,185.66976928710938,44.32426834106445,83.18335723876953
2022-09-16,147.81211853027344,123.52999877929688,63.667877197265625,480.8662109375,104.95520782470703,155.83999633789062,101.89647674560547,149.60169982910156,106.26445770263672,236.850830078125,75.66093444824219,13.165369987487793,124.51890563964844,73.53791046142578,485.1529846191406,174.95559692382812,76.56982421875,336.3200988769531,183.97769165039062,43.98820495605469,81.76229095458984
2022-09-19,151.51963806152344,124.66000366210938,63.624359130859375,483.1839599609375,105.84721374511719,155.9600067138672,102.1640853881836,148.42343139648438,107.24469757080078,236.6378936767578,77.4902114868164,13.348917007446289,124.25776672363281,73.8589096069336,487.5087890625,176.75245666503906,76.4595947265625,338.9001159667969,185.28219604492188,44.20165252685547,81.75353240966797
2022-09-20,153.8932647705078,122.19000244140625,63.31106948852539,476.4594421386719,104.29590606689453,155.07000732421875,100.25105285644531,147.25413513183594,105.1299057006836,234.63461303710938,76.46403503417969,13.14342212677002,123.81651306152344,73.78337860107422,486.8103942871094,173.81724548339844,74.60236358642578,335.0820007324219,183.12698364257812,43.579097747802734,81.08687591552734
2022-09-21,150.7742462158203,118.54000091552734,63.48512268066406,470.3072509765625,101.30965423583984,155.7899932861328,98.40739440917969,145.74562072753906,102.09846496582031,231.24742126464844,74.9292221069336,13.2282133102417,122.2226791381836,72.82982635498047,476.8283996582031,171.220703125,73.423583984375,329.18463134765625,179.99813842773438,42.9565315246582,79.77986907958984
2022-09-22,149.81298828125,117.30999755859375,62.8324089050293,464.6796569824219,99.05058288574219,155.6999969482422,99.25983428955078,148.3341522216797,100.93670654296875,233.21200561523438,74.54551696777344,12.52994441986084,122.65489959716797,71.4041748046875,481.8380126953125,167.26004028320312,72.49075317382812,326.406005859375,177.98471069335938,42.82312774658203,79.44654846191406
2022-09-23,147.54725646972656,113.77999877929688,62.65836715698242,444.86846923828125,96.4715347290039,153.00999450683594,97.87214660644531,148.81619262695312,99.05792236328125,230.2506561279297,73.63534545898438,12.485057830810547,122.08758544921875,69.74253845214844,478.2530517578125,163.6197509765625,71.52721405029297,320.98126220703125,174.91476440429688,41.524654388427734,75.21852111816406
2022-09-26,147.88076782226562,115.1500015258789,61.85774230957031,458.12677001953125,95.13355255126953,151.22999572753906,97.3071517944336,147.90570068359375,96.92501068115234,229.79580688476562,72.412841796875,12.197770118713379,122.20463562011719,68.93058776855469,473.3644104003906,160.95680236816406,69.52130126953125,317.87188720703125,172.99722290039062,40.884315490722656,73.66588592529297
2022-09-27,148.85179138183594,114.41000366210938,61.587955474853516,456.21905517578125,92.93263244628906,151.5399932861328,96.64305114746094,147.22735595703125,96.07182312011719,228.789306640625,72.35037994384766,12.382311820983887,118.84584045410156,68.949462890625,473.3737487792969,161.35340881347656,68.5954818725586,316.97412109375,172.7408905029297,40.68864059448242,75.2097396850586
2022-09-28,146.9685516357422,118.01000213623047,62.54523468017578,465.7479248046875,96.37458038330078,154.69000244140625,99.17063903808594,148.49484252929688,98.0141372680664,233.29910278320312,73.50147247314453,12.704512596130371,118.84584045410156,68.09974670410156,478.5604248046875,166.0371551513672,70.01847076416016,323.2002258300781,176.37664794921875,41.47129821777344,77.94656372070312
2022-09-29,139.7496337890625,114.80000305175781,62.223270416259766,456.86767578125,94.48394012451172,154.66000366210938,96.56375122070312,146.86138916015625,96.35320281982422,229.84420776367188,71.35990905761719,12.189790725708008,115.89225769042969,65.40898132324219,473.8020935058594,162.43934631347656,67.96114349365234,316.46051025390625,172.71241760253906,40.83094024658203,77.78866577148438
2022-09-30,135.55165100097656,113.0,62.07533645629883,450.46746826171875,91.45890045166016,154.6699981689453,94.80931091308594,145.81703186035156,94.84654998779297,225.39248657226562,69.96784973144531,12.108989715576172,113.6860580444336,64.72924041748047,470.2730407714844,161.3911895751953,68.72408294677734,311.6383361816406,170.36770629882812,40.70642852783203,76.58695220947266
2022-10-03,139.72018432617188,115.87999725341797,62.595115661621094,455.67535400390625,94.17366027832031,158.42999267578125,97.77302551269531,145.67416381835938,97.77816772460938,232.97972106933594,72.44855499267578,12.48106575012207,115.72115325927734,65.38066101074219,480.0222473144531,165.96163940429688,69.94991302490234,319.8778381347656,174.69639587402344,41.56912612915039,80.63075256347656
2022-10-04,143.30023193359375,121.08999633789062,62.75206756591797,463.6876525878906,98.35249328613281,160.6999969482422,100.74665069580078,147.83433532714844,102.35260009765625,240.8573760986328,73.9030532836914,13.134449005126953,117.1529541015625,68.74176788330078,487.1549987792969,172.7228546142578,71.36434173583984,329.5885925292969,180.3066864013672,43.045475006103516,83.5693130493164
2022-10-05,143.59446716308594,120.94999694824219,62.420654296875,458.1458740234375,97.7319564819336,159.80999755859375,100.53849792480469,147.3791046142578,101.08885955810547,241.1670379638672,72.96607208251953,13.176344871520996,116.34249877929688,70.31844329833984,490.7864685058594,171.75965881347656,69.96705627441406,329.01910400390625,179.9649200439453,42.66304016113281,86.94647979736328
2022-10-06,142.64309692382812,120.30000305175781,62.1851806640625,460.2156982421875,96.99510192871094,159.6300048828125,100.5285873413086,144.52273559570312,99.02845764160156,238.83470153808594,70.41400909423828,13.09753704071045,113.8931884765625,70.1957015991211,483.3930969238281,170.5226287841797,68.02114868164062,325.5543212890625,178.24673461914062,42.07605743408203,89.52537536621094
2022-10-07,137.40536499023438,114.55999755859375,61.86250686645508,446.53765869140625,94.20276641845703,157.8800048828125,97.81267547607422,142.9963836669922,97.0504379272461,226.68927001953125,68.46873474121094,12.04614543914795,111.90311431884766,65.85273742675781,470.0960388183594,165.9143829345703,66.38383483886719,316.4130859375,173.14907836914062,41.34678268432617,88.62190246582031
2022-10-10,137.7290802001953,113.66999816894531,61.58340072631836,444.7826232910156,92.26363372802734,155.47999572753906,96.9998779296875,143.18382263183594,96.14384460449219,221.86012268066406,68.4776382446289,11.641148567199707,111.4438705444336,63.67179489135742,464.5184631347656,164.8568115234375,65.75806427001953,314.0494079589844,171.7726287841797,41.026607513427734,86.70085144042969
2022-10-11,136.31663513183594,112.20999908447266,61.60083770751953,450.22906494140625,90.2663345336914,155.16000366210938,96.32585906982422,145.25466918945312,93.36915588378906,218.14389038085938,67.8440933227539,11.557355880737305,111.86711120605469,59.90473556518555,465.40301513671875,164.78125,66.42670440673828,311.9800109863281,170.67144775390625,40.484092712402344,85.96403503417969
2022-10-12,135.68893432617188,112.9000015258789,61.670650482177734,444.8493347167969,90.56690216064453,155.99000549316406,96.7025146484375,145.21896362304688,94.880126953125,218.47293090820312,64.91724395751953,11.471569061279297,112.04719543457031,60.52786636352539,465.5426940917969,163.92193603515625,65.73234558105469,311.0118103027344,170.206298828125,40.421836853027344,86.34120178222656
2022-10-13,140.24984741210938,112.52999877929688,61.452571868896484,446.3850402832031,93.6985855102539,154.91000366210938,98.1893310546875,147.41477966308594,100.15481567382812,226.68927001953125,65.22063446044922,11.930431365966797,113.74010467529297,62.89763259887695,474.80780029296875,167.42530822753906,66.9324722290039,319.15643310546875,174.43063354492188,41.07107162475586,89.35872650146484
2022-10-14,135.72816467285156,106.9000015258789,61.156044006347656,433.66094970703125,91.57524108886719,152.97999572753906,95.71129608154297,146.79888916015625,101.82144927978516,221.19236755371094,64.04276275634766,11.199243545532227,112.63249969482422,60.34847640991211,477.80609130859375,163.19482421875,65.26943969726562,311.97052001953125,170.32025146484375,40.421836853027344,87.00786590576172
2022-10-17,139.68099975585938,113.79000091552734,61.28688049316406,442.74139404296875,94.36758422851562,153.4199981689453,99.09133911132812,148.7001495361328,106.09798431396484,229.87322998046875,65.72034454345703,11.858607292175293,114.66758728027344,61.264286041259766,485.9538269042969,167.746337890625,67.72969818115234,319.8968200683594,174.8673095703125,41.46239471435547,88.26224517822266
2022-10-18,140.9952850341797,116.36000061035156,61.42642593383789,451.4213562011719,95.48258209228516,153.75,99.8843002319336,148.1824493408203,108.82688903808594,230.81195068359375,66.97854614257812,11.937413215637207,115.5950927734375,60.15021896362305,486.2611083984375,170.3242950439453,68.46690368652344,323.66534423828125,177.00315856933594,41.675838470458984,88.4201431274414
2022-10-19,141.10316467285156,115.06999969482422,60.92055892944336,449.6662292480469,95.97706604003906,151.69000244140625,98.75431823730469,147.00418090820312,106.6932144165039,228.8570556640625,65.71141815185547,12.02120590209961,116.66668701171875,60.103004455566406,484.50115966796875,167.0664520263672,66.76102447509766,321.4250793457031,175.49383544921875,41.0799674987793,91.04290771484375
2022-10-20,140.6421661376953,115.25,60.5106315612793,443.17059326171875,95.58922576904297,151.4499969482422,99.09133911132812,147.3791046142578,106.3452377319336,228.53768920898438,63.034420013427734,12.16385269165039,115.16399383544922,60.02748489379883,485.0226135253906,164.90402221679688,66.46956634521484,318.7861328125,173.97494506835938,41.12444305419922,91.16572570800781
2022-10-21,144.4477996826172,119.31999969482422,60.61531066894531,456.1046142578125,98.9342269897461,154.14999389648438,100.24113464355469,150.592529296875,111.93126678466797,234.31527709960938,63.93568420410156,12.4351806640625,116.60591125488281,60.18797302246094,496.98785400390625,168.19960021972656,66.99248504638672,326.4466247558594,177.98092651367188,41.83592987060547,92.85868072509766
2022-10-24,146.58602905273438,119.81999969482422,60.528079986572266,474.0272216796875,98.62395477294922,153.64999389648438,101.6189193725586,152.61871337890625,112.0686264038086,239.27987670898438,65.39019012451172,12.567852973937988,117.32235717773438,57.86542892456055,504.31622314453125,169.06838989257812,66.98390197753906,330.4239196777344,179.89846801757812,41.37345886230469,93.50780487060547
2022-10-25,149.420654296875,120.5999984741211,61.103702545166016,476.020751953125,101.1836166381836,154.0,103.56169128417969,152.37767028808594,112.36166381835938,242.57998657226562,67.69241333007812,13.2282133102417,118.67359161376953,57.72380828857422,503.0312805175781,173.58216857910156,69.61559295654297,335.7967834472656,183.15451049804688,42.084957122802734,92.876220703125
2022-10-26,146.48797607421875,115.66000366210938,61.34792709350586,476.3927001953125,101.44539642333984,154.97999572753906,94.09563446044922,153.71665954589844,113.65284729003906,223.86343383789062,67.46040344238281,12.864117622375488,119.5079116821289,57.440574645996094,505.7781677246094,174.00711059570312,69.57273864746094,333.2907409667969,182.02487182617188,42.574100494384766,93.9814682006836
2022-10-27,142.025146484375,110.95999908447266,61.670650482177734,474.4720458984375,101.26118469238281,154.74000549316406,91.40946197509766,153.80587768554688,114.1015625,219.44070434570312,67.3443832397461,13.14342212677002,119.59861755371094,57.54442596435547,504.50244140625,174.29981994628906,69.67559814453125,331.5060729980469,181.1705322265625,42.24503707885742,94.34113311767578
2022-10-28,152.75552368164062,103.41000366210938,61.548526763916016,488.1650695800781,102.72521209716797,153.16000366210938,95.44367980957031,156.09097290039062,115.45686340332031,228.2667236328125,70.5210952758789,13.799798011779785,122.6275634765625,58.54520034790039,513.292724609375,177.47268676757812,71.21003723144531,339.242431640625,185.38531494140625,42.44960021972656,97.10426330566406
2022-10-31,150.40150451660156,102.44000244140625,61.35664749145508,479.2115783691406,103.2972640991211,151.91000366210938,93.67932891845703,155.28762817382812,115.27372741699219,224.64730834960938,69.15582275390625,13.463631629943848,122.1288070678711,58.11090850830078,516.9335327148438,177.37826538085938,71.13288879394531,336.93585205078125,184.18923950195312,42.093849182128906,97.20073699951172
2022-11-01,147.7630157470703,96.79000091552734,61.42046356201172,477.7399597167969,102.77369689941406,153.4600067138672,89.6748275756836,154.50213623046875,117.35245513916016,220.81492614746094,69.34323120117188,13.50951862335205,122.31922912597656,58.13922882080078,509.633056640625,177.98263549804688,71.10716247558594,335.5783996582031,183.61965942382812,42.55632019042969,98.1656494140625
2022-11-02,142.25074768066406,92.12000274658203,61.324310302734375,462.0211181640625,98.72091674804688,152.38999938964844,86.20560455322266,152.12777709960938,116.27188873291016,213.0050811767578,68.95951080322266,13.186318397521973,120.55987548828125,57.13846206665039,506.0202331542969,172.32623291015625,69.1526870727539,327.0160827636719,178.7877960205078,42.022705078125,96.14812469482422
2022-11-03,136.21859741210938,89.30000305175781,61.08824920654297,464.6775817871094,96.22913360595703,151.80999755859375,82.69670867919922,152.38662719726562,116.48250579833984,207.34364318847656,69.76260375976562,13.38782024383545,119.7346420288086,56.911861419677734,506.18780517578125,171.56134033203125,69.05838012695312,323.5324401855469,177.0791015625,41.87150955200195,97.45513153076172
2022-11-04,135.95333862304688,90.9800033569336,61.105743408203125,464.792236328125,96.5490951538086,156.47000122070312,85.81902313232422,153.0650634765625,119.66927337646484,214.2534942626953,70.31586456298828,14.121002197265625,121.92022705078125,58.98893737792969,501.1223449707031,173.4877471923828,70.00135040283203,328.2691955566406,179.35740661621094,43.472373962402344,98.51651763916016
2022-11-07,136.4838409423828,90.52999877929688,60.86971664428711,466.8370666503906,97.37323760986328,155.85000610351562,87.71222686767578,154.40396118164062,120.3011474609375,220.5246124267578,68.96844482421875,14.265645027160645,123.7883529663086,59.2532958984375,507.5009460449219,174.83807373046875,70.00135040283203,331.4206848144531,180.9901885986328,43.59688949584961,99.68316650390625
2022-11-08,137.0537109375,89.9800033569336,61.140724182128906,470.86004638671875,96.85936737060547,159.4499969482422,88.1186294555664,155.17156982421875,120.3744125366211,221.49237060546875,69.84294128417969,14.565899848937988,124.0694808959961,61.38701629638672,514.97802734375,175.19692993164062,70.21566772460938,333.2242736816406,181.93943786621094,44.0682487487793,99.99897766113281
2022-11-09,132.50486755371094,86.13999938964844,61.22812271118164,468.1940002441406,84.10961151123047,158.64999389648438,86.55252075195312,153.93084716796875,118.8084945678711,217.27293395996094,69.78045654296875,13.741942405700684,123.77022552490234,61.368141174316406,503.4408874511719,170.98533630371094,69.49557495117188,326.4181823730469,178.01890563964844,43.35675811767578,95.52532196044922
2022-11-10,144.29446411132812,96.62999725341797,62.49571228027344,490.32476806640625,87.7066879272461,163.47999572753906,93.11433410644531,155.7339630126953,123.69853210449219,235.14755249023438,74.24211120605469,15.711063385009766,128.03253173828125,66.88182067871094,506.7092590332031,181.56155395507812,74.57896423339844,344.282958984375,188.09075927734375,45.491249084472656,96.9288101196289
2022-11-11,147.07481384277344,100.79000091552734,62.49571228027344,492.5606689453125,92.11820983886719,164.55999755859375,95.56262969970703,151.07452392578125,123.90001678466797,239.14439392089844,74.34027862548828,16.286630630493164,127.84210205078125,69.70477294921875,486.13995361328125,183.47850036621094,74.57038116455078,347.5768737792969,190.00836181640625,46.39839553833008,99.95509338378906
2022-11-14,145.67974853515625,98.48999786376953,62.29462814331055,487.02801513671875,91.41041564941406,164.9199981689453,94.8588638305664,153.4488525390625,122.62714385986328,233.7636260986328,72.8679428100586,16.25471305847168,127.85114288330078,68.73233032226562,478.3834533691406,181.2593536376953,72.75305938720703,344.78607177734375,188.29013061523438,45.953704833984375,100.24690246582031
2022-11-15,147.40892028808594,98.94000244140625,62.731746673583984,503.07177734375,92.60298156738281,165.5,97.57479858398438,153.8773193359375,121.73887634277344,234.17007446289062,73.98335266113281,16.624799728393555,127.40678405761719,75.96430969238281,468.3828430175781,184.11117553710938,73.54170989990234,347.63385009765625,190.19818115234375,46.41619110107422,100.91893005371094
2022-11-16,146.1807403564453,97.12000274658203,63.090171813964844,500.816650390625,91.09046173095703,165.1199951171875,97.98118591308594,154.8323974609375,121.90371704101562,234.59710693359375,75.24153900146484,15.870665550231934,128.54039001464844,75.01073455810547,476.3069763183594,180.8533172607422,72.87305450439453,344.99493408203125,188.2616729736328,46.07822036743164,99.84014129638672
2022-11-17,148.07693481445312,94.8499984741211,62.827919006347656,498.1507568359375,88.66654968261719,163.9199981689453,97.49549865722656,156.08200073242188,121.37256622314453,234.548583984375,73.483642578125,15.638242721557617,127.75137329101562,76.92733764648438,479.8360595703125,179.29518127441406,72.37586212158203,343.9981994628906,187.47377014160156,46.11379623413086,99.97278594970703
2022-11-18,148.63697814941406,94.13999938964844,62.72298049926758,500.3962707519531,89.00590515136719,162.7899932861328,96.57365417480469,157.27810668945312,122.56302642822266,234.10214233398438,74.24211120605469,15.370906829833984,129.2930908203125,77.67317962646484,493.5147399902344,180.36228942871094,73.29310607910156,345.5169982910156,188.35658264160156,46.06044006347656,99.10620880126953
2022-11-21,145.4144287109375,92.45999908447266,62.72298049926758,500.109619140625,94.60997772216797,161.8800048828125,94.75973510742188,158.086669921875,121.83959197998047,234.90768432617188,74.59906005859375,15.279130935668945,130.93455505371094,75.46392822265625,481.5866394042969,179.6918182373047,73.67886352539062,344.30194091796875,187.55917358398438,45.67801284790039,98.12470245361328
2022-11-22,147.54638671875,93.19999694824219,63.046451568603516,508.308349609375,93.28166961669922,162.07000732421875,96.1969985961914,158.85031127929688,123.66192626953125,237.7997283935547,75.05416107177734,15.99835205078125,132.05906677246094,77.92809295654297,487.0805358886719,182.1942138671875,74.08175659179688,348.8868713378906,190.01785278320312,46.22053146362305,100.96315002441406
2022-11-23,148.42079162597656,94.12999725341797,63.431087493896484,510.7354736328125,95.87039947509766,163.0800018310547,97.59461212158203,159.02102661132812,124.98059844970703,240.27450561523438,76.16178131103516,16.478158950805664,132.811767578125,77.38993835449219,493.2447509765625,182.71360778808594,74.14176177978516,351.07012939453125,191.1759796142578,46.69189453125,100.45911407470703
2022-11-25,145.51272583007812,93.41000366210938,63.431087493896484,509.9422912597656,95.86071014404297,163.22000122070312,96.60340118408203,159.22763061523438,125.21871185302734,240.18714904785156,76.53845977783203,16.229780197143555,133.056640625,76.85179138183594,500.610107421875,183.74288940429688,74.61325073242188,351.0321044921875,191.31832885742188,46.79861068725586,100.10541534423828
2022-11-28,141.6909637451172,93.94999694824219,63.35239028930664,507.323974609375,92.77750396728516,161.92999267578125,95.2057876586914,159.30848693847656,123.03005981445312,234.626220703125,75.09452056884766,15.787869453430176,132.94781494140625,74.7936019897461,495.62860107421875,179.86180114746094,72.61590576171875,345.47906494140625,188.21420288085938,46.27388381958008,97.09898376464844
2022-11-29,138.6944122314453,92.41999816894531,63.116363525390625,505.451171875,91.80793762207031,162.72999572753906,94.35335540771484,158.19451904296875,125.05384826660156,233.23846435546875,73.9823989868164,15.600337028503418,131.93206787109375,74.89745330810547,491.65240478515625,180.5511474609375,73.81599426269531,344.87152099609375,187.919921875,46.638519287109375,97.7444839477539
2022-11-30,145.43409729003906,96.54000091552734,63.605934143066406,515.2837524414062,94.89114379882812,164.80999755859375,100.10237884521484,159.91038513183594,126.53734588623047,247.61141967773438,75.9644546508789,16.885486602783203,135.26942443847656,78.34351348876953,510.0522155761719,185.16876220703125,75.50475311279297,355.48419189453125,193.71055603027344,47.58125686645508,98.45187377929688
2022-12-01,145.70921325683594,95.5,64.13601684570312,481.4667053222656,95.58922576904297,167.83999633789062,100.10237884521484,160.57518005371094,124.76079559326172,247.1746826171875,76.08106994628906,17.09701156616211,135.35101318359375,78.0602798461914,499.9491271972656,185.24432373046875,75.34188842773438,355.5316162109375,193.824462890625,47.83028793334961,97.97438049316406
2022-12-02,145.21798706054688,94.12999725341797,64.39886474609375,472.5513610839844,96.40367126464844,167.25999450683594,99.55721282958984,160.70095825195312,123.77184295654297,247.4949493408203,76.41290283203125,16.838584899902344,136.58436584472656,76.9461898803711,500.78973388671875,185.6220703125,75.11900329589844,355.0190124511719,193.6440887451172,47.8747444152832,97.14320373535156
2022-12-05,144.05865478515625,91.01000213623047,63.890663146972656,466.9422302246094,93.01020050048828,164.38999938964844,98.60564422607422,160.611083984375,120.3011474609375,242.8171844482422,76.3680648803711,16.57317352294922,135.2058868408203,77.05951690673828,499.7435302734375,180.73997497558594,73.74742889404297,348.6969909667969,189.83746337890625,47.21661376953125,94.48161315917969
2022-12-06,140.4039306640625,88.25,64.1009750366211,459.7756042480469,89.48098754882812,164.83999633789062,96.12760925292969,158.2034912109375,120.50260925292969,237.8870849609375,76.39496612548828,15.951557159423828,135.3782196044922,75.1146011352539,503.7413024902344,178.12429809570312,73.0530776977539,343.65643310546875,186.98965454101562,47.003173828125,91.85541534423828
2022-12-07,138.4684295654297,88.45999908447266,64.66173553466797,460.5495300292969,89.34524536132812,166.3300018310547,94.10555267333984,159.16473388671875,120.42020416259766,237.15921020507812,76.49363708496094,16.084257125854492,136.24880981445312,74.81246948242188,507.09442138671875,177.64268493652344,73.19881439208984,342.99200439453125,186.6858673095703,46.89644241333008,91.65203857421875
2022-12-08,140.1484375,90.3499984741211,64.47771453857422,460.0240173339844,89.73307800292969,166.47000122070312,92.8863525390625,159.19168090820312,121.6839370727539,240.09979248046875,76.91514587402344,17.130937576293945,137.228271484375,76.28531646728516,511.77386474609375,178.88914489746094,73.71315002441406,345.6973571777344,188.29962158203125,47.23440170288086,92.3328857421875
2022-12-09,139.6670684814453,89.08999633789062,64.1009750366211,461.5528869628906,90.53781127929688,167.05999755859375,92.01408386230469,157.8800811767578,121.02459716796875,238.17823791503906,75.79405212402344,16.963308334350586,136.86549377441406,76.18145751953125,503.6291809082031,177.2082977294922,73.57601165771484,343.1723327636719,186.72384643554688,47.16325759887695,91.55477142333984
2022-12-12,141.9561767578125,90.55000305175781,64.1009750366211,466.0057373046875,91.77884674072266,165.67999267578125,92.4898681640625,159.7666473388672,122.90187072753906,245.0590057373047,77.6236572265625,17.496124267578125,138.2711639404297,75.93598937988281,509.84979248046875,179.55963134765625,74.14176177978516,348.0704345703125,189.4102783203125,47.19883728027344,93.8095932006836
2022-12-13,142.9189910888672,92.48999786376953,64.53904724121094,466.5027160644531,91.81763458251953,168.50999450683594,94.78948211669922,160.99740600585938,122.78282165527344,249.33888244628906,78.16177368164062,18.031930923461914,138.0625762939453,76.01151275634766,502.7137451171875,180.94772338867188,75.51332092285156,350.6429443359375,190.82472229003906,47.759132385253906,94.83533477783203
2022-12-14,140.69863891601562,91.58000183105469,64.69676971435547,462.0306396484375,91.28437805175781,168.10000610351562,94.23440551757812,161.49151611328125,122.16928100585938,249.6300506591797,78.07210540771484,17.634817123413086,138.60667419433594,75.54889678955078,502.8446960449219,180.08839416503906,74.99898529052734,348.526123046875,189.7615509033203,47.69688034057617,94.13675689697266
2022-12-15,134.10629272460938,88.44999694824219,64.7318115234375,443.292236328125,87.73576354980469,165.35000610351562,90.0614013671875,159.4522247314453,119.1381607055664,241.66229248046875,76.95999145507812,16.914417266845703,137.03778076171875,73.6888656616211,492.869140625,175.95135498046875,73.99604034423828,339.95440673828125,185.0341033935547,46.5584831237793,93.23483276367188
2022-12-16,132.1511993408203,87.86000061035156,64.5653305053711,440.94158935546875,87.3382568359375,166.7899932861328,89.46668243408203,157.81715393066406,118.39640808105469,237.46978759765625,75.46220397949219,16.534263610839844,136.43020629882812,72.44506072998047,489.1517333984375,174.1752166748047,72.08441925048828,335.901123046875,182.91720581054688,46.300567626953125,92.58049011230469
2022-12-19,130.04872131347656,84.91999816894531,64.1798095703125,438.2469177246094,83.16912078857422,166.32000732421875,87.66267395019531,157.646484375,119.10154724121094,233.35488891601562,74.90616607666016,16.21796226501465,136.39389038085938,72.25516510009766,489.0582275390625,171.90777587890625,71.16716766357422,333.00592041015625,181.07557678222656,46.24564743041992,92.99608612060547
2022-12-20,129.97999572753906,85.19000244140625,63.75925827026367,437.4729309082031,84.37138366699219,169.0800018310547,88.23758697509766,157.81715393066406,119.67847442626953,234.6650848388672,74.90616607666016,16.04933738708496,136.44833374023438,71.7994155883789,485.89190673828125,172.70138549804688,70.9871597290039,333.5133361816406,181.45530700683594,46.38969039916992,94.34014892578125
2022-12-21,133.07467651367188,86.7699966430664,63.90822219848633,441.5244140625,84.27442932128906,168.8000030517578,88.79266357421875,159.62290954589844,121.02459716796875,237.21742248535156,75.91962432861328,16.46441650390625,137.6998291015625,73.24263000488281,492.7384033203125,175.67735290527344,71.59579467773438,338.5016784667969,184.19871520996094,46.830810546875,95.55155181884766
2022-12-22,129.91116333007812,83.79000091552734,63.89944076538086,438.3232727050781,84.03203582763672,166.75999450683594,86.9886474609375,159.03895568847656,119.65096282958984,231.16156005859375,74.74473571777344,15.30499267578125,138.0172119140625,71.4765853881836,492.3180236816406,173.5106201171875,71.29500579833984,333.7423095703125,181.5861358642578,46.47071075439453,93.62389373779297
2022-12-23,129.54766845703125,85.25,63.69921112060547,442.08819580078125,85.33125305175781,167.25999450683594,88.44573211669922,159.4432373046875,120.21875,231.6856689453125,75.48912811279297,15.172286987304688,138.4071502685547,71.10629272460938,496.25970458984375,174.44149780273438,71.92961120605469,335.6116638183594,182.58767700195312,46.57874298095703,96.09979248046875
2022-12-27,127.74976348876953,83.04000091552734,63.207359313964844,438.1226501464844,83.74118041992188,168.6699981689453,86.62189483642578,159.39833068847656,120.63998413085938,229.96788024902344,75.336669921875,14.089694023132324,139.61331176757812,70.56509399414062,496.8948669433594,173.87158203125,71.9035415649414,334.2763366699219,181.82456970214844,46.830810546875,97.43500518798828
2022-12-28,123.8297348022461,81.81999969482422,63.119590759277344,432.8574523925781,81.60813903808594,167.91000366210938,85.2639389038086,158.70655822753906,121.29932403564453,227.60955810546875,74.58331298828125,14.004880905151367,137.8086395263672,69.3687515258789,493.5884094238281,170.97434997558594,70.67777252197266,330.175048828125,179.53533935546875,46.27265548706055,95.83451843261719
2022-12-29,127.3371353149414,84.18000030517578,63.356689453125,436.24017333984375,84.52651977539062,168.85000610351562,87.67257690429688,159.51507568359375,121.99527740478516,233.89837646484375,75.40840911865234,14.570625305175781,138.37997436523438,72.16020965576172,494.92413330078125,174.80250549316406,72.22520446777344,336.03143310546875,182.8356475830078,47.02886962890625,96.55957794189453
2022-12-30,127.65152740478516,84.0,63.09321594238281,436.21160888671875,84.23563385009766,169.63999938964844,87.45452117919922,158.6975555419922,122.80116271972656,232.74346923828125,74.97792053222656,14.581598281860352,137.44586181640625,70.72651672363281,495.20428466796875,174.3465118408203,71.70358276367188,335.1062316894531,182.36830139160156,46.56072998046875,97.53226470947266
2023-01-03,122.87673950195312,85.81999969482422,63.42695999145508,433.1346435546875,86.26204681396484,171.05999755859375,88.3366928100586,160.08108520507812,123.73519134521484,232.51052856445312,75.1842041015625,14.283262252807617,137.45498657226562,70.28974151611328,484.42547607421875,173.35861206054688,71.77313232421875,333.8185729980469,181.62425231933594,46.87582778930664,94.18098449707031
2023-01-04,124.14412689208984,85.13999938964844,63.78704833984375,436.2688903808594,89.18042755126953,172.6699981689453,87.30585479736328,161.8239288330078,124.88903045654297,222.3397979736328,75.77613067626953,14.716300964355469,138.053466796875,72.46405792236328,471.2183837890625,175.99932861328125,73.39881134033203,336.2221374511719,183.23631286621094,47.67704391479492,94.45510864257812
2023-01-05,122.82762145996094,83.12000274658203,63.716793060302734,430.1819152832031,89.12223815917969,170.52000427246094,85.4423599243164,160.62908935546875,124.86136627197266,215.7501678466797,74.10796356201172,14.23337459564209,136.33950805664062,71.90386199951172,457.6375427246094,174.0995635986328,71.42539978027344,332.54998779296875,181.0901336669922,47.26293182373047,96.56842041015625
2023-01-06,127.34693145751953,86.08000183105469,64.41934967041016,461.4095764160156,91.06137084960938,173.7100067138672,86.57233428955078,161.9317169189453,127.2506332397461,218.2928466796875,75.02276611328125,14.826056480407715,139.5861358642578,74.1256332397461,457.67486572265625,178.03219604492188,73.34664916992188,340.1136474609375,185.08676147460938,48.370235443115234,97.73562622070312
2023-01-09,127.86766052246094,87.36000061035156,64.59502410888672,457.47265625,91.88550567626953,174.10000610351562,87.24636840820312,157.73631286621094,126.72480010986328,220.41819763183594,75.3994369506836,15.593354225158691,137.88119506835938,76.25244903564453,457.7309265136719,178.58311462402344,73.37273406982422,339.8655700683594,185.16310119628906,48.63130569458008,95.91410064697266
2023-01-10,128.43751525878906,89.87000274658203,64.34033966064453,460.0048828125,92.65145874023438,174.74000549316406,87.64286041259766,157.35899353027344,127.85951232910156,222.09715270996094,75.82096099853516,15.873729705810547,137.74517822265625,77.16395568847656,453.93878173828125,180.64442443847656,73.53790283203125,342.2882995605469,186.62249755859375,48.829349517822266,97.34657287597656
2023-01-11,131.14910888671875,95.08999633789062,64.682861328125,462.7856140136719,93.39801788330078,174.6199951171875,90.7155990600586,157.10748291015625,128.80967712402344,228.81300354003906,76.23352813720703,15.965524673461914,136.62969970703125,77.64818572998047,460.8506164550781,183.24717712402344,76.17203521728516,346.6565856933594,189.08343505859375,49.126441955566406,98.47840118408203
2023-01-12,131.07054138183594,95.2699966430664,65.18344116210938,460.9890441894531,96.77210235595703,176.63999938964844,90.32904052734375,156.31690979003906,128.68052673339844,231.47210693359375,76.29631042480469,16.474395751953125,135.8588409423828,82.60444641113281,462.9708557128906,185.4984893798828,77.13699340820312,347.9537353515625,189.9991455078125,49.72060012817383,100.1142578125
2023-01-13,132.39682006835938,98.12000274658203,64.96385192871094,463.6838073730469,96.37458038330078,178.75999450683594,91.3103256225586,155.80482482910156,131.927734375,232.17086791992188,75.94654083251953,16.86153793334961,136.82920837402344,82.41456604003906,457.27325439453125,186.35340881347656,76.65886688232422,349.3082275390625,190.80992126464844,49.99967956542969,100.05237579345703
2023-01-17,133.55612182617188,96.05000305175781,64.87602996826172,465.13623046875,96.86906433105469,177.58999633789062,90.48762512207031,154.84359741210938,129.88902282714844,233.2578125,76.897216796875,17.662752151489258,136.43020629882812,84.49390411376953,453.0794677734375,186.21090698242188,76.8761978149414,348.7740783691406,190.5523681640625,50.03569412231445,99.85782623291016
2023-01-18,132.8389434814453,95.45999908447266,65.47327423095703,458.1606750488281,96.0255355834961,177.0800018310547,90.31912231445312,152.50779724121094,125.98681640625,228.85182189941406,75.15730285644531,17.33847427368164,132.77548217773438,84.94965362548828,444.8226013183594,183.63665771484375,75.7547378540039,343.10858154296875,187.54774475097656,49.76560974121094,97.80638122558594
2023-01-19,132.89788818359375,93.68000030517578,65.3415298461914,448.6241455078125,96.06432342529297,179.88999938964844,92.2321548461914,152.30116271972656,124.307861328125,225.08628845214844,74.07208251953125,16.727828979492188,129.96754455566406,83.93373107910156,452.40692138671875,181.6133270263672,75.33744049072266,340.63824462890625,186.02154541015625,49.86464309692383,98.43418884277344
2023-01-20,135.4522705078125,97.25,65.05169677734375,458.7721862792969,100.33039855957031,179.2899932861328,97.15846252441406,151.5914764404297,124.61227416992188,233.1316680908203,73.38150024414062,17.799449920654297,130.46946716308594,86.43087005615234,454.6112976074219,184.95701599121094,76.2328872680664,346.904541015625,189.5889892578125,50.35977554321289,100.22921752929688
2023-01-23,138.63548278808594,97.5199966430664,64.89362335205078,470.7166442871094,102.47312927246094,179.6300048828125,98.91292572021484,151.20513916015625,126.6325454711914,235.4220428466797,74.14382934570312,19.15045166015625,128.71730041503906,90.8269271850586,453.76129150390625,187.5692901611328,76.58061218261719,351.1299133300781,191.9927215576172,50.602848052978516,99.70751953125
2023-01-24,140.0305633544922,96.31999969482422,65.18344116210938,470.2388916015625,102.77369689941406,180.27999877929688,96.8412857055664,151.20513916015625,127.72110748291016,234.89796447753906,75.24697875976562,19.2222900390625,129.4199676513672,89.78248596191406,459.1693420410156,186.77134704589844,76.7718734741211,350.7579345703125,191.67794799804688,50.61185073852539,100.63595581054688
2023-01-25,139.37229919433594,97.18000030517578,65.26248168945312,469.0635986328125,104.82917022705078,181.11000061035156,94.38307189941406,152.2831573486328,128.3391876220703,233.51016235351562,68.69087982177734,19.280162811279297,129.32872009277344,87.74112701416016,460.00994873046875,187.12283325195312,76.80662536621094,350.8819274902344,191.7733154296875,50.81890106201172,100.10541534423828
2023-01-26,141.43548583984375,99.22000122070312,65.1395263671875,476.1537780761719,106.361083984375,179.47000122070312,96.6628646850586,151.7261962890625,129.132568359375,240.68211364746094,68.52049255371094,19.758098602294922,128.8085174560547,88.72857666015625,459.99127197265625,188.78518676757812,77.66728973388672,354.63031005859375,193.747802734375,50.99895095825195,104.12875366210938
2023-01-27,143.37094116210938,102.23999786376953,65.06926727294922,480.9220275878906,106.2059555053711,179.22000122070312,98.49661254882812,151.13331604003906,129.44622802734375,240.83740234375,67.7850570678711,20.319847106933594,128.27931213378906,88.5861587524414,453.9855041503906,189.89654541015625,78.5366439819336,355.6413269042969,194.52996826171875,50.88192367553711,102.22760772705078
2023-01-30,140.49234008789062,100.55000305175781,64.88484954833984,480.9124755859375,104.31529235839844,178.75999450683594,96.08796691894531,145.5364227294922,128.34844970703125,235.54820251464844,67.30973052978516,19.119518280029297,128.68077087402344,88.42474365234375,453.7426452636719,187.39830017089844,77.53689575195312,351.1966552734375,191.9259490966797,50.35076904296875,100.41492462158203
2023-01-31,141.75970458984375,103.12999725341797,65.18344116210938,488.42315673828125,105.18790435791016,179.41000366210938,97.97126007080078,146.81210327148438,129.1140899658203,240.49771118164062,66.93302917480469,19.493684768676758,129.93104553222656,88.04495239257812,466.25860595703125,192.0528564453125,79.16256713867188,356.1850891113281,194.99734497070312,50.602848052978516,102.58130645751953
2023-02-01,142.8797149658203,105.1500015258789,65.60247802734375,494.89227294921875,106.06051635742188,181.6699981689453,99.54730224609375,148.15966796875,128.77276611328125,245.2919464111328,66.58324432373047,20.896570205688477,130.67018127441406,89.9533920288086,464.21307373046875,195.1305694580078,79.6494140625,360.0860595703125,197.37246704101562,51.07998275756836,101.45832824707031
2023-02-02,148.17515563964844,112.91000366210938,65.64649963378906,501.0376281738281,109.76424407958984,177.89999389648438,106.79304504394531,148.7166290283203,128.17315673828125,256.792236328125,67.80299377441406,21.660865783691406,129.73936462402344,91.76689910888672,439.7695007324219,198.30325317382812,81.45763397216797,365.24603271484375,200.31988525390625,50.95393371582031,98.28388214111328
2023-02-03,151.79063415527344,103.38999938964844,65.06549072265625,492.77679443359375,107.34033966064453,173.4600067138672,103.85906219482422,147.88116455078125,130.15655517578125,250.7267608642578,66.96891021728516,21.053220748901367,130.1409149169922,89.87745666503906,440.88104248046875,196.49839782714844,79.9275894165039,361.3451232910156,198.25003051757812,50.35076904296875,98.96473693847656
2023-02-06,149.0692138671875,102.18000030517578,64.6605224609375,493.53302001953125,106.52591705322266,173.82000732421875,101.9955825805664,146.75820922851562,130.9222412109375,249.1933135986328,67.72228240966797,21.042245864868164,129.03672790527344,87.19042205810547,443.88861083984375,193.8386993408203,79.34513854980469,359.2562561035156,196.7620086669922,49.82863235473633,98.7967529296875
2023-02-07,151.93801879882812,102.11000061035156,64.5724868774414,494.432861328125,108.23233032226562,173.97999572753906,106.69393157958984,146.7941436767578,132.5181427001953,259.66485595703125,68.23348236083984,22.123842239379883,127.77734375,89.77301025390625,445.4203796386719,195.4915313720703,79.1712646484375,363.8916931152344,199.24203491210938,50.17072677612305,101.61749267578125
2023-02-08,149.25592041015625,100.05000305175781,64.68693542480469,482.2569885253906,108.37776947021484,174.41000366210938,98.49661254882812,146.98280334472656,131.58641052246094,258.85943603515625,67.29179382324219,22.155773162841797,126.45415496826172,89.51666259765625,451.34210205078125,193.0597686767578,78.79744720458984,359.90484619140625,197.11497497558594,49.945655822753906,100.73324584960938
2023-02-09,148.2243194580078,98.23999786376953,64.4228515625,479.2130126953125,107.00099182128906,173.02999877929688,94.17494201660156,144.99737548828125,129.5384979248047,255.84120178222656,65.71328735351562,22.287479400634766,125.06705474853516,91.80488586425781,453.68658447265625,190.50450134277344,77.9367904663086,356.8240661621094,195.19772338867188,50.03569412231445,101.11345672607422
2023-02-10,148.58834838867188,97.61000061035156,64.14994049072266,478.6003723144531,104.77098846435547,173.36000061035156,93.7387924194336,145.67117309570312,130.1103973388672,255.3366241455078,67.03170013427734,21.21785545349121,126.17123413085938,90.55158233642578,461.6445007324219,190.55201721191406,78.20630645751953,357.6919860839844,195.5506134033203,49.80162048339844,105.37553405761719
2023-02-13,151.38282775878906,99.54000091552734,64.32600402832031,484.7840576171875,104.38317108154297,172.47999572753906,93.7784423828125,146.210205078125,131.52183532714844,263.3139953613281,67.82093811035156,21.739694595336914,127.82300567626953,91.25418853759766,462.6719665527344,192.8032989501953,78.90177154541016,361.822021484375,197.87803649902344,50.224735260009766,104.96565246582031
2023-02-14,150.74322509765625,99.69999694824219,64.10591125488281,481.6922607421875,104.38317108154297,172.61000061035156,93.84783172607422,145.5723114013672,132.10304260253906,264.1388854980469,68.18865203857422,22.92007064819336,127.1020736694336,93.0107192993164,460.31817626953125,192.97425842285156,78.27584075927734,361.6884765625,197.95433044433594,50.23374557495117,103.73597717285156
2023-02-15,152.83912658691406,101.16000366210938,63.965057373046875,489.4074401855469,105.91508483886719,170.88999938964844,96.08796691894531,143.17367553710938,132.65655517578125,262.02764892578125,69.00479888916016,22.713531494140625,126.81002807617188,88.07344055175781,458.84246826171875,194.8551025390625,78.58879852294922,362.8998107910156,198.8414306640625,49.98167419433594,103.42411804199219
2023-02-16,151.2450714111328,98.1500015258789,63.718563079833984,482.5345458984375,102.60887145996094,170.75,94.67054748535156,142.15853881835938,130.8299560546875,255.0518035888672,67.88371276855469,21.953222274780273,125.14917755126953,86.23145294189453,455.19970703125,192.79379272460938,77.82378387451172,357.8540954589844,196.18971252441406,49.78361511230469,103.12117767333984
2023-02-17,150.10366821289062,97.19999694824219,63.85941696166992,485.77001953125,102.0174331665039,171.25999450683594,93.52072143554688,145.12637329101562,131.21743774414062,251.07252502441406,68.22452545166016,21.3405818939209,127.76824188232422,85.54783630371094,466.1558532714844,192.5847930908203,77.51952362060547,356.92901611328125,195.61740112304688,49.73861312866211,99.15599822998047
2023-02-21,146.09890747070312,94.58000183105469,63.30482864379883,480.2754821777344,98.98269653320312,170.6199951171875,90.98321533203125,142.9638214111328,128.80967712402344,245.82850646972656,66.0630874633789,20.609207153320312,127.6769790649414,83.21212005615234,458.8984375,187.41729736328125,75.96337127685547,349.84234619140625,191.5634765625,49.153446197509766,99.05799865722656
2023-02-22,146.52206420898438,95.79000091552734,63.44567108154297,476.1116943359375,98.5851821899414,169.66000366210938,90.84445190429688,142.7647705078125,127.82258605957031,244.6999053955078,66.08101654052734,20.70798683166504,128.2154083251953,82.44305419921875,456.63812255859375,188.08221435546875,75.27660369873047,349.4035339355469,191.40133666992188,48.87437438964844,97.7748794555664
2023-02-23,147.00418090820312,95.81999969482422,63.674560546875,472.04345703125,98.63367462158203,169.57000732421875,90.09115600585938,142.71949768066406,128.84658813476562,247.87164306640625,65.35456848144531,23.611534118652344,127.80474090576172,85.52885437011719,459.25341796875,188.82315063476562,75.8416748046875,351.1585388183594,192.42193603515625,49.126441955566406,98.67483520507812
2023-02-24,144.3573455810547,93.5,63.322410583496094,467.7072448730469,97.24718475341797,168.35000610351562,88.34660339355469,141.1270294189453,130.00892639160156,242.471923828125,65.39939880371094,23.234373092651367,127.08379364013672,83.65837860107422,452.3788757324219,187.25579833984375,74.5115737915039,347.4006042480469,190.27578735351562,48.31622314453125,98.68374633789062
2023-02-27,145.54791259765625,93.76000213623047,63.42803955078125,466.19482421875,97.39261627197266,169.00999450683594,89.08010864257812,140.81936645507812,131.1436309814453,243.38645935058594,64.86502838134766,23.448896408081055,126.97431945800781,82.88929748535156,451.4355773925781,187.54078674316406,74.62458801269531,348.60235595703125,190.9530029296875,48.784339904785156,98.50552368164062
2023-02-28,145.04612731933594,94.2300033569336,63.44567108154297,463.4667053222656,96.57818603515625,169.77999877929688,89.2684326171875,138.6748809814453,132.24143981933594,242.66650390625,64.11582946777344,23.164525985717773,125.53245544433594,82.6709213256836,444.5423889160156,187.62628173828125,74.520263671875,347.28619384765625,190.31393432617188,48.44225311279297,97.93527221679688
2023-03-01,142.9797821044922,92.16999816894531,63.069793701171875,458.1924743652344,95.54075622558594,170.75999450683594,89.56580352783203,138.0505828857422,131.50341796875,239.60177612304688,63.06874465942383,22.647680282592773,125.62368774414062,83.95270538330078,443.8699035644531,187.96824645996094,73.58136749267578,346.0176086425781,190.77174377441406,48.93738555908203,98.8084945678711
2023-03-02,143.5701446533203,92.12999725341797,62.93742752075195,464.9122009277344,95.90919494628906,170.66000366210938,91.1913833618164,137.94200134277344,130.1381072998047,244.31076049804688,65.18096160888672,23.26231575012207,127.69525909423828,84.53189849853516,446.1863708496094,188.9181365966797,74.44202423095703,348.60235595703125,191.06748962402344,49.04541778564453,99.26292419433594
2023-03-03,148.60806274414062,94.9000015258789,63.422706604003906,454.9283752441406,98.0616226196289,172.49000549316406,92.82688903808594,139.36257934570312,132.52740478515625,248.3775177001953,66.64326477050781,23.837034225463867,128.6260986328125,85.25350189208984,446.98956298828125,191.577880859375,75.57218170166016,354.12481689453125,194.17706298828125,49.666587829589844,100.51931762695312
2023-03-06,151.3631591796875,93.75,63.2727165222168,462.41375732421875,97.59623718261719,171.6199951171875,94.29387664794922,140.75604248046875,131.7525177001953,249.91473388671875,67.15777587890625,23.50178337097168,128.07852172851562,85.05410766601562,449.0631408691406,189.15557861328125,75.27660369873047,354.55401611328125,193.9195098876953,49.55855941772461,101.41033935546875
2023-03-07,149.1688995361328,93.55000305175781,63.2021484375,464.3952331542969,96.04491424560547,168.6199951171875,93.0350341796875,139.42593383789062,127.87793731689453,247.26840209960938,66.57105255126953,23.24031639099121,125.53245544433594,84.36096954345703,442.6183776855469,186.86636352539062,73.52052307128906,349.0697021484375,191.0293426513672,48.71232604980469,99.45003509521484
2023-03-08,150.41854858398438,93.91999816894531,63.149192810058594,465.2471618652344,96.27762603759766,168.5399932861328,93.42161560058594,138.4034881591797,127.12149810791016,246.83062744140625,67.02238464355469,24.13148307800293,125.55071258544922,86.24095916748047,439.5546875,186.87583923339844,74.36380767822266,349.6133728027344,191.27734375,48.93738555908203,97.99763488769531
2023-03-09,148.1750946044922,92.25,63.3609733581543,459.0060729980469,93.21380615234375,170.1999969482422,91.50856018066406,136.84718322753906,120.23959350585938,245.4879913330078,66.58008575439453,23.38801383972168,124.6290283203125,84.38947296142578,434.2401428222656,181.91729736328125,72.65986633300781,343.2134704589844,187.5000457763672,48.370235443115234,97.24024200439453
2023-03-10,146.11863708496094,90.7300033569336,64.11974334716797,450.984619140625,90.72203063964844,173.8699951171875,89.83342742919922,137.1819305419922,123.2930908203125,241.85894775390625,65.90309143066406,22.91797637939453,125.19482421875,82.84183502197266,431.4936218261719,176.50282287597656,70.25177764892578,338.2917785644531,184.34278869628906,47.956119537353516,96.0373306274414
2023-03-13,148.05703735351562,92.43000030517578,64.63153839111328,451.807861328125,89.78155517578125,177.86000061035156,90.30921936035156,138.49392700195312,121.07906341552734,247.04461669921875,66.15582275390625,22.918975830078125,126.06173706054688,83.30706787109375,434.6337890625,173.2161865234375,71.17329406738281,337.71954345703125,183.57969665527344,47.731056213378906,94.93241882324219
2023-03-14,150.14305114746094,94.87999725341797,64.22564697265625,461.3034973144531,90.51841735839844,176.8300018310547,93.14407348632812,139.27212524414062,124.18791198730469,253.7286376953125,67.29317474365234,24.013729095458984,127.62225341796875,84.77877044677734,435.47735595703125,176.1893768310547,71.86007690429688,343.327880859375,186.85142517089844,48.154178619384766,95.28884887695312
2023-03-15,150.53662109375,96.19999694824219,64.88743591308594,464.8834228515625,90.2663345336914,178.2100067138672,95.2652587890625,139.6612091064453,118.32076263427734,258.2527160644531,68.16876220703125,24.17839241027832,129.4291229248047,82.31961059570312,436.2741394042969,172.80767822265625,71.80790710449219,341.2104797363281,185.4110870361328,46.90283203125,90.5484619140625
2023-03-16,153.3507843017578,100.04000091552734,64.57857513427734,466.41497802734375,91.42010498046875,178.57000732421875,99.43824768066406,139.37164306640625,120.61780548095703,268.72137451171875,68.80964660644531,25.48870277404785,130.39645385742188,85.22964477539062,442.45135498046875,175.22044372558594,71.65142059326172,347.0476379394531,188.61605834960938,47.57802200317383,90.02274322509766
2023-03-17,152.51438903808594,98.94999694824219,65.04622650146484,466.21392822265625,90.36328125,183.77000427246094,100.72683715820312,137.878662109375,116.06062316894531,271.8638916015625,68.30416107177734,25.672327041625977,130.43292236328125,85.39188385009766,440.08917236328125,171.1453399658203,70.02576446533203,343.25164794921875,186.1837158203125,47.109893798828125,88.96237182617188
2023-03-20,154.87591552734375,97.70999908447266,64.76390075683594,468.358154296875,91.35224151611328,183.83999633789062,100.3303451538086,139.2449493408203,117.28755187988281,264.8589172363281,68.57493591308594,25.846961975097656,132.44056701660156,85.9359130859375,447.08184814453125,173.4821319580078,70.82555389404297,346.3514099121094,187.8052520751953,47.68828201293945,91.28803253173828
2023-03-21,156.72576904296875,100.61000061035156,64.58740234375,469.85137939453125,93.60163116455078,180.3699951171875,103.99783325195312,139.2449493408203,120.4333267211914,266.3669128417969,68.02433776855469,26.14535903930664,131.48236083984375,88.28377532958984,450.0251770019531,176.7403106689453,70.51258850097656,350.8819274902344,190.48562622070312,48.25674819946289,95.3779525756836
2023-03-22,155.29901123046875,98.69999694824219,65.16093444824219,466.6639099121094,92.01155090332031,183.44000244140625,102.46145629882812,136.67523193359375,117.324462890625,264.9172668457031,66.91404724121094,26.413806915283203,131.40023803710938,88.39830780029297,445.7320556640625,171.9337615966797,67.87847900390625,345.0637512207031,187.0803680419922,48.130428314208984,93.19488525390625
2023-03-23,156.38136291503906,98.70999908447266,65.31094360351562,466.89361572265625,92.91324615478516,185.74000549316406,104.67184448242188,136.74761962890625,117.01081085205078,270.141845703125,66.62521362304688,27.13532257080078,131.21774291992188,90.27851867675781,440.4735107421875,171.22410583496094,67.4524917602539,345.8840637207031,187.42127990722656,48.31991958618164,92.1434326171875
2023-03-24,157.68019104003906,98.12999725341797,65.44328308105469,474.082275390625,91.21650695800781,183.64999389648438,104.51325988769531,138.12294006347656,115.23037719726562,272.9730529785156,68.32221221923828,26.72416877746582,133.89157104492188,88.56055450439453,446.1725769042969,172.5880889892578,69.18226623535156,348.1893310546875,188.5992431640625,48.1935920715332,92.25037384033203
2023-03-27,155.74176025390625,98.04000091552734,64.76390075683594,472.12005615234375,92.70963287353516,181.9499969482422,101.5594482421875,138.7111358642578,118.53296661376953,268.896484375,68.0965347290039,26.476675033569336,133.18887329101562,86.52765655517578,451.7123718261719,174.4480743408203,69.1032485961914,348.7639465332031,189.07806396484375,48.44623565673828,94.2730484008789
2023-03-28,155.12191772460938,97.23999786376953,64.64918518066406,465.9459533691406,91.9339828491211,183.44000244140625,100.14202880859375,137.37197875976562,118.8927230834961,267.77764892578125,67.916015625,26.35592269897461,133.56304931640625,86.67080688476562,442.9762268066406,174.69606018066406,68.93640899658203,348.1510009765625,188.80995178222656,48.64476013183594,95.44922637939453
2023-03-29,158.19186401367188,100.25,64.71974182128906,469.8704528808594,93.92158508300781,182.52999877929688,100.49885559082031,138.7201690673828,119.13257598876953,272.9147033691406,68.70132446289062,26.928749084472656,133.97364807128906,88.53192901611328,437.3614501953125,177.0330047607422,70.46424102783203,353.1023864746094,191.52980041503906,49.10494613647461,97.0887680053711
2023-03-30,159.75633239746094,102.0,64.80801391601562,470.4544677734375,95.11415100097656,184.17999267578125,100.00325012207031,138.8287353515625,118.7728042602539,276.3587951660156,69.13459777832031,27.326932907104492,134.5577392578125,88.2551498413086,440.61407470703125,177.281005859375,71.38619995117188,355.2093505859375,192.56414794921875,49.646339416503906,97.5610122680664
2023-03-31,162.25564575195312,103.29000091552734,65.14331817626953,475.6138916015625,97.08235931396484,183.22000122070312,102.81829071044922,140.24932861328125,120.21189880371094,280.4937438964844,69.576904296875,27.720129013061523,135.6892852783203,88.78007507324219,442.98565673828125,180.81019592285156,72.91402435302734,360.1704406738281,195.46592712402344,49.817787170410156,97.71249389648438
2023-04-03,163.50526428222656,102.41000366210938,65.420166015625,475.76702880859375,96.72361755371094,184.5399932861328,103.4427490234375,141.9232940673828,120.07353973388672,279.4527587890625,69.2068099975586,27.907737731933594,136.43763732910156,88.6082763671875,463.2325744628906,180.72438049316406,72.33450317382812,361.597412109375,195.9830780029297,50.178714752197266,103.47757720947266
2023-04-04,162.9739227294922,103.94999694824219,65.68550109863281,476.43707275390625,96.5394058227539,187.97999572753906,103.79959106445312,143.40721130371094,118.46836853027344,279.404052734375,69.64910888671875,27.396785736083984,137.0946502685547,87.96882629394531,462.35137939453125,177.71978759765625,72.23790740966797,359.55743408203125,194.67105102539062,50.15165328979492,102.48851013183594
2023-04-05,161.1339111328125,101.0999984741211,65.8624038696289,475.8627624511719,96.86906433105469,187.8300018310547,103.55178833007812,149.84962463378906,118.64502716064453,276.6409912109375,70.7052230834961,26.825956344604492,138.0345916748047,86.088623046875,477.33038330078125,176.21266174316406,71.85155487060547,358.6859130859375,193.96237182617188,49.79973602294922,104.24388122558594
2023-04-06,162.01951599121094,102.05999755859375,65.84471893310547,465.18975830078125,96.92723083496094,186.49000549316406,107.46705627441406,149.43336486816406,118.51486206054688,283.70440673828125,71.2829360961914,26.981637954711914,138.91062927246094,86.12677764892578,480.6861572265625,176.26991271972656,72.34326934814453,360.0555114746094,194.60401916503906,49.971187591552734,102.51525115966797
2023-04-10,159.43167114257812,102.16999816894531,65.4024658203125,472.7038879394531,97.74166107177734,185.11000061035156,105.50446319580078,148.682373046875,118.90534973144531,281.55426025390625,70.79548645019531,27.52252960205078,137.76083374023438,84.96239471435547,482.9076843261719,178.24435424804688,72.67694091796875,360.4481201171875,195.0445556640625,50.00727462768555,102.0608139038086
2023-04-11,158.2213897705078,99.91999816894531,65.42900085449219,477.3176574707031,97.36353302001953,186.27999877929688,104.42405700683594,148.6371612548828,119.4910888671875,275.1717834472656,70.71424865722656,27.113372802734375,137.487060546875,85.17237854003906,488.33489990234375,179.77052307128906,72.98426818847656,360.4960021972656,195.24566650390625,50.23286056518555,102.7825698852539
2023-04-12,157.5326385498047,97.83000183105469,65.499755859375,468.4155578613281,94.95902252197266,187.19000244140625,103.72028350830078,148.32044982910156,119.47248840332031,275.8139953613281,70.93991088867188,26.440750122070312,137.86122131347656,82.910400390625,488.5411071777344,178.56869506835938,72.63304138183594,359.05938720703125,194.42202758789062,50.36820602416992,102.67564392089844
2023-04-13,162.90504455566406,102.4000015258789,65.46436309814453,476.5902404785156,97.77074432373047,189.72000122070312,106.48577117919922,150.30203247070312,119.9281005859375,281.9920349121094,71.17460632324219,26.408811569213867,138.50003051757812,83.08219909667969,493.265380859375,180.33328247070312,72.41352081298828,363.71392822265625,196.95037841796875,51.026912689208984,103.15681457519531
2023-04-14,162.56065368652344,102.51000213623047,65.17247009277344,470.2821960449219,96.85936737060547,186.36000061035156,107.9131088256836,150.05772399902344,128.9838104248047,278.3922424316406,70.4253921508789,26.70320701599121,137.79734802246094,83.22535705566406,479.73004150390625,179.16958618164062,71.28961181640625,362.96697998046875,196.40444946289062,50.81938552856445,103.40630340576172
2023-04-17,162.5803680419922,102.73999786376953,64.81864929199219,472.8092041015625,97.24718475341797,185.52999877929688,105.03860473632812,149.90391540527344,130.0065155029297,280.980224609375,70.89478302001953,26.94671630859375,137.8429718017578,83.97933959960938,473.6934509277344,180.7625274658203,72.7735366821289,364.2024230957031,197.18975830078125,50.81938552856445,102.2033920288086
2023-04-18,163.80044555664062,102.30000305175781,64.91596984863281,475.6425476074219,97.8580093383789,186.25,103.58151245117188,145.68740844726562,131.4662322998047,280.56182861328125,70.67815399169922,27.6103515625,137.98895263671875,84.12251281738281,472.8779296875,180.5431365966797,72.60670471191406,364.451416015625,197.28555297851562,50.98179626464844,104.1993408203125
2023-04-19,164.94189453125,104.30000305175781,64.82749938964844,474.809814453125,95.7443618774414,185.36000061035156,103.26432800292969,147.062744140625,131.2988739013672,280.63970947265625,71.25584411621094,27.873807907104492,138.01634216308594,83.25399017333984,455.74310302734375,180.85787963867188,73.03694915771484,364.4322204589844,197.38134765625,50.67499923706055,103.86963653564453
2023-04-20,163.97756958007812,103.80999755859375,65.11058044433594,483.9512939453125,95.08506774902344,186.08999633789062,104.36457061767578,148.01280212402344,130.91766357421875,278.3630676269531,71.08433532714844,27.048505783081055,138.5223388671875,85.2201156616211,456.9241027832031,179.9326629638672,72.31693267822266,362.3731384277344,196.1554718017578,50.665977478027344,103.04096221923828
2023-04-21,162.37371826171875,106.95999908447266,64.99557495117188,484.6883239746094,96.5394058227539,184.25,104.48352813720703,147.20751953125,130.66665649414062,278.0225524902344,71.30099487304688,27.0634708404541,143.31573486328125,81.47876739501953,453.51214599609375,180.04713439941406,72.32572174072266,362.5837707519531,196.32789611816406,50.67499923706055,103.37065887451172
2023-04-24,162.67874145507812,106.20999908447266,65.25211334228516,489.5414123535156,96.64605712890625,184.80999755859375,105.03860473632812,148.10328674316406,130.84329223632812,274.1405029296875,71.34611511230469,26.986629486083984,143.57286071777344,80.78205108642578,458.3114318847656,179.77052307128906,72.05352783203125,363.0627136230469,196.40444946289062,50.747188568115234,105.32206726074219
2023-04-25,161.14373779296875,102.56999969482422,65.67666625976562,481.64434814453125,95.0268783569336,185.75,102.9372329711914,149.46055603027344,127.9982681274414,267.9624938964844,70.24488830566406,26.18726921081543,143.60955810546875,78.53914642333984,461.104736328125,175.85025024414062,71.34230041503906,357.3259582519531,193.12916564941406,49.94411087036133,103.82508850097656
2023-04-26,161.1339111328125,104.9800033569336,65.4466781616211,473.4983825683594,93.66950225830078,184.74000549316406,102.7984619140625,147.1441650390625,125.72968292236328,287.3722839355469,66.85989379882812,26.90080451965332,141.94747924804688,78.50098419189453,452.6966552734375,174.33363342285156,70.65739440917969,355.7361145019531,192.25765991210938,50.00727462768555,102.87166595458984
2023-04-27,165.70933532714844,109.81999969482422,65.16363525390625,479.8256530761719,96.8884506225586,184.75,106.64435577392578,147.4879913330078,127.42182922363281,296.5761413574219,68.46662902832031,27.170251846313477,143.6830291748047,79.85624694824219,459.7455749511719,176.92808532714844,72.2554702758789,362.7945861816406,195.86814880371094,50.64793014526367,104.101318359375
2023-04-28,166.958984375,105.44999694824219,65.52630615234375,481.6922607421875,99.38023376464844,184.8000030517578,106.39654541015625,148.12136840820312,128.52822875976562,298.9403381347656,69.17070770263672,27.692184448242188,143.60040283203125,80.4575424194336,461.2640686035156,178.66403198242188,73.14231872558594,365.8974914550781,197.57286071777344,50.75621032714844,105.44680786132812
2023-05-01,166.8704071044922,102.05000305175781,64.85242462158203,472.4742126464844,99.09905242919922,183.97000122070312,106.25777435302734,148.03091430664062,131.2802734375,297.2864074707031,69.32416534423828,28.850805282592773,143.77487182617188,80.15213775634766,464.6479187011719,178.74037170410156,72.59790802001953,365.6485900878906,197.4770965576172,50.65696334838867,102.17665100097656
2023-05-02,165.83724975585938,103.62999725341797,65.4908447265625,473.6419677734375,97.53805541992188,187.52000427246094,104.3943099975586,149.32479858398438,129.16046142578125,297.14044189453125,68.5478744506836,28.15223503112793,143.6462860107422,79.1786117553711,462.48260498046875,175.50685119628906,71.36862182617188,361.5495300292969,195.0636749267578,50.124576568603516,98.10456085205078
2023-05-03,164.76475524902344,103.6500015258789,65.76567840576172,469.0951843261719,97.79015350341797,189.11000061035156,104.48352813720703,147.370361328125,126.42704010009766,296.15777587890625,68.05139923095703,27.745071411132812,143.46266174316406,78.93047332763672,458.7800598144531,175.44009399414062,71.08765411376953,359.03070068359375,193.92404174804688,50.187747955322266,96.17098236083984
2023-05-04,163.13134765625,104.0,65.67705535888672,470.3421325683594,94.48394012451172,190.44000244140625,103.76985168457031,146.70077514648438,124.69766235351562,297.14044189453125,68.15972900390625,27.505565643310547,142.80149841308594,79.68445587158203,456.7554016113281,172.89332580566406,71.67594909667969,356.4065246582031,192.4779052734375,50.277984619140625,94.48689270019531
2023-05-05,170.78659057617188,105.66000366210938,65.43760681152344,478.70654296875,97.46049499511719,187.4600067138672,104.64212036132812,147.19845581054688,127.13363647460938,302.23858642578125,68.15972900390625,28.621278762817383,143.2790069580078,81.09700012207031,463.3169250488281,176.84222412109375,72.87010955810547,362.9477844238281,196.03097534179688,50.999839782714844,96.83927154541016
2023-05-08,170.7176971435547,105.83000183105469,65.12728881835938,478.70654296875,99.8359146118164,187.69000244140625,106.8227767944336,146.86367797851562,127.4404296875,300.292724609375,68.65617370605469,29.09130859375,142.60865783691406,81.64102172851562,461.76092529296875,176.56564331054688,72.44865417480469,363.1488952636719,196.24166870117188,51.03594207763672,97.22241973876953
2023-05-09,169.01548767089844,106.62000274658203,65.05633544921875,480.36602783203125,99.0699691772461,189.02000427246094,106.40647888183594,145.7235870361328,126.82682037353516,298.6874084472656,68.22290802001953,28.512496948242188,141.1486053466797,81.18290710449219,459.6611633300781,176.1077880859375,72.14131927490234,361.5782775878906,195.4372100830078,50.80133819580078,97.2491455078125
2023-05-10,170.77676391601562,110.19000244140625,65.4553451538086,479.2821350097656,98.0616226196289,188.75,110.76779174804688,146.26646423339844,126.89188385009766,303.8535461425781,69.4053955078125,28.825857162475586,141.4424285888672,81.03018951416016,459.37060546875,176.49884033203125,72.8349838256836,363.158447265625,196.2991180419922,50.76523971557617,96.0016860961914
2023-05-11,170.96371459960938,112.18000030517578,65.66815185546875,481.4211730957031,89.50037384033203,187.1300048828125,115.5454330444336,145.66929626464844,126.49209594726562,301.7131652832031,68.69229125976562,28.519481658935547,141.7730255126953,79.62718200683594,458.1426696777344,175.43052673339844,72.03595733642578,362.65087890625,196.04055786132812,50.54867935180664,94.26412963867188
2023-05-12,170.0375213623047,110.26000213623047,65.32234954833984,483.51226806640625,89.19011688232422,186.80999755859375,116.47718048095703,145.47930908203125,124.67909240722656,300.6040954589844,70.37123107910156,28.28196907043457,143.21475219726562,79.62718200683594,460.45794677734375,175.2683868408203,72.02717590332031,362.1624755859375,195.58087158203125,50.32309341430664,94.2552261352539
2023-05-15,169.54486083984375,111.19999694824219,65.15388488769531,481.5650329589844,90.03363800048828,187.2100067138672,115.4859619140625,144.3663330078125,125.72968292236328,301.0807800292969,69.99212646484375,28.893714904785156,143.26065063476562,81.75555419921875,456.36175537109375,177.29052734375,71.90425872802734,363.4170837402344,196.41404724121094,50.855472564697266,94.43497467041016
2023-05-16,169.54486083984375,113.4000015258789,64.99424743652344,475.9151611328125,88.21086120605469,184.8699951171875,118.4595947265625,144.1763153076172,124.88363647460938,303.2991027832031,68.45760345458984,29.15318489074707,143.01271057128906,81.96552276611328,449.66900634765625,174.54347229003906,70.10423278808594,361.01318359375,194.89129638671875,50.377235412597656,92.14308166503906
2023-05-17,170.15576171875,115.5,64.87902069091797,474.8121643066406,89.94637298583984,184.22999572753906,119.77790832519531,143.85963439941406,128.7234649658203,306.16571044921875,68.00627136230469,30.1162109375,142.40663146972656,86.73761749267578,454.4401550292969,177.8056182861328,71.05253601074219,365.322998046875,197.4196014404297,50.638912200927734,94.21027374267578
2023-05-18,172.48110961914062,118.1500015258789,64.61299133300781,477.7856750488281,90.90624237060547,181.83999633789062,121.75041198730469,143.39816284179688,129.69973754882812,310.57293701171875,67.78962707519531,31.613136291503906,140.0650177001953,88.42693328857422,449.20965576171875,179.45574951171875,70.71009063720703,368.895263671875,199.38291931152344,50.47649002075195,95.0641098022461
2023-05-19,172.58950805664062,116.25,64.43566131591797,476.2701110839844,88.56959533691406,183.63999938964844,121.68102264404297,143.78724670410156,129.4021759033203,310.39739990234375,67.22998809814453,31.19998550415039,140.65274047851562,88.36012268066406,448.8253479003906,178.0249786376953,70.595947265625,368.3110656738281,198.90406799316406,50.64793014526367,95.5045394897461
2023-05-22,171.64358520507812,115.01000213623047,64.41795349121094,471.8097839355469,89.0252914428711,183.2100067138672,123.9509048461914,143.0123291015625,128.3329620361328,313.1665954589844,67.32025909423828,31.112165451049805,136.97044372558594,87.53933715820312,450.5125732421875,179.57972717285156,71.02619171142578,368.5120849609375,199.2488555908203,50.80133819580078,94.3450927734375
2023-05-23,169.04229736328125,114.98999786376953,64.46226501464844,465.09527587890625,87.08616638183594,183.42999267578125,121.48278045654297,142.9576416015625,126.99415588378906,307.3942565917969,66.94114685058594,30.62516212463379,135.49203491210938,86.31766510009766,449.4065856933594,178.09176635742188,70.35887145996094,364.3939514160156,197.1418914794922,50.0614128112793,95.63035583496094
2023-05-24,169.31822204589844,116.75,64.2849349975586,463.07135009765625,86.35899353027344,181.9499969482422,119.83738708496094,142.8208465576172,125.83199310302734,306.0194396972656,67.01334381103516,30.4754695892334,134.37167358398438,86.02179718017578,450.7093811035156,176.06007385253906,68.8486099243164,361.6643981933594,195.61917114257812,49.465877532958984,96.69989776611328
2023-05-25,170.45138549804688,115.0,64.04553985595703,466.7067565917969,85.4572982788086,180.1999969482422,122.39470672607422,140.7696533203125,126.1387939453125,317.788330078125,66.24610137939453,37.90223693847656,133.50851440429688,96.34861755371094,447.77557373046875,175.43052673339844,68.83983612060547,364.81536865234375,196.95037841796875,49.33955001831055,94.96527099609375
2023-05-26,172.85552978515625,120.11000061035156,64.12533569335938,486.5721130371094,85.60273742675781,180.9199981689453,123.51476287841797,140.71495056152344,127.31956481933594,324.5844421386719,67.15274047851562,38.86625671386719,133.5177001953125,98.50560760498047,451.3562316894531,177.24285888671875,69.63008117675781,369.55609130859375,199.54571533203125,49.917049407958984,94.3450927734375
2023-05-30,174.69808959960938,121.66000366210938,64.55094146728516,487.3107604980469,85.14704895019531,182.0399932861328,122.58301544189453,140.73313903808594,127.80304718017578,322.9462890625,66.03533935546875,40.028873443603516,131.47914123535156,97.33165740966797,449.79083251953125,177.1283721923828,69.89348602294922,369.6709899902344,199.61276245117188,49.44783401489258,93.50923156738281
2023-05-31,174.6488494873047,120.58000183105469,64.76374053955078,490.69671630859375,85.28278350830078,182.32000732421875,121.7900619506836,141.36221313476562,126.17597198486328,320.1967468261719,66.73483276367188,37.75653839111328,130.8546905517578,94.09620666503906,456.7178955078125,175.14434814453125,70.24470520019531,367.6598205566406,198.41561889648438,48.97861862182617,91.83750915527344
2023-06-01,177.4471435546875,122.7699966430664,64.9388656616211,491.6943359375,85.89360046386719,183.75999450683594,122.6325912475586,140.88812255859375,127.91461181640625,324.2821044921875,66.28060150146484,39.68857192993164,132.1953887939453,94.33478546142578,462.7076110839844,176.86129760742188,70.25350189208984,371.1841735839844,200.39808654785156,49.74559783935547,92.89806365966797
2023-06-02,178.29452514648438,124.25,64.57440948486328,491.68475341796875,88.00724029541016,181.0500030517578,123.57423400878906,143.1034698486328,130.60157775878906,327.0318298339844,67.08912658691406,39.24647521972656,134.54617309570312,94.43024444580078,468.2848815917969,182.38404846191406,71.96570587158203,376.63360595703125,203.7117156982422,50.47649002075195,95.05514526367188
2023-06-05,176.9446258544922,125.30000305175781,64.58329010009766,497.1139221191406,88.2302474975586,182.13999938964844,124.90247344970703,144.334228515625,129.3185272216797,327.5582580566406,66.85293579101562,39.09079360961914,134.01356506347656,93.58079528808594,466.9819030761719,180.6766815185547,71.46521759033203,375.90582275390625,203.1753692626953,50.25090026855469,94.6327133178711
2023-06-06,176.58006286621094,126.61000061035156,64.67218017578125,495.205078125,89.35494995117188,182.33999633789062,126.19103240966797,144.20660400390625,129.5509796142578,325.3547058105469,66.66216278076172,38.57484817504883,132.68209838867188,95.2701187133789,457.0272521972656,184.27267456054688,72.15010833740234,376.6814880371094,204.10435485839844,50.67499923706055,95.4056625366211
2023-06-07,175.21047973632812,121.2300033569336,64.30770111083984,490.3802490234375,89.7039794921875,180.14999389648438,121.42330932617188,144.51657104492188,130.80613708496094,315.3116760253906,67.37983703613281,37.40213394165039,132.96673583984375,95.71870422363281,451.9280090332031,186.9052734375,73.4759750366211,375.44610595703125,203.70211791992188,50.2960319519043,97.5447769165039
2023-06-08,177.9200897216797,124.25,64.62772369384766,498.8789367675781,89.71367645263672,182.52999877929688,121.06646728515625,146.1028594970703,130.84329223632812,317.14471435546875,68.04299926757812,38.43511962890625,134.4727325439453,95.38465118408203,459.5206604003906,186.3234100341797,73.0193862915039,377.6966857910156,204.6598358154297,50.7381706237793,97.23918151855469
2023-06-09,178.3043975830078,123.43000030517578,64.49440002441406,496.1835021972656,89.1319351196289,182.0399932861328,121.15569305419922,145.8749237060547,131.1036376953125,318.6365966796875,67.28900146484375,38.694618225097656,134.5828857421875,98.11428833007812,462.69818115234375,185.24557495117188,72.59790802001953,378.32879638671875,204.8800811767578,50.77425765991211,96.5201416015625
2023-06-12,181.0928497314453,126.56999969482422,64.62772369384766,499.72296142578125,90.30511474609375,181.8800048828125,122.55329132080078,145.774658203125,131.0943603515625,323.5703430175781,67.20723724365234,39.405235290527344,133.52688598632812,102.18010711669922,461.7327575683594,186.2661895751953,72.61547088623047,381.8052978515625,206.71890258789062,50.95472717285156,95.64833068847656
2023-06-13,180.619873046875,126.66000366210938,64.3432388305664,500.7301940917969,90.99349975585938,180.5399932861328,122.74162292480469,146.5404510498047,132.04269409179688,325.9494323730469,67.54334259033203,40.942237854003906,133.20547485351562,101.93196868896484,460.5329284667969,188.6221466064453,73.08084869384766,384.32415771484375,208.24159240722656,51.43296432495117,95.66631317138672
2023-06-14,181.25048828125,126.41999816894531,64.3966064453125,505.6988830566406,89.6361083984375,180.63999938964844,122.58301544189453,147.2880096435547,131.54991149902344,328.92340087890625,66.6803207397461,42.91339874267578,134.454345703125,102.51416015625,431.0531005859375,187.25820922851562,73.3530502319336,384.62103271484375,208.24159240722656,51.640499114990234,94.515869140625
2023-06-15,183.2802734375,127.11000061035156,64.79664611816406,507.59814453125,90.11119842529297,181.91000366210938,123.99053955078125,149.26632690429688,133.0375213623047,339.41485595703125,67.55245971679688,42.5700798034668,136.31842041015625,100.8062744140625,438.4979553222656,189.0513916015625,73.7394027709961,389.5532531738281,210.77951049804688,52.11874008178711,95.17198181152344
2023-06-16,182.20626831054688,125.48999786376953,64.65440368652344,502.2937316894531,88.54051208496094,181.6300048828125,122.44426727294922,149.72210693359375,133.195556640625,333.78887939453125,68.66983795166016,42.6089973449707,137.3193817138672,100.22164154052734,431.5330810546875,188.0403289794922,73.68669891357422,388.11669921875,209.98460388183594,51.992408752441406,94.4889144897461
2023-06-20,182.29495239257812,125.77999877929688,64.7433090209961,498.5047912597656,87.0182876586914,179.75,122.01803588867188,149.63101196289062,132.51687622070312,329.6155700683594,67.91583251953125,43.72282791137695,136.05215454101562,99.65618133544922,441.792236328125,186.81942749023438,72.81742858886719,386.3257751464844,208.9503173828125,51.23352813720703,92.32284545898438
2023-06-21,181.26034545898438,124.83000183105469,64.84996795654297,498.4280700683594,85.94207763671875,179.49000549316406,119.49046325683594,149.40306091308594,132.3216094970703,325.2376708984375,68.84245300292969,42.961307525634766,137.22755432128906,97.4134750366211,448.719482421875,186.31387329101562,72.3783950805664,384.209228515625,207.80105590820312,51.27912902832031,93.3564453125
2023-06-22,184.2557373046875,130.14999389648438,64.53883361816406,502.8212890625,85.79664611816406,177.7100067138672,122.06759643554688,150.98936462402344,129.7740936279297,331.2342834472656,68.25194549560547,42.941349029541016,137.6958465576172,98.84151458740234,450.8841857910156,185.0261688232422,71.34230041503906,385.6074523925781,208.35653686523438,51.00550079345703,92.84413146972656
2023-06-23,183.9404296875,129.3300018310547,64.72553253173828,503.051513671875,85.41851043701172,178.1999969482422,121.26471710205078,150.8616943359375,129.09535217285156,326.6612243652344,67.37983703613281,42.12693786621094,136.32762145996094,97.67223358154297,448.9548034667969,182.52589416503906,70.35887145996094,382.7152099609375,206.63284301757812,50.21196746826172,92.03524017333984
2023-06-26,182.55111694335938,127.33000183105469,64.80553436279297,502.0730285644531,86.00025939941406,178.50999450683594,117.29988098144531,149.17514038085938,129.41148376464844,320.40142822265625,67.48884582519531,40.5529899597168,136.4653778076172,95.94710540771484,450.8937072753906,183.5409393310547,71.98328399658203,381.1349182128906,205.9118194580078,50.339656829833984,93.73391723632812
2023-06-27,185.30020141601562,129.17999267578125,64.68106842041016,508.7013244628906,86.34928894042969,177.69000244140625,117.28996276855469,148.8651580810547,129.42079162597656,326.2225341796875,67.14364624023438,41.79458236694336,137.76014709472656,97.83517456054688,454.1878967285156,186.69143676757812,72.87010955810547,385.3584899902344,208.4209747314453,50.768348693847656,93.96762084960938
2023-06-28,186.47271728515625,129.0399932861328,64.88553619384766,511.0705871582031,86.12629699707031,177.27999877929688,119.12370300292969,148.56430053710938,128.85366821289062,327.4705505371094,66.7166748046875,41.03705596923828,137.73260498046875,96.7234115600586,446.5547180175781,187.198974609375,72.9754867553711,385.53082275390625,208.59397888183594,50.713623046875,94.73157501220703
2023-06-29,186.80775451660156,127.9000015258789,64.3966064453125,510.0057678222656,86.24264526367188,177.08999633789062,118.05319213867188,149.6036376953125,133.35365295410156,326.69049072265625,66.14434051513672,40.74263381958008,137.17245483398438,96.45507049560547,448.427734375,189.37265014648438,73.79063415527344,387.0077209472656,209.5937957763672,50.622413635253906,95.9000015258789
2023-06-30,191.12347412109375,130.36000061035156,64.61884307861328,516.4228515625,86.5625991821289,178.27000427246094,118.64791870117188,150.89816284179688,135.22242736816406,332.04351806640625,67.4071044921875,42.219757080078125,139.339599609375,96.7234115600586,452.380859375,190.4547576904297,74.19910430908203,391.59405517578125,211.76641845703125,51.15144348144531,96.39433288574219
2023-07-03,189.63560485839844,130.22000122070312,64.43524169921875,518.974365234375,87.74546813964844,178.47000122070312,118.8461685180664,148.91989135742188,136.3102264404297,329.55712890625,67.57060241699219,42.330528259277344,140.03750610351562,98.86068725585938,449.7829895019531,191.1920928955078,74.92725372314453,392.343994140625,212.4009552001953,51.361228942871094,96.58306884765625
2023-07-05,188.52220153808594,130.3800048828125,64.16787719726562,519.060791015625,87.05706787109375,177.83999633789062,120.6799087524414,148.42758178710938,135.4021759033203,329.7131652832031,68.08841705322266,42.23472213745117,139.79872131347656,96.7905044555664,443.5146179199219,189.315185546875,75.09595489501953,391.4690246582031,211.75682067871094,50.868682861328125,96.08872985839844
2023-07-06,188.9951934814453,128.36000061035156,63.75791549682617,515.4540405273438,86.03903198242188,177.30999755859375,119.05432891845703,147.32447814941406,134.0635223388672,332.7552795410156,66.33511352539062,42.02114486694336,139.5691375732422,95.27621459960938,441.7640075683594,186.91168212890625,74.51878356933594,388.27685546875,209.8726043701172,49.95656967163086,92.5025863647461
2023-07-07,187.88174438476562,129.77999877929688,63.7222785949707,503.6365661621094,85.94207763671875,178.63999938964844,118.42986297607422,145.18206787109375,135.121337890625,328.80633544921875,65.45393371582031,42.42035675048828,136.6398468017578,96.0621109008789,434.4413757324219,188.71194458007812,74.35006713867188,387.3730773925781,209.61297607421875,50.43998718261719,92.71829223632812
2023-07-10,185.84213256835938,127.12999725341797,63.9450798034668,505.51666259765625,85.41851043701172,178.77999877929688,115.42648315429688,145.41909790039062,135.87957763671875,323.5508117675781,65.14505004882812,42.09798812866211,136.69496154785156,95.62123107910156,435.8249816894531,191.49853515625,74.66973876953125,388.41156005859375,210.5262908935547,50.52207946777344,94.09345245361328
2023-07-11,185.31988525390625,128.77999877929688,64.07877349853516,508.0394287109375,86.76620483398438,179.4499969482422,116.11040496826172,144.61685180664062,138.0045928955078,324.1748352050781,65.58109283447266,42.32254409790039,135.9786834716797,97.04927825927734,435.6744079589844,193.81588745117188,75.73530578613281,390.9017333984375,212.17984008789062,51.01462173461914,95.24388885498047
2023-07-12,186.98507690429688,130.8000030517578,64.58676147460938,516.0584716796875,87.40612030029297,181.8800048828125,117.88468933105469,144.1154327392578,138.68797302246094,328.7868347167969,66.74392700195312,43.81664276123047,136.68577575683594,99.57952117919922,425.142333984375,195.39593505859375,76.1437759399414,393.978515625,213.8044891357422,51.96322250366211,95.71125030517578
2023-07-13,187.7437744140625,134.3000030517578,64.9788818359375,516.4901123046875,87.71638488769531,182.00999450683594,123.44538116455078,144.78094482421875,139.36199951171875,334.1106872558594,66.96194458007812,45.88761520385742,136.77757263183594,101.18006134033203,421.42449951171875,196.7365264892578,76.63215637207031,397.1898193359375,215.61184692382812,52.70203399658203,93.95863342285156
2023-07-14,187.89157104492188,134.67999267578125,64.67586517333984,524.403564453125,85.92269134521484,181.42999267578125,124.3176498413086,145.74729919433594,140.2045440673828,336.6262512207031,66.49864196777344,45.38059616088867,137.78768920898438,100.7679443359375,451.9384460449219,194.7160186767578,76.48121643066406,396.8725891113281,215.2946014404297,52.410152435302734,90.72300720214844
2023-07-17,191.14315795898438,133.55999755859375,64.7471694946289,530.4083862304688,82.95581817626953,181.55999755859375,123.5544204711914,145.0179901123047,143.58396911621094,337.10400390625,66.00808715820312,46.370662689208984,136.81431579589844,100.43250274658203,455.6185302734375,196.07577514648438,75.98394012451172,398.257080078125,216.1117706298828,52.43752670288086,91.11846923828125
2023-07-18,190.88699340820312,132.8300018310547,64.82740020751953,531.0125732421875,83.33395385742188,183.63999938964844,122.6722412109375,145.00885009765625,143.84608459472656,350.52069091796875,65.45393371582031,47.40165710449219,137.0714569091797,98.86068725585938,470.60247802734375,197.9239501953125,75.56658172607422,401.27618408203125,217.8325653076172,52.59258270263672,90.70503234863281
2023-07-19,192.23687744140625,135.36000061035156,64.9788818359375,531.5113525390625,84.3907699584961,183.6699981689453,120.95744323730469,144.71714782714844,144.39840698242188,346.22076416015625,65.49935150146484,46.98546600341797,138.00808715820312,98.7744140625,474.0849914550781,198.67086791992188,76.4190444946289,402.1415100097656,218.39974975585938,52.56521987915039,91.33419036865234
2023-07-20,190.29580688476562,129.9600067138672,64.67586517333984,534.2452392578125,83.5860366821289,182.74000549316406,118.15231323242188,153.5055389404297,146.17703247070312,338.2156066894531,67.31623840332031,45.431495666503906,139.12710571289062,93.79064178466797,474.59326171875,197.36854553222656,76.17040252685547,399.5166320800781,216.82315063476562,52.264217376708984,92.94300079345703
2023-07-21,189.1232452392578,130.0,64.7204360961914,535.1085205078125,84.52651977539062,182.17999267578125,118.96510314941406,155.1556396484375,145.0536651611328,335.19293212890625,68.95147705078125,44.22284698486328,141.31716918945312,93.20603942871094,476.74859619140625,196.89932250976562,76.52560424804688,399.5647277832031,216.8039093017578,52.3463134765625,93.37442016601562
2023-07-24,189.92137145996094,128.8000030517578,64.61349487304688,540.930908203125,83.96417999267578,181.39999389648438,120.46184539794922,155.96701049804688,147.9088897705078,336.4995422363281,68.58808135986328,44.5252571105957,141.76995849609375,94.16443634033203,478.77215576171875,197.04296875,77.15605163574219,401.2569580078125,217.572998046875,52.45576095581055,94.83943176269531
2023-07-25,190.7786102294922,129.1300048828125,64.54218292236328,542.1394653320312,83.02369689941406,182.41000366210938,121.1358642578125,157.16131591796875,146.8042755126953,342.2230529785156,68.53356170654297,45.590187072753906,142.1025848388672,96.14837646484375,480.88983154296875,197.26316833496094,76.60552215576172,402.4396057128906,218.12098693847656,52.65643310546875,94.98324584960938
2023-07-26,191.6456756591797,128.14999389648438,64.75607299804688,543.07958984375,83.2467041015625,183.3000030517578,128.1338348388672,157.46214294433594,147.6842041015625,329.3426208496094,67.56153869628906,45.363624572753906,142.25045776367188,95.27621459960938,478.13214111328125,198.4123077392578,76.95182800292969,402.5357360839844,218.28439331054688,52.8297233581543,94.45294952392578
2023-07-27,190.38449096679688,128.25,64.20352935791016,538.9165649414062,82.76191711425781,180.4199981689453,128.2626495361328,158.34646606445312,146.0553741455078,322.4685363769531,66.5622329711914,45.81075668334961,140.55941772460938,95.21869659423828,475.5250244140625,195.94171142578125,75.2824478149414,399.80511474609375,216.60205078125,52.492244720458984,94.74955749511719
2023-07-28,192.95616149902344,132.2100067138672,64.42632293701172,540.345947265625,83.50848388671875,181.86000061035156,131.41473388671875,159.06666564941406,146.88851928710938,329.9277038574219,66.1806869506836,46.65910339355469,144.5328826904297,96.66590881347656,473.34136962890625,198.2974090576172,75.22029113769531,403.69903564453125,218.86123657226562,53.13984680175781,93.61710357666016
2023-07-31,193.5670623779297,133.67999267578125,64.54218292236328,537.8038940429688,86.18447875976562,182.35000610351562,131.553466796875,152.73065185546875,147.8714599609375,327.5388488769531,66.58949279785156,46.63813781738281,144.4312744140625,95.02702331542969,476.5979919433594,199.89659118652344,75.70866394042969,404.4778747558594,219.52452087402344,53.13984680175781,96.38533782958984
2023-08-01,192.73941040039062,131.69000244140625,64.14273071289062,532.8159790039062,86.32019805908203,180.4600067138672,130.39376831054688,153.97047424316406,147.14125061035156,327.9483337402344,65.56294250488281,46.41657638549805,144.38504028320312,94.3082046508789,475.06378173828125,199.1209259033203,75.58434295654297,403.2279968261719,218.92849731445312,52.51049041748047,95.82808685302734
2023-08-02,189.75384521484375,128.2100067138672,63.93720245361328,529.8231811523438,83.67330169677734,179.60000610351562,127.25164031982422,154.900390625,145.47496032714844,319.328857421875,65.32672882080078,44.18293380737305,144.69921875,91.72047424316406,475.1202392578125,196.3726348876953,75.14924621582031,397.6417541503906,215.82333374023438,51.488922119140625,94.6327133178711
2023-08-03,188.36456298828125,128.91000366210938,63.544044494628906,534.9453735351562,82.88795471191406,179.5399932861328,127.3210220336914,155.56591796875,146.36428833007812,318.50982666015625,63.68243408203125,44.42844772338867,145.07810974121094,91.03043365478516,475.1767272949219,195.76934814453125,74.33230590820312,396.51678466796875,215.19847106933594,51.425071716308594,96.27747344970703
2023-08-04,179.3192901611328,139.57000732421875,64.0712661743164,529.52587890625,83.67330169677734,180.19000244140625,126.98400115966797,154.10720825195312,146.0553741455078,319.6018371582031,62.837581634521484,44.59313201904297,143.48870849609375,92.1613540649414,473.1720275878906,195.51077270507812,73.72848510742188,394.57464599609375,214.28518676757812,51.561893463134766,96.54710388183594
2023-08-07,176.22537231445312,142.22000122070312,63.972965240478516,535.6361694335938,84.18717956542969,179.77999877929688,130.37393188476562,157.80862426757812,146.74807739257812,321.87371826171875,62.35610580444336,45.328697204589844,145.004150390625,92.34345245361328,480.7110595703125,196.3917999267578,74.65196990966797,398.132080078125,215.92910766601562,51.84465026855469,96.3493881225586
2023-08-08,177.1614227294922,139.94000244140625,64.20530700683594,533.4395141601562,85.44760131835938,178.63999938964844,130.24508666992188,157.88148498535156,145.92431640625,317.9150695800781,62.4196891784668,44.5771598815918,145.16128540039062,90.56080627441406,476.11798095703125,194.93626403808594,74.17247009277344,396.4110412597656,214.92930603027344,51.41594696044922,96.82575225830078
2023-08-09,175.57504272460938,137.85000610351562,64.22317504882812,536.8734741210938,84.82707214355469,177.7899932861328,128.5203857421875,157.78125,143.96775817871094,314.1904296875,62.61045455932617,42.47126007080078,144.97645568847656,90.07200622558594,472.5884094238281,193.71055603027344,74.1635971069336,393.77655029296875,213.39109802246094,51.46155548095703,98.47050476074219
2023-08-10,175.35824584960938,138.55999755859375,63.865753173828125,538.5905151367188,88.96712493896484,177.60000610351562,128.55010986328125,156.96072387695312,143.75247192382812,314.8729248046875,62.03814697265625,42.305580139160156,144.25570678710938,90.85790252685547,473.87786865234375,193.22218322753906,73.8794174194336,394.00732421875,213.42958068847656,51.5983772277832,98.97383117675781
2023-08-11,175.41746520996094,138.41000366210938,63.660194396972656,540.0005493164062,86.31050872802734,177.60000610351562,128.4212646484375,158.49234008789062,144.58563232421875,313.0008239746094,62.61045455932617,40.77556228637695,145.0966033935547,88.16474914550781,478.1415710449219,193.35623168945312,73.99488830566406,393.6419372558594,213.22769165039062,51.19704818725586,100.51074981689453
2023-08-14,177.065185546875,140.57000732421875,63.579776763916016,538.5711059570312,86.10690307617188,177.05999755859375,130.1757049560547,158.11856079101562,144.88519287109375,315.9552001953125,62.283424377441406,43.66792297363281,143.95999145507812,89.1998519897461,480.88983154296875,193.49990844726562,73.5064926147461,395.8630065917969,214.28518676757812,50.96901321411133,100.59162139892578
2023-08-15,175.08201599121094,137.6699981689453,63.436805725097656,535.7319946289062,84.41017150878906,176.58999633789062,128.63929748535156,157.66270446777344,141.19683837890625,313.82952880859375,61.18418884277344,43.85456848144531,143.03591918945312,87.86763763427734,476.899169921875,190.9143829345703,72.68067169189453,391.3247985839844,211.85296630859375,50.339656829833984,98.00911712646484
2023-08-16,174.21376037597656,135.07000732421875,63.25807189941406,536.2498168945312,83.7217788696289,175.57000732421875,127.56881713867188,157.16131591796875,140.5977020263672,313.0675048828125,61.374969482421875,43.401451110839844,141.57591247558594,87.96349334716797,473.9532165527344,188.8938751220703,71.78382110595703,388.4307556152344,210.10330200195312,49.94744110107422,96.35990142822266
2023-08-17,171.6780548095703,133.97999572753906,63.195526123046875,524.7968139648438,83.30486297607422,175.3000030517578,128.77809143066406,158.6382293701172,139.13734436035156,309.62799072265625,61.329559326171875,43.25972366333008,140.55941772460938,87.82930755615234,464.91766357421875,186.38499450683594,71.2066421508789,385.28668212890625,208.38247680664062,49.72854232788086,98.2265853881836
2023-08-18,172.16148376464844,133.22000122070312,63.32957077026367,522.71533203125,83.34364318847656,175.3300018310547,126.33972930908203,157.2524871826172,139.4556121826172,309.2371520996094,61.620262145996094,43.214813232421875,140.95675659179688,87.31175994873047,469.13427734375,187.2851104736328,71.42862701416016,385.64239501953125,208.62283325195312,49.64645004272461,99.71266174316406
2023-08-21,173.4934844970703,134.67999267578125,63.025726318359375,521.0559692382812,83.2660903930664,175.80999755859375,127.2417221069336,152.56651306152344,139.9330291748047,314.51361083984375,60.93891906738281,46.87568283081055,140.24526977539062,88.71105194091797,468.4189147949219,187.198974609375,70.77153015136719,388.1902770996094,209.8245086669922,49.792381286621094,98.50747680664062
2023-08-22,174.86492919921875,134.25,63.106170654296875,516.4134521484375,83.1788330078125,176.10000610351562,127.94547271728516,151.35401916503906,137.0310516357422,315.08026123046875,61.33863067626953,45.57920455932617,140.30068969726562,88.40435028076172,463.3928527832031,186.4999237060547,70.97576141357422,387.10382080078125,209.26695251464844,49.70117950439453,97.9547348022461
2023-08-23,178.70303344726562,135.52000427246094,63.67809295654297,518.8018188476562,83.21761322021484,177.88999938964844,131.20652770996094,149.99563598632812,137.95777893066406,319.51641845703125,61.67476272583008,47.024391174316406,141.61285400390625,90.3020248413086,460.6633605957031,188.67364501953125,72.09461212158203,391.2767028808594,211.554931640625,50.29404830932617,97.09387969970703
2023-08-24,174.02627563476562,131.83999633789062,63.52616500854492,510.9886474609375,79.95987701416016,177.85000610351562,128.63929748535156,150.5061798095703,137.82676696777344,312.64727783203125,61.06610870361328,47.0713005065918,140.95675659179688,88.68229675292969,459.4021911621094,186.37542724609375,71.8193359375,386.0750732421875,208.7189483642578,49.7376594543457,96.36895751953125
2023-08-25,176.22650146484375,133.25999450683594,63.52616500854492,513.1990356445312,80.8227767944336,177.6199951171875,128.73846435546875,152.66416931152344,137.65823364257812,315.58843994140625,61.73835372924805,45.92852783203125,141.8808135986328,89.22859954833984,460.3621826171875,187.17977905273438,71.87261962890625,388.6326599121094,210.1417694091797,50.00217819213867,98.09066009521484
2023-08-28,177.78543090820312,133.13999938964844,63.64234161376953,515.2940673828125,81.59844970703125,178.1300048828125,129.8585205078125,150.86431884765625,138.1356658935547,316.2919616699219,61.792869567871094,46.74393844604492,142.1025848388672,90.09117126464844,462.39520263671875,188.78851318359375,72.5474853515625,391.1901550292969,211.4876708984375,50.467350006103516,98.9152603149414
2023-08-29,181.66297912597656,134.91000366210938,64.0355453491211,521.6176147460938,81.83112335205078,179.8699951171875,133.38722229003906,150.88265991210938,139.25904846191406,320.89410400390625,61.754451751708984,48.68914794921875,142.18576049804688,91.12626647949219,463.8540344238281,191.62301635742188,73.42658233642578,396.74761962890625,214.56394958496094,51.114952087402344,99.50424194335938
2023-08-30,185.14588928222656,135.07000732421875,64.00870513916016,521.1275634765625,81.71477508544922,180.32000732421875,134.68572998046875,150.35006713867188,138.69735717773438,321.26544189453125,61.37025451660156,49.168212890625,142.34286499023438,90.8387451171875,462.6304626464844,192.52316284179688,73.69296264648438,398.4013366699219,215.5157012939453,51.096717834472656,100.47383880615234
2023-08-31,185.36293029785156,138.00999450683594,64.11595916748047,527.8739013671875,81.13304901123047,180.02000427246094,134.97317504882812,148.46759033203125,136.98422241210938,320.259033203125,61.104984283447266,49.2590446472168,142.62008666992188,89.6790542602539,448.5594787597656,192.5039825439453,73.15129852294922,397.89178466796875,215.28497314453125,50.80482864379883,100.75474548339844
2023-09-01,186.9317169189453,138.1199951171875,63.807701110839844,523.0399169921875,79.15514373779297,180.11000061035156,134.46763610839844,147.36566162109375,137.4429473876953,321.138427734375,61.169010162353516,48.41468048095703,142.77720642089844,89.31485748291016,448.2394714355469,194.38087463378906,73.27561950683594,398.73779296875,215.99635314941406,51.01462173461914,102.86605834960938
2023-09-05,187.16856384277344,137.27000427246094,63.45824432373047,523.5013427734375,78.71883392333984,178.63999938964844,134.57669067382812,147.54930114746094,135.92642211914062,325.91650390625,60.556121826171875,48.4536018371582,140.86436462402344,90.66621398925781,452.540771484375,190.4643096923828,72.42315673828125,396.9975891113281,214.70819091796875,50.57680892944336,102.8751220703125
2023-09-06,180.46914672851562,135.36000061035156,63.38654708862305,525.384765625,78.51522827148438,177.8300018310547,133.27821350097656,145.0974884033203,135.7017059326172,325.2618713378906,60.08961486816406,46.973358154296875,140.587158203125,88.42353820800781,448.8983154296875,189.87063598632812,72.2721939086914,394.2572937011719,213.3623046875,50.40351104736328,103.76314544677734
2023-09-07,175.1905059814453,137.85000610351562,63.60161590576172,527.2396240234375,78.1176986694336,178.02000427246094,134.0711669921875,146.95242309570312,134.5409393310547,322.3598937988281,60.601871490478516,46.1548957824707,141.92703247070312,86.30542755126953,456.3056335449219,188.35763549804688,72.7250747680664,393.0843200683594,212.6316375732422,50.120750427246094,103.25570678710938
2023-09-08,175.80221557617188,138.22999572753906,63.61953353881836,529.7094116210938,79.09696197509766,178.0800018310547,135.18130493164062,147.43911743164062,134.64390563964844,326.6200256347656,61.13241958618164,45.48713684082031,141.31716918945312,85.91248321533203,454.26470947265625,187.936279296875,72.44092559814453,393.6227111816406,212.8623809814453,50.0933837890625,104.7599105834961
2023-09-11,176.9664764404297,143.10000610351562,63.52096939086914,537.0037841796875,80.00835418701172,178.41000366210938,135.71656799316406,149.3675079345703,135.2336883544922,330.2060546875,61.77273178100586,45.09387969970703,142.9989471435547,85.8741455078125,452.9512939453125,188.25228881835938,72.44979858398438,396.2091369628906,214.1986541748047,50.65889358520508,103.44601440429688
2023-09-12,173.94735717773438,141.22999572753906,63.56577682495117,537.0133056640625,81.13304901123047,177.49000549316406,134.15045166015625,150.2123260498047,136.99359130859375,324.17724609375,61.955692291259766,44.78644561767578,140.4854736328125,86.7175521850586,453.442626953125,188.21397399902344,72.41427612304688,394.08428955078125,213.160400390625,50.449119567871094,106.46346282958984
2023-09-13,171.88522338867188,144.85000610351562,63.66433334350586,537.9454345703125,80.93913269042969,177.0800018310547,135.5084228515625,150.5888214111328,137.05911254882812,328.3690490722656,62.59601593017578,45.40030288696289,141.46502685546875,87.42677307128906,453.385986328125,186.81591796875,71.62398529052734,394.5457763671875,213.18927001953125,50.339656829833984,105.51201629638672
2023-09-14,173.3948211669922,144.72000122070312,63.55678939819336,542.7603149414062,81.90869903564453,177.1699981689453,136.88619995117188,150.3592529296875,139.71775817871094,330.9486999511719,63.37353515625,45.49612045288086,143.01744079589844,88.12137603759766,456.9386901855469,189.07583618164062,72.9204330444336,397.95904541015625,215.01580810546875,50.89604187011719,107.39681243896484
2023-09-15,172.67454528808594,140.38999938964844,63.431331634521484,534.6779174804688,82.9752197265625,178.33999633789062,136.1923370361328,148.25637817382812,139.30584716796875,322.6627197265625,62.78810501098633,43.81825256347656,141.816162109375,85.98265838623047,459.8677673339844,187.4287567138672,72.64514923095703,392.997802734375,212.48745727539062,50.777469635009766,105.74761962890625
2023-09-18,175.5950469970703,139.97999572753906,63.49406433105469,540.7901611328125,82.4322509765625,179.38999938964844,136.99522399902344,149.19302368164062,139.59603881835938,321.529296875,62.422210693359375,43.88412857055664,142.3520965576172,85.57801818847656,459.26312255859375,186.86380004882812,71.9969482421875,393.43048095703125,212.50668334960938,50.59865951538086,106.59939575195312
2023-09-19,176.68038940429688,137.6300048828125,63.359676361083984,542.3566284179688,79.44601440429688,179.22000122070312,136.8267364501953,148.9451141357422,139.4181671142578,321.1286926269531,61.82761764526367,43.438968658447266,141.93626403808594,84.94218444824219,454.1607666015625,186.1360321044922,71.66838073730469,392.6419982910156,211.9683074951172,50.56198501586914,106.31848907470703
2023-09-20,173.14816284179688,135.2899932861328,63.279014587402344,541.8567504882812,80.04713439941406,179.35000610351562,132.56454467773438,149.5970916748047,138.8284149169922,313.42901611328125,61.608070373535156,42.160343170166016,141.816162109375,84.09441375732422,464.9984130859375,184.7858428955078,71.73053741455078,388.96917724609375,210.09368896484375,50.40610122680664,105.47578430175781
2023-09-21,171.6089630126953,129.3300018310547,62.88475036621094,533.4479370117188,80.21195983886719,178.0500030517578,129.2935028076172,148.44918823242188,137.74249267578125,312.2173767089844,61.20560073852539,40.940616607666016,140.587158203125,82.23506164550781,473.51165771484375,181.2628631591797,69.28861236572266,382.59454345703125,206.56996154785156,49.571651458740234,103.98969268798828
2023-09-22,172.4574737548828,129.1199951171875,63.14466094970703,536.8211059570312,78.77700805664062,178.6199951171875,129.10519409179688,147.38400268554688,136.4225311279297,309.7550048828125,61.92824935913086,41.53252029418945,140.06968688964844,82.50480651855469,478.19818115234375,180.8110809326172,68.76470184326172,381.6714782714844,206.13575744628906,49.76421356201172,104.15280151367188
2023-09-25,173.73028564453125,131.27000427246094,62.67869186401367,536.8499145507812,78.5443115234375,177.6999969482422,129.95762634277344,147.16363525390625,137.09657287597656,310.2729187011719,61.71784973144531,42.14338302612305,139.2195587158203,83.08283996582031,482.1478271484375,181.7050018310547,68.70255279541016,383.2579345703125,206.96556091308594,49.58999252319336,105.32174682617188
2023-09-26,169.66526794433594,125.9800033569336,62.615943908691406,531.41064453125,77.61354064941406,176.27999877929688,127.4399642944336,146.0249481201172,135.67364501953125,304.9964904785156,59.769447326660156,41.83295822143555,137.98130798339844,81.20423126220703,477.5840759277344,179.0231475830078,67.45051574707031,377.63323974609375,203.98410034179688,48.89308547973633,105.4848403930664
2023-09-27,168.15567016601562,125.9800033569336,62.39194107055664,541.5685424804688,77.46809387207031,174.10000610351562,129.39263916015625,144.27105712890625,136.46934509277344,305.63165283203125,54.848121643066406,42.388919830322266,136.151611328125,82.31214141845703,475.9588928222656,180.3881072998047,66.99764251708984,377.7197570800781,204.19638061523438,48.8747444152832,108.91915130615234
2023-09-28,168.41220092773438,125.9800033569336,62.55324172973633,546.4697875976562,77.69110107421875,173.22999572753906,131.14710998535156,144.05984497070312,138.16372680664062,306.4621887207031,52.21364974975586,43.00876998901367,135.22755432128906,83.24662017822266,481.9776916503906,182.2144775390625,67.64051055908203,379.9232177734375,205.5471954345703,49.177345275878906,108.25765228271484
2023-09-29,168.9252471923828,127.12000274658203,62.52634048461914,542.9428100585938,78.58309936523438,171.4499969482422,129.70985412597656,143.02220153808594,135.7579345703125,308.5238342285156,52.4057502746582,43.417999267578125,134.78399658203125,83.71868133544922,476.3935241699219,181.74349975585938,67.83778381347656,379.0159606933594,204.94900512695312,49.076480865478516,106.5450439453125
2023-10-02,171.43136596679688,129.4600067138672,62.09687423706055,549.04541015625,79.18421936035156,169.64999389648438,132.99075317382812,142.47120666503906,134.5877685546875,314.4354553222656,47.703956604003906,44.698612213134766,134.1649169921875,84.44121551513672,486.20123291015625,179.33071899414062,66.59149169921875,378.9870300292969,204.6787872314453,48.44377517700195,104.77803802490234
2023-10-03,170.09939575195312,124.72000122070312,61.59368133544922,543.0195922851562,77.11905670166016,169.16000366210938,131.26605224609375,142.64569091796875,133.59544372558594,306.2178955078125,48.280250549316406,43.43596649169922,134.44212341308594,82.28323364257812,481.3824768066406,176.06248474121094,65.29138946533203,373.8910217285156,201.70700073242188,47.84773254394531,104.95927429199219
2023-10-04,171.3426055908203,127.0,61.998023986816406,549.5161743164062,76.90575408935547,169.13999938964844,134.05136108398438,142.8109893798828,134.194580078125,311.660400390625,46.30439376831055,43.95899200439453,134.8856658935547,83.4970932006836,482.468994140625,176.8603515625,66.08937072753906,376.6416931152344,203.1639862060547,47.820228576660156,101.03562927246094
2023-10-05,172.57591247558594,125.95999908447266,62.042945861816406,547.3251953125,78.35039520263672,168.8300018310547,133.88282775878906,144.298583984375,134.76039123535156,312.0512390136719,45.23414993286133,44.60478973388672,132.88046264648438,83.84391784667969,487.769775390625,176.70651245117188,66.45697784423828,376.32318115234375,203.0578155517578,48.15034103393555,98.76119232177734
2023-10-06,175.1214599609375,127.95999908447266,61.80035400390625,535.8024291992188,80.41557312011719,169.6999969482422,136.37075805664062,144.7577362060547,136.8350830078125,319.7704772949219,45.95679473876953,45.67678451538086,133.14840698242188,86.02118682861328,495.87677001953125,178.32139587402344,66.63629913330078,380.8111267089844,205.4796600341797,48.74637222290039,97.11200714111328
2023-10-09,176.60147094726562,128.25999450683594,62.42929458618164,537.186279296875,82.12199401855469,172.82000732421875,137.20338439941406,145.5841827392578,136.52386474609375,322.2718505859375,45.115230560302734,45.18869400024414,132.4738311767578,85.73217010498047,497.4830627441406,179.571044921875,67.36255645751953,383.3495178222656,206.77259826660156,48.645503997802734,100.51007843017578
2023-10-10,176.0094757080078,129.47999572753906,62.366424560546875,540.1847534179688,82.40316772460938,172.52999877929688,136.84654235839844,145.41891479492188,137.35374450683594,320.8746337890625,47.182559967041016,45.71271896362305,133.78602600097656,87.29286193847656,495.33807373046875,181.6377410888672,67.68534851074219,385.3280334472656,208.055908203125,49.305728912353516,100.08419799804688
2023-10-11,177.40066528320312,131.8300018310547,62.653953552246094,543.4808959960938,82.2674331665039,173.7899932861328,139.3146514892578,143.4170379638672,137.82525634765625,324.8124084472656,48.97545623779297,46.71884536743164,132.1411895751953,88.63197326660156,495.2342224121094,182.02223205566406,68.85992431640625,386.9591369628906,208.87600708007812,49.50746536254883,96.49583435058594
2023-10-12,178.29852294921875,132.3300018310547,62.11481475830078,541.808837890625,81.78266906738281,173.25999450683594,137.74853515625,143.55479431152344,137.50462341308594,323.58123779296875,48.48149490356445,46.85758972167969,132.4368896484375,89.03660583496094,496.56640625,178.41754150390625,67.85570526123047,384.6331481933594,207.1971435546875,49.030635833740234,96.47772216796875
2023-10-13,176.46331787109375,129.7899932861328,62.4023551940918,544.7496948242188,81.78266906738281,178.8300018310547,136.1527099609375,144.03228759765625,139.56988525390625,320.229736328125,49.844459533691406,45.37635040283203,133.70286560058594,87.14834594726562,509.6623229980469,177.04295349121094,67.68534851074219,382.60638427734375,206.0296173095703,48.682193756103516,99.55863189697266
2023-10-16,176.3350372314453,132.5500030517578,62.0788688659668,549.939208984375,83.10126495361328,177.9600067138672,137.8773956298828,144.65673828125,139.4284210205078,325.0273132324219,49.74383544921875,46.0091667175293,134.9780731201172,87.88053894042969,508.36785888671875,179.9747772216797,68.49229431152344,386.61175537109375,208.42250061035156,49.048980712890625,99.631103515625
2023-10-17,174.78599548339844,131.47000122070312,61.67455291748047,551.957275390625,83.57634735107422,178.2899932861328,138.49195861816406,143.3344268798828,139.12664794921875,324.4606018066406,49.55173873901367,43.85618591308594,135.15367126464844,87.66858673095703,507.06396484375,182.1568145751953,68.39366912841797,386.6213684082031,208.69268798828125,49.012290954589844,100.93595886230469
2023-10-18,173.4934844970703,128.1300048828125,61.404991149902344,552.2456665039062,82.10260772705078,180.8699951171875,136.74745178222656,140.24899291992188,137.59893798828125,322.5552062988281,48.70103073120117,42.11742401123047,138.6373748779297,86.31983184814453,506.5065002441406,178.15798950195312,66.941162109375,381.4481506347656,205.6051025390625,48.17784881591797,102.34955596923828
2023-10-19,173.11854553222656,128.39999389648438,61.13544464111328,543.5867309570312,80.71614074707031,183.08999633789062,136.53927612304688,139.87249755859375,137.0142364501953,323.7375183105469,47.92349624633789,42.022613525390625,137.85719299316406,89.50865936279297,502.3207092285156,175.29348754882812,65.3541488647461,378.2149353027344,203.66567993164062,47.84773254394531,102.41297912597656
2023-10-20,170.57298278808594,125.16999816894531,61.36006546020508,531.3816528320312,80.13440704345703,183.58999633789062,134.40818786621094,140.49691772460938,134.8074951171875,319.1939392089844,47.5301628112793,41.309932708740234,137.6711883544922,87.96722412109375,497.9743957519531,173.1691131591797,64.91481018066406,373.5049743652344,201.14735412597656,47.34339904785156,100.65505981445312
2023-10-23,170.69139099121094,126.55999755859375,61.59368133544922,530.7666625976562,80.5707015991211,182.97000122070312,135.3002471923828,139.0184783935547,132.9686279296875,321.7833251953125,47.12767791748047,42.89497756958008,137.7642059326172,87.7745590209961,492.8153381347656,171.7657012939453,64.2782211303711,372.84857177734375,200.59739685058594,47.32506561279297,99.17802429199219
2023-10-24,171.12548828125,128.55999755859375,61.80035400390625,530.3341064453125,80.04713439941406,182.9499969482422,137.5899658203125,138.87155151367188,133.12890625,322.9656982421875,50.420753479003906,43.581687927246094,139.39149475097656,88.28515625,496.05621337890625,173.06336975097656,65.10308837890625,375.637939453125,202.11224365234375,47.66434097290039,98.217529296875
2023-10-25,168.81674194335938,121.38999938964844,61.33312225341797,528.5562744140625,78.13709259033203,183.72000122070312,124.50598907470703,139.1837921142578,132.40277099609375,332.8735656738281,51.646507263183594,41.701202392578125,140.04246520996094,84.43157958984375,500.97900390625,169.9585418701172,63.704383850097656,370.3392639160156,199.1114959716797,47.215023040771484,98.39875030517578
2023-10-26,164.66293334960938,119.56999969482422,61.746429443359375,526.2593994140625,77.35175323486328,184.00999450683594,121.20523071289062,136.82379150390625,132.74224853515625,320.38604736328125,52.6618766784668,40.25090789794922,139.2985382080078,84.24854278564453,499.23101806640625,170.60260009765625,64.92377471923828,365.7933654785156,197.04666137695312,46.94910430908203,97.50165557861328
2023-10-27,165.9751739501953,127.73999786376953,61.746429443359375,521.8675537109375,76.91544342041016,186.14999389648438,121.09620666503906,133.70164489746094,127.9610595703125,322.2620849609375,51.44526672363281,40.42457962036133,136.84359741210938,82.84199523925781,495.7349548339844,168.4686279296875,63.883705139160156,364.171875,195.9853057861328,46.82072830200195,95.64405822753906
2023-10-30,168.01751708984375,132.7100067138672,61.59368133544922,533.255615234375,78.22435760498047,185.10000610351562,123.36608123779297,135.0147705078125,129.592529296875,329.5904846191406,52.32342529296875,41.084354400634766,138.79638671875,82.90943908691406,500.7711181640625,169.69898986816406,64.28718566894531,368.5536804199219,198.24310302734375,47.39841842651367,95.94307708740234
2023-10-31,168.49114990234375,133.08999633789062,61.57571029663086,530.9107055664062,79.10665893554688,184.08999633789062,122.98942565917969,136.21774291992188,131.13909912109375,330.3721923828125,53.329647064208984,40.704063415527344,139.5124053955078,83.15028381347656,506.0340576171875,171.1505126953125,65.38105010986328,370.78326416015625,199.52639770507812,47.425926208496094,95.91590118408203
2023-11-01,171.6484375,137.0,62.17321014404297,535.100830078125,78.60248565673828,183.50999450683594,125.33858489990234,136.53915405273438,131.0259552001953,338.1499328613281,53.44855880737305,42.24618148803711,139.1218719482422,84.58573150634766,502.2923583984375,172.02523803710938,65.78453826904297,374.8658142089844,201.52366638183594,47.893592834472656,95.72561645507812
2023-11-02,175.20042419433594,138.07000732421875,62.533687591552734,535.2838134765625,80.75492095947266,184.1199951171875,126.36945343017578,137.96246337890625,133.36468505859375,340.3485107421875,54.8023796081543,43.424991607666016,140.8235321044922,87.1676254272461,506.5726623535156,175.99517822265625,67.94535064697266,381.9886169433594,205.52789306640625,48.86557388305664,98.86994934082031
2023-11-03,174.29266357421875,138.60000610351562,62.90317153930664,540.0303344726562,82.48074340820312,184.7899932861328,127.96530151367188,138.97259521484375,134.8546905517578,344.7259216308594,54.31756591796875,44.92119216918945,139.54959106445312,88.42965698242188,501.63104248046875,180.10934448242188,69.56822204589844,385.5210876464844,207.84359741210938,49.525794982910156,97.66477966308594
2023-11-06,176.8382568359375,139.74000549316406,62.632816314697266,548.6185302734375,81.46269226074219,183.35000610351562,129.10519409179688,139.3031768798828,135.87318420410156,348.37060546875,54.006553649902344,45.66580581665039,140.35862731933594,89.20999908447266,504.0499267578125,178.1099395751953,68.56402587890625,386.26422119140625,207.93043518066406,49.47078323364258,95.93404388427734
2023-11-07,179.3936767578125,142.7100067138672,62.948219299316406,550.0144653320312,82.01534271240234,182.58999633789062,129.81886291503906,138.56851196289062,135.80715942382812,352.2790222167969,53.47600173950195,45.86943435668945,140.0331573486328,89.0269775390625,508.178955078125,177.85040283203125,67.99915313720703,387.3548889160156,208.54795837402344,49.16817855834961,94.42980194091797
2023-11-08,180.44940185546875,142.0800018310547,63.14649200439453,546.2693481445312,81.92808532714844,180.77000427246094,130.6812286376953,138.0634765625,136.4767303466797,354.887939453125,52.59783935546875,46.487274169921875,139.49380493164062,88.63197326660156,507.1395568847656,176.74497985839844,68.22331237792969,387.6733703613281,208.51901245117188,49.02146911621094,93.26995086669922
2023-11-09,179.97581481933594,140.60000610351562,62.67789077758789,542.3121948242188,87.59033203125,181.49000549316406,129.09527587890625,135.37289428710938,136.0712127685547,352.43536376953125,50.05485534667969,46.862579345703125,139.80996704101562,88.26588439941406,509.2843933105469,174.31298828125,67.14737701416016,384.7490234375,206.74365234375,48.92059326171875,93.29712677001953
2023-11-10,184.1548614501953,143.55999755859375,62.7950325012207,555.64697265625,85.5833511352539,179.50999450683594,131.42462158203125,135.21681213378906,138.0893096923828,361.20989990234375,50.43904495239258,48.244998931884766,140.79566955566406,93.87281799316406,511.3726501464844,176.31240844726562,67.7750015258789,390.75225830078125,209.82164001464844,49.177345275878906,94.01299285888672
2023-11-13,182.5741424560547,142.58999633789062,62.777015686035156,556.7155151367188,86.71772766113281,180.50999450683594,130.92898559570312,135.5657501220703,137.47634887695312,358.2882995605469,49.853614807128906,48.52946090698242,141.77207946777344,92.89016723632812,512.6575927734375,176.09132385253906,67.21012115478516,390.3565673828125,209.69613647460938,49.278221130371094,95.00070190429688
2023-11-14,185.1823272705078,145.8000030517578,63.543025970458984,568.8178100585938,88.2981185913086,182.1199951171875,132.44557189941406,135.5933074951172,139.98483276367188,361.79620361328125,52.643577575683594,49.56352996826172,141.4558868408203,95.28901672363281,510.66387939453125,183.97357177734375,70.94004821777344,397.8558044433594,214.3468475341797,50.52531051635742,95.366455078125
2023-11-15,185.74546813964844,143.1999969482422,63.191558837890625,574.575439453125,91.07108306884766,181.63999938964844,133.43679809570312,136.64013671875,141.21078491210938,361.9430236816406,52.140472412109375,48.79696273803711,140.80496215820312,95.18303680419922,508.7268981933594,184.8386688232422,71.14627075195312,398.72442626953125,214.8775177001953,50.60783386230469,94.79037475585938
2023-11-16,187.4250030517578,142.8300018310547,63.57004928588867,557.0526123046875,91.63341522216797,183.69000244140625,135.72647094726562,137.83389282226562,142.82337951660156,368.3071594238281,51.77457809448242,49.38786315917969,142.1160888671875,94.93255615234375,510.0591735839844,182.5413055419922,70.99385833740234,399.2842102050781,214.7328338623047,50.38776397705078,93.69304656982422
2023-11-17,187.4052276611328,145.17999267578125,63.660179138183594,555.6757202148438,91.28437805175781,183.6699981689453,134.1207275390625,137.5491943359375,144.1153564453125,362.1192932128906,52.47892761230469,49.20621109008789,140.47952270507812,95.93447875976562,506.7238464355469,184.36766052246094,70.94004821777344,399.8729553222656,215.2731170654297,50.91043472290039,95.97914123535156
2023-11-20,189.14402770996094,146.1300048828125,63.75028991699219,559.18994140625,92.1375961303711,183.3699951171875,135.0524444580078,138.76182556152344,144.55856323242188,369.5506591796875,52.45148468017578,50.31513595581055,139.73558044433594,96.30055236816406,505.5993957519531,185.30967712402344,71.46009063720703,402.8841857910156,216.89410400390625,51.2038688659668,95.5584945678711
2023-11-21,188.34378051757812,143.89999389648438,63.84039306640625,562.5597534179688,91.57524108886719,185.35000610351562,135.76611328125,139.88182067871094,144.2567901611328,365.2719421386719,53.03692626953125,49.85099792480469,139.1218719482422,94.80731201171875,509.8419189453125,183.74285888671875,70.9579849243164,401.8321838378906,216.30555725097656,50.97462844848633,95.52191925048828
2023-11-22,189.0057373046875,146.7100067138672,63.89449691772461,567.161865234375,92.1763687133789,184.55999755859375,137.27276611328125,139.60414123535156,144.59629821777344,369.9520263671875,52.998191833496094,48.62528610229492,140.43301391601562,95.03851318359375,513.781982421875,184.89637756347656,71.30766296386719,403.5694885253906,217.23184204101562,51.02046585083008,95.11042022705078
2023-11-24,187.681884765625,146.74000549316406,63.58807373046875,569.3570556640625,93.13623046875,185.52000427246094,135.4885711669922,141.15919494628906,144.79432678222656,369.540771484375,53.07196044921875,47.687034606933594,140.76776123046875,94.24854278564453,516.9378051757812,185.83839416503906,71.51390075683594,403.79144287109375,217.46339416503906,51.29555892944336,95.62251281738281
2023-11-27,187.50404357910156,147.72999572753906,63.9755744934082,572.7652587890625,92.27333068847656,186.77000427246094,135.21104431152344,140.02993774414062,144.46426391601562,370.6960754394531,53.09962844848633,48.15217590332031,140.63758850097656,93.65125274658203,513.6213989257812,185.4154510498047,71.77389526367188,403.0868835449219,217.18357849121094,51.13968276977539,95.06468963623047
2023-11-28,188.106689453125,147.02999877929688,64.24594116210938,571.8987426757812,89.6845932006836,189.25999450683594,135.99411010742188,140.35391235351562,144.79432678222656,374.7007141113281,53.63450241088867,47.73195266723633,141.61395263671875,94.39305877685547,510.7301330566406,184.65606689453125,72.24910736083984,403.48260498046875,217.31866455078125,51.31390380859375,95.00984954833984
2023-11-29,187.08909606933594,146.32000732421875,64.57940673828125,565.9871826171875,89.6845932006836,189.5399932861328,133.8035430908203,140.79823303222656,145.52989196777344,370.9311218261719,53.818939208984375,48.05035400390625,140.53526306152344,95.2601089477539,505.486083984375,185.83839416503906,72.75120544433594,403.2220153808594,217.41514587402344,51.29555892944336,93.58330535888672
2023-11-30,187.66209411621094,146.08999633789062,64.37213134765625,570.685546875,89.86881256103516,188.75,131.36517333984375,143.15858459472656,147.18963623046875,370.9898681640625,53.957271575927734,46.68291091918945,142.7577362060547,93.74757385253906,522.4841918945312,186.89576721191406,73.28021240234375,404.7855529785156,218.31248474121094,51.332237243652344,93.94910430908203
2023-12-01,188.9365692138672,147.02999877929688,64.89718627929688,574.0652465820312,89.76216125488281,192.00999450683594,130.7010498046875,146.6019744873047,147.90634155273438,366.68182373046875,54.5659065246582,46.677921295166016,141.95803833007812,94.94219207763672,518.75830078125,192.0192108154297,75.08241271972656,407.1597900390625,220.1553955078125,51.799896240234375,94.17770385742188
2023-12-04,187.14833068847656,144.83999633789062,64.63508605957031,576.7898559570312,89.20951080322266,187.86000061035156,128.1338348388672,147.06475830078125,148.99087524414062,361.42413330078125,54.10481643676758,45.425254821777344,141.40008544921875,93.45856475830078,519.8201904296875,193.50917053222656,75.62934112548828,405.11376953125,219.3642120361328,51.34141540527344,93.66560363769531
2023-12-05,191.09030151367188,146.8800048828125,65.05081176757812,582.8264770507812,88.02664184570312,187.14999389648438,129.83868408203125,146.7593231201172,148.97198486328125,364.73345947265625,53.69904708862305,46.483375549316406,136.47166442871094,93.1502685546875,521.6973266601562,190.94264221191406,75.12723541259766,404.9881896972656,218.9396514892578,51.17635726928711,91.84589385986328
2023-12-06,190.00357055664062,144.52000427246094,65.2405776977539,584.8290405273438,88.71503448486328,187.83999633789062,128.87722778320312,144.97280883789062,147.40655517578125,361.0911865234375,55.51576614379883,45.42226028442383,136.3693389892578,94.26781463623047,521.0051879882812,190.66384887695312,74.90306854248047,403.2991943359375,218.0133819580078,51.231380462646484,90.62969207763672
2023-12-07,191.93006896972656,146.8800048828125,65.22252655029297,588.2182006835938,89.53915405273438,188.14999389648438,135.72647094726562,143.84353637695312,147.85922241210938,363.1962890625,55.192996978759766,46.51332092285156,136.22987365722656,95.65509796142578,519.8106689453125,191.74046325683594,75.11827087402344,406.455322265625,219.75978088378906,51.48813247680664,89.99873352050781
2023-12-08,193.35272216796875,147.4199981689453,64.9062271118164,588.0545654296875,90.28815460205078,185.63999938964844,133.8035430908203,142.9364013671875,149.49066162109375,366.40777587890625,55.05466842651367,47.42171096801758,134.97450256347656,96.67628479003906,521.2327880859375,192.82669067382812,74.99274444580078,408.1829528808594,220.8115234375,51.47896194458008,91.03205108642578
2023-12-11,190.85317993164062,145.88999938964844,64.91525268554688,600.6478271484375,89.68506622314453,183.58999633789062,132.11846923828125,143.52882385253906,150.03762817382812,363.5389404296875,55.06388854980469,46.544273376464844,135.59754943847656,97.25432586669922,515.4589233398438,193.7975311279297,75.19896697998047,409.7657470703125,221.718505859375,51.588993072509766,91.0960464477539
2023-12-12,192.36476135253906,147.47999572753906,65.10503387451172,606.0779418945312,88.58589172363281,183.49000549316406,131.35523986816406,143.53811645507812,151.37672424316406,366.5545654296875,54.888675689697266,47.572444915771484,135.7091522216797,97.88052368164062,517.3930053710938,193.6533660888672,75.15412139892578,411.80230712890625,222.55796813964844,51.644012451171875,89.66039276123047
2023-12-13,195.57562255859375,148.83999633789062,65.93647003173828,618.1128540039062,90.29788208007812,187.6300048828125,131.40480041503906,144.20455932617188,151.88597106933594,366.54473876953125,57.64601516723633,48.00267791748047,138.16404724121094,98.3814926147461,520.51220703125,199.3054962158203,78.03226470947266,417.4097900390625,226.01219177246094,52.39593505859375,90.45594787597656
2023-12-14,195.72381591796875,147.4199981689453,66.43356323242188,607.3103637695312,91.37760162353516,188.72999572753906,130.7803497314453,145.20420837402344,154.6490936279297,358.2812194824219,57.89500427246094,48.26420974731445,134.51885986328125,100.13248443603516,506.5089111328125,204.2559051513672,80.28275299072266,418.6355285644531,227.3533477783203,52.92778396606445,92.88834381103516
2023-12-15,195.19032287597656,149.97000122070312,66.33411407470703,634.3070678710938,90.91069793701172,187.0,131.43455505371094,143.62144470214844,155.81846618652344,362.9808349609375,56.7146110534668,48.80324935913086,133.867919921875,99.25167083740234,503.55078125,202.5737762451172,79.15303802490234,417.9985046386719,227.0446014404297,52.450950622558594,92.26652526855469
2023-12-18,193.53054809570312,154.07000732421875,66.19857788085938,655.892822265625,90.32707214355469,187.85000610351562,134.6064453125,143.88058471679688,156.76148986816406,364.8607177734375,56.253517150878906,49.9881477355957,135.92298889160156,99.62916564941406,499.2180480957031,202.7852325439453,78.97371673583984,420.3631896972656,228.0287628173828,52.5505485534668,92.95235443115234
2023-12-19,194.56793212890625,153.7899932861328,66.32508850097656,652.5230712890625,91.36787414550781,189.1300048828125,135.44894409179688,144.82473754882812,158.8550567626953,365.4579772949219,56.77915954589844,49.51598358154297,135.92298889160156,100.53901672363281,496.83831787109375,205.91891479492188,79.57444763183594,422.92083740234375,229.697998046875,53.025230407714844,94.17770385742188
2023-12-20,192.48333740234375,152.1199951171875,66.5419692993164,636.4058837890625,88.78043365478516,188.10000610351562,137.1240692138672,141.87193298339844,157.0632781982422,362.8731994628906,55.18377685546875,48.025634765625,133.82142639160156,96.83184051513672,489.1493225097656,202.12197875976562,78.60608673095703,416.81622314453125,226.272705078125,52.35508728027344,92.60486602783203
2023-12-21,192.33514404296875,153.83999633789062,66.53294372558594,640.4110717773438,89.50997161865234,189.42999267578125,139.1858367919922,143.3251953125,157.95913696289062,365.7321472167969,54.96245193481445,48.903079986572266,134.14688110351562,99.26133728027344,492.89434814453125,205.2108917236328,79.30319213867188,420.8769226074219,228.7747039794922,53.27653503417969,93.02552032470703
2023-12-22,191.26812744140625,153.4199981689453,66.48855590820312,646.611328125,88.5372543334961,190.27000427246094,140.24639892578125,143.8990936279297,157.86485290527344,366.7503662109375,55.10077667236328,48.74336242675781,135.09539794921875,99.84210205078125,493.3019104003906,206.58287048339844,79.61178588867188,421.855712890625,229.29795837402344,53.29513931274414,93.19010925292969
2023-12-26,190.7247772216797,153.41000366210938,66.55198669433594,649.51904296875,88.46916198730469,191.72000122070312,140.27613830566406,144.52853393554688,158.79847717285156,366.8287353515625,55.524986267089844,49.191566467285156,135.7091522216797,101.10041046142578,493.03656005859375,208.18679809570312,80.2017822265625,423.60986328125,230.43170166015625,53.555763244628906,93.40043640136719
2023-12-27,190.8235321044922,153.33999633789062,66.97795104980469,656.589111328125,87.91471099853516,192.58999633789062,139.13626098632812,144.72288513183594,159.7509307861328,366.25103759765625,55.86619567871094,49.32931900024414,135.82070922851562,101.29400634765625,495.6531982421875,208.60227966308594,80.59207916259766,424.3851623535156,230.8677978515625,53.88152313232422,92.96149444580078
2023-12-28,191.24838256835938,153.3800048828125,66.81480407714844,652.94580078125,87.93417358398438,191.47000122070312,138.9974822998047,144.93580627441406,160.5996856689453,367.435791015625,56.27196502685547,49.43412780761719,135.51382446289062,101.3424072265625,497.6537170410156,208.42832946777344,81.1639175415039,424.4530334472656,230.75149536132812,53.909446716308594,91.6172866821289
2023-12-29,190.2110137939453,151.94000244140625,66.6607437133789,649.9720458984375,87.82716369628906,191.1699981689453,138.4622039794922,145.0839080810547,160.41107177734375,368.17987060546875,56.01374816894531,49.43412780761719,136.2670440673828,100.66484832763672,499.1422119140625,206.119140625,80.2017822265625,423.3191223144531,229.8696746826172,53.946678161621094,91.42526245117188
2024-01-02,183.4040069580078,149.92999267578125,66.37977600097656,640.6864624023438,88.2357177734375,190.72000122070312,136.95558166503906,148.07369995117188,162.27828979492188,363.1179504394531,56.77915954589844,48.0825309753418,138.31283569335938,98.27405548095703,511.34423828125,204.7471466064453,80.89160919189453,420.6152648925781,228.32896423339844,53.332374572753906,93.60161590576172
2024-01-03,182.03074645996094,148.47000122070312,66.43415069580078,634.8177490234375,89.15007019042969,189.1300048828125,137.69898986816406,148.99932861328125,161.5709991455078,362.85357666015625,57.166481018066406,47.484596252441406,137.47593688964844,96.95767211914062,513.8945922851562,199.6649169921875,78.95826721191406,417.49462890625,226.1389617919922,52.9973030090332,94.38803100585938
2024-01-04,179.71896362304688,144.57000732421875,66.13507080078125,638.4216918945312,88.08979797363281,189.32000732421875,135.1912384033203,148.6846160888672,162.64321899414062,360.24920654296875,56.991268157958984,47.912837982177734,138.22915649414062,95.95100402832031,517.1085205078125,199.44268798828125,78.81304168701172,416.1766357421875,225.5575714111328,53.025230407714844,93.56503295898438
2024-01-05,178.9977264404297,145.24000549316406,65.93567657470703,645.9642944335938,88.42052459716797,189.35000610351562,134.53701782226562,149.14743041992188,163.459228515625,360.06317138671875,57.24948501586914,49.00988006591797,137.08535766601562,96.4156265258789,509.4859619140625,199.87747192382812,78.61335754394531,416.70965576171875,225.89675903320312,53.06245422363281,93.8484878540039
2024-01-08,183.32493591308594,149.10000610351562,66.22571563720703,651.557373046875,89.05280303955078,187.8699951171875,137.61968994140625,149.51768493652344,163.22203063964844,366.85809326171875,58.02411651611328,52.1602897644043,138.26632690429688,98.9612808227539,508.67047119140625,203.0369415283203,79.73886108398438,422.66986083984375,229.12355041503906,53.499916076660156,92.2848129272461
2024-01-09,182.9100341796875,151.3699951171875,66.21664428710938,656.9633178710938,87.22407531738281,187.92999267578125,139.71115112304688,149.61026000976562,161.93157958984375,367.9351501464844,57.1849250793457,53.04571533203125,138.8335723876953,98.62250518798828,510.42449951171875,201.5489959716797,79.2033462524414,421.64251708984375,228.69715881347656,52.97868728637695,91.14176940917969
2024-01-10,183.9473876953125,153.72999572753906,66.09879302978516,662.4580078125,86.85444641113281,187.5,141.02943420410156,149.83238220214844,162.273193359375,374.76922607421875,57.43391799926758,54.25356674194336,139.42872619628906,97.56745147705078,509.7323913574219,202.0030975341797,79.29411315917969,424.4239807128906,229.87939453125,53.211387634277344,90.24564361572266
2024-01-11,183.3546142578125,155.17999267578125,66.44322204589844,663.2653198242188,87.01008605957031,187.8699951171875,140.8312225341797,149.16592407226562,161.58999633789062,376.59033203125,55.99530029296875,54.7247200012207,139.95872497558594,97.97399139404297,511.6665344238281,200.9596405029297,78.55889892578125,424.27862548828125,229.724365234375,53.23929977416992,90.22734069824219
2024-01-12,183.6806640625,154.6199951171875,66.5792007446289,672.7774047851562,87.88552856445312,189.7100067138672,141.3961944580078,150.31375122070312,160.4039306640625,380.3500671386719,56.2904052734375,54.61292266845703,140.04246520996094,97.99333953857422,494.4396667480469,200.37991333007812,79.0308837890625,424.4723815917969,229.76307678222656,53.425453186035156,91.39781188964844
2024-01-16,181.418212890625,153.16000366210938,66.10784149169922,671.0542602539062,90.51188659667969,187.91000366210938,141.23760986328125,148.58277893066406,159.39813232421875,382.1124267578125,55.654090881347656,56.28196334838867,139.28919982910156,98.40955352783203,492.20220947265625,198.69871520996094,78.4499740600586,423.0283508300781,228.69715881347656,52.45746612548828,89.33119201660156
2024-01-17,180.47962951660156,151.7100067138672,65.95380401611328,673.7127685546875,87.87580871582031,185.83999633789062,140.22659301757812,148.49948120117188,158.54415893554688,381.32916259765625,53.735939025878906,55.953548431396484,139.42872619628906,99.64851379394531,497.6916809082031,197.10450744628906,77.01585388183594,420.6733703613281,227.32118225097656,51.88039779663086,88.68194580078125
2024-01-18,186.35801696777344,153.5,65.86316680908203,676.7849731445312,89.6948013305664,187.3699951171875,142.21888732910156,149.2214813232422,158.85726928710938,385.63714599609375,53.16419219970703,57.00567626953125,138.6248779296875,109.4052734375,489.53802490234375,198.69871520996094,76.59833526611328,424.41424560546875,229.32705688476562,52.27131271362305,88.51734924316406
2024-01-19,189.25270080566406,155.33999633789062,65.86316680908203,684.3278198242188,90.5216064453125,187.92999267578125,145.09344482421875,149.6565399169922,161.59945678710938,390.3368225097656,52.804527282714844,59.385440826416016,138.09152221679688,110.53775024414062,477.4214172363281,200.68910217285156,77.51507568359375,429.6088562011719,232.11781311035156,52.53192901611328,88.65449523925781
2024-01-22,191.55462646484375,154.77999877929688,65.97193908691406,681.905517578125,92.48650360107422,187.22000122070312,144.70684814453125,150.38778686523438,161.40969848632812,388.2219543457031,52.42643356323242,59.548152923583984,138.36285400390625,109.4052734375,486.3619384765625,203.53936767578125,77.97798919677734,430.5876770019531,233.12559509277344,52.50400161743164,88.53562927246094
2024-01-23,192.82908630371094,156.02000427246094,65.8178482055664,677.0609130859375,91.21224212646484,187.9499969482422,145.7476348876953,147.92559814453125,160.34698486328125,390.5620422363281,52.91518783569336,59.76677322387695,144.0897979736328,110.46998596191406,488.7606506347656,202.82440185546875,77.44245147705078,431.8669128417969,233.5519561767578,52.54124069213867,89.53237915039062
2024-01-24,192.15731811523438,156.8699951171875,65.68190002441406,675.997314453125,90.94960021972656,186.39999389648438,147.39303588867188,147.1387939453125,161.77976989746094,394.1455383300781,52.573978424072266,61.25312423706055,142.34925842285156,112.78333282470703,486.5894470214844,201.24949645996094,76.33509826660156,432.2255554199219,233.51318359375,52.91353225708008,91.07776641845703
2024-01-25,191.83126831054688,157.75,65.99004364013672,669.4885864257812,92.27250671386719,187.13999938964844,150.53515625,147.6941680908203,164.09495544433594,396.40728759765625,53.468509674072266,61.50767135620117,145.6244354248047,112.82205963134766,467.788818359375,202.73744201660156,77.31538391113281,434.6581115722656,234.81167602539062,53.05315017700195,93.39128112792969
2024-01-26,190.10232543945312,159.1199951171875,65.8903579711914,676.3617553710938,92.75887298583984,187.00999450683594,150.85235595703125,147.63865661621094,163.46871948242188,395.48687744140625,53.92959976196289,60.922706604003906,146.1110382080078,113.49961853027344,477.080078125,203.1335906982422,77.0975570678711,434.3963928222656,234.61785888671875,53.2206916809082,94.18685150146484
2024-01-29,189.420654296875,161.25999450683594,66.15318298339844,683.382568359375,94.83076477050781,188.3300018310547,152.16075134277344,147.50904846191406,163.8957061767578,401.1558532714844,54.934783935546875,62.35416793823242,146.1297607421875,113.22859954833984,478.3505859375,205.8485870361328,77.60584259033203,437.5557556152344,236.74972534179688,53.471988677978516,94.30571746826172
2024-01-30,185.77508544921875,159.0,66.2710189819336,690.0093994140625,94.29576873779297,188.58999633789062,150.12876892089844,146.96295166015625,167.25466918945312,400.04949951171875,54.66735076904297,62.66261291503906,147.37435913085938,112.33809661865234,477.46881103515625,204.86306762695312,76.87969207763672,437.2456359863281,236.42025756835938,53.3044548034668,95.8785400390625
2024-01-31,182.178955078125,155.1999969482422,66.55198669433594,684.2391357421875,93.43004608154297,188.4499969482422,138.86862182617188,147.08328247070312,165.4423370361328,389.2696533203125,54.067928314208984,61.41783142089844,147.0467987060547,109.33750915527344,485.1767883300781,200.5634765625,76.14449310302734,430.12249755859375,232.4375762939453,53.025230407714844,94.01309967041016
2024-02-01,184.60934448242188,159.27999877929688,66.95375061035156,694.7118530273438,94.41250610351562,190.41000366210938,139.9193115234375,146.58343505859375,164.8445587158203,395.340087890625,55.10077667236328,62.91516876220703,148.95579528808594,109.75371551513672,480.81561279296875,203.29783630371094,77.52416229248047,435.78228759765625,235.56747436523438,53.51852798461914,93.62904357910156
2024-02-02,183.61148071289062,171.80999755859375,66.35382843017578,699.6426391601562,94.48059844970703,188.61000061035156,141.1286163330078,144.9635772705078,165.79339599609375,402.6245422363281,53.625282287597656,66.04261016845703,147.93577575683594,112.03803253173828,483.74517822265625,203.08526611328125,76.56201934814453,440.2596435546875,237.58302307128906,53.14622116088867,93.24497985839844
2024-02-05,185.41944885253906,170.30999755859375,65.8266372680664,701.2992553710938,94.01368713378906,187.57000732421875,142.41714477539062,144.21380615234375,165.5751953125,397.1709289550781,51.614906311035156,69.20899200439453,148.048095703125,114.98053741455078,476.8525695800781,200.65045166015625,74.95545196533203,438.65093994140625,236.45896911621094,52.91353225708008,92.86090850830078
2024-02-06,187.0199432373047,169.14999389648438,66.13567352294922,700.9344482421875,96.58167266845703,188.5500030517578,142.83348083496094,146.30572509765625,166.1444854736328,397.0142822265625,51.85467529296875,68.1019515991211,148.74993896484375,115.55162048339844,484.162353515625,201.99343872070312,75.96295928955078,440.01739501953125,237.26327514648438,53.471988677978516,93.50101470947266
2024-02-07,187.12860107421875,170.52999877929688,66.00840759277344,709.7998046875,96.4357681274414,188.5,144.2608184814453,146.23167419433594,166.4575958251953,405.3954162597656,51.993003845214844,69.974609375,148.89962768554688,120.97206115722656,492.4296875,202.55386352539062,75.85403442382812,443.6322326660156,239.1334686279297,53.481292724609375,93.47358703613281
2024-02-08,186.05174255371094,169.83999633789062,65.8357162475586,714.1189575195312,107.52481079101562,188.3300018310547,144.6275634765625,144.7691650390625,165.85983276367188,405.4540710449219,51.910003662109375,69.5174331665039,148.45046997070312,129.4414520263672,493.0933837890625,204.97901916503906,76.47124481201172,443.9327087402344,239.72454833984375,53.3416862487793,95.0738525390625
2024-02-09,186.81341552734375,174.4499969482422,65.78119659423828,713.36962890625,105.4334487915039,187.60000610351562,147.69041442871094,145.1024169921875,166.05909729003906,411.7595520019531,52.17744827270508,72.00501251220703,147.30882263183594,128.84130859375,491.3204040527344,206.89207458496094,76.58924865722656,446.4524841308594,241.18775939941406,53.565067291259766,93.06209564208984
2024-02-12,185.13177490234375,172.33999633789062,65.79936218261719,712.393310546875,106.30890655517578,187.11000061035156,146.23329162597656,146.11135864257812,166.79920959472656,406.580078125,53.07196044921875,72.11981201171875,147.0187530517578,126.27629089355469,490.7705993652344,209.2012939453125,76.60740661621094,446.2489318847656,241.42034912109375,53.723297119140625,94.34229278564453
2024-02-13,183.04449462890625,168.63999938964844,65.22673034667969,704.3465576171875,107.44699096679688,184.52999877929688,143.86431884765625,144.833984375,165.34744262695312,397.8269958496094,50.950931549072266,72.0000228881836,146.23269653320312,123.4596176147461,490.02154541015625,203.07562255859375,75.0280532836914,439.9591979980469,237.553955078125,52.77392578125,93.53012084960938
2024-02-14,182.16412353515625,170.97999572753906,65.4721450805664,712.1664428710938,108.51698303222656,184.4199981689453,144.6573028564453,144.1582794189453,167.0269317626953,401.67205810546875,51.65179443359375,73.76889038085938,145.63380432128906,125.12448120117188,490.10687255859375,206.9307403564453,75.61803436279297,444.14593505859375,240.18002319335938,53.425453186035156,93.06864929199219
2024-02-15,181.87721252441406,169.8000030517578,65.65392303466797,714.4641723632812,109.3827133178711,185.66000366210938,141.51515197753906,146.1761474609375,170.67054748535156,398.7980041503906,52.81375503540039,72.52909088134766,146.92515563964844,124.89217376708984,493.8424072265625,210.82449340820312,77.3789291381836,447.1502380371094,242.03082275390625,53.946678161621094,95.73593139648438
2024-02-16,180.3439483642578,169.50999450683594,65.44485473632812,713.951416015625,108.55589294433594,186.33999633789062,139.28494262695312,146.00827026367188,169.87351989746094,396.3457946777344,52.59243392944336,72.4841537475586,147.39303588867188,122.627197265625,494.47760009765625,208.8824462890625,76.58016967773438,444.86309814453125,240.76141357421875,54.05836868286133,95.73593139648438
2024-02-20,179.60203552246094,167.0800018310547,65.52668762207031,715.6278686523438,106.45481872558594,187.47000122070312,139.87966918945312,147.2300567626953,170.53768920898438,395.1000061035156,52.205108642578125,69.32877349853516,148.3288116455078,121.31082916259766,494.01300048828125,207.15292358398438,76.44403076171875,442.4208068847656,239.24974060058594,54.22590255737305,94.83145141601562
2024-02-21,180.35385131835938,168.58999633789062,65.34488677978516,712.9949340820312,104.73309326171875,187.47999572753906,141.29708862304688,147.9948272705078,171.64785766601562,394.50164794921875,52.65697479248047,67.35228729248047,150.09742736816406,121.32049560546875,494.8757629394531,206.52491760253906,76.8706283569336,442.86669921875,239.29818725585938,54.28174591064453,96.76960754394531
2024-02-22,182.38172912597656,174.5800018310547,65.37214660644531,724.2171630859375,104.70391082763672,187.55999755859375,142.8235626220703,149.64559936523438,173.70689392089844,403.79083251953125,52.26043701171875,78.39866638183594,150.24713134765625,124.9308853149414,499.1706848144531,208.70852661132812,77.01585388183594,452.1703796386719,244.02700805664062,54.840206146240234,96.68655395507812
2024-02-23,180.5517120361328,174.99000549316406,65.60847473144531,727.6981201171875,104.80117797851562,188.6199951171875,142.69468688964844,150.94204711914062,174.57980346679688,402.505859375,52.36188507080078,78.67716217041016,150.6869659423828,125.37612915039062,499.8721923828125,209.38487243652344,76.97953796386719,452.37384033203125,244.1917266845703,54.86812973022461,95.83744049072266
2024-02-26,179.2063446044922,174.72999572753906,65.49031066894531,735.01513671875,104.74282836914062,188.1999969482422,136.3608856201172,149.96273803710938,173.98204040527344,399.75933837890625,51.32422637939453,78.9516830444336,149.92898559570312,126.45053100585938,498.05194091796875,209.61676025390625,76.13541412353516,450.7166442871094,243.45529174804688,54.747135162353516,96.21585083007812
2024-02-27,180.66050720214844,173.5399932861328,65.39035034179688,734.3842163085938,106.43537139892578,188.0,137.65936279296875,150.13995361328125,174.06741333007812,399.700439453125,51.70578384399414,78.56136322021484,149.06808471679688,124.46627807617188,486.76959228515625,211.37525939941406,76.22618103027344,451.5501403808594,244.13357543945312,54.84951400756836,96.0127944946289
2024-02-28,179.46356201171875,173.16000366210938,65.5357894897461,737.5890502929688,107.77771759033203,188.33999633789062,135.18130493164062,150.67160034179688,174.94989013671875,399.9358825683594,51.22185516357422,77.52519989013672,149.76988220214844,123.29507446289062,472.41546630859375,210.74722290039062,76.99769592285156,450.852294921875,243.7266082763672,54.449283599853516,96.28044891357422
2024-02-29,178.80079650878906,176.75999450683594,65.64483642578125,733.5755615234375,108.53643798828125,189.30999755859375,137.2430419921875,150.51304626464844,176.5439453125,405.74285888671875,51.361454010009766,78.97163391113281,148.731201171875,124.54370880126953,467.9784851074219,212.1385498046875,77.65122985839844,452.51922607421875,244.7537841796875,54.57028579711914,96.46504974365234
2024-03-01,177.72250366210938,178.22000122070312,65.92011260986328,739.0485229492188,108.8963394165039,192.88999938964844,135.9346466064453,151.20318603515625,175.81332397460938,407.5673522949219,51.380062103271484,82.13301849365234,148.64698791503906,129.60597229003906,464.1196594238281,213.81005859375,78.57704162597656,456.88037109375,247.0018768310547,55.19388961791992,97.68329620361328
2024-03-04,173.2117156982422,177.5800018310547,65.76518249511719,748.653564453125,110.5888900756836,196.00999450683594,132.1779327392578,149.07672119140625,177.1322021484375,406.9985046386719,51.15671920776367,85.08576202392578,149.31137084960938,133.82614135742188,456.85723876953125,214.19651794433594,79.312255859375,456.33758544921875,246.75961303710938,55.0263557434082,96.31737518310547
2024-03-05,168.28538513183594,174.1199951171875,66.12065124511719,749.412841796875,109.791259765625,197.19000244140625,131.5039520263672,149.19796752929688,178.90660095214844,394.962646484375,51.556888580322266,85.81550598144531,149.08680725097656,130.6416778564453,448.5899658203125,212.59266662597656,78.35013580322266,451.7633056640625,244.1432647705078,54.821590423583984,97.49872589111328
2024-03-06,167.29617309570312,173.50999450683594,66.23915100097656,762.5184936523438,107.05790710449219,198.80999755859375,130.24508666992188,148.6104278564453,179.83645629882812,394.4134216308594,51.67786407470703,88.54676818847656,149.3207244873047,137.030029296875,448.0685119628906,214.0323028564453,78.74042510986328,454.1570739746094,245.5871124267578,55.52895736694336,98.54163360595703
2024-03-07,167.17750549316406,176.82000732421875,66.3485336303711,774.6973266601562,107.17462921142578,199.94000244140625,133.19886779785156,148.1720428466797,178.26133728027344,401.3288269042969,52.34791946411133,92.50892639160156,150.3032684326172,144.4153289794922,453.92767333984375,215.84873962402344,78.7222900390625,458.6539611816406,247.98057556152344,56.05949783325195,99.09540557861328
2024-03-08,168.8888397216797,175.35000610351562,66.41232299804688,715.4995727539062,107.3108139038086,201.6300048828125,134.21986389160156,148.7782745361328,178.59344482421875,398.4645080566406,53.799705505371094,87.37679290771484,150.05062866210938,141.6760711669922,453.6135559082031,215.34634399414062,79.62994384765625,455.8725280761719,246.54644775390625,55.901268005371094,100.02755737304688
2024-03-11,170.8870391845703,171.9600067138672,66.385009765625,704.1788940429688,109.24652862548828,202.0,136.45999145507812,150.3731231689453,178.65988159179688,396.7969970703125,53.85554122924805,85.62582397460938,151.1735382080078,134.56179809570312,465.5876159667969,214.33181762695312,79.24873352050781,455.4945068359375,246.14913940429688,55.71512222290039,100.61823272705078
2024-03-12,171.3618621826172,175.38999938964844,66.18444061279297,726.6626586914062,109.39244079589844,199.7899932861328,137.2826690673828,151.78143310546875,180.13063049316406,407.3515625,53.185489654541016,91.75422668457031,151.52911376953125,139.76925659179688,465.7779541015625,214.92120361328125,79.0762710571289,460.3692626953125,248.58135986328125,56.17118835449219,99.9721908569336
2024-03-13,169.2845458984375,176.55999755859375,66.07506561279297,724.0198364257812,109.43135070800781,201.19000244140625,138.5613555908203,150.2518768310547,181.59185791015625,407.1750183105469,55.409690856933594,90.73098754882812,151.87538146972656,137.5817413330078,464.4930114746094,215.68447875976562,78.67689514160156,459.6714782714844,248.27127075195312,56.08741760253906,101.08893585205078
2024-03-14,171.1343536376953,178.75,65.68313598632812,721.8010864257812,109.00334167480469,200.35000610351562,141.84226989746094,148.4891815185547,178.35626220703125,417.101806640625,55.409690856933594,87.79208374023438,151.1267547607422,135.14256286621094,465.4447937011719,212.72792053222656,77.49691772460938,458.6636047363281,247.31195068359375,55.73373794555664,102.87944030761719
2024-03-15,170.75845336914062,174.4199981689453,65.64665985107422,715.5686645507812,108.8963394165039,199.7100067138672,139.93911743164062,147.52847290039062,180.56707763671875,408.4698181152344,55.912235260009766,87.68527221679688,151.0144500732422,132.58721923828125,467.17718505859375,212.57333374023438,77.324462890625,455.50421142578125,245.8487548828125,55.67207336425781,102.69485473632812
2024-03-18,171.84657287597656,174.47999572753906,65.56463623046875,721.3966064453125,110.74452209472656,200.02999877929688,146.38197326660156,146.20413208007812,182.806396484375,409.3526611328125,55.99599075317383,88.30219268798828,150.8554229736328,132.79518127441406,463.5887451171875,212.28347778320312,77.36077117919922,458.35345458984375,247.09878540039062,55.6814079284668,103.64545440673828
2024-03-19,174.18113708496094,175.89999389648438,65.7378158569336,722.0179443359375,111.38651275634766,199.8000030517578,145.73770141601562,145.69117736816406,183.87857055664062,413.3644714355469,57.019683837890625,89.24356842041016,151.43557739257812,131.07498168945312,469.55670166015625,213.5491943359375,77.33353424072266,460.921630859375,248.5232391357422,55.700096130371094,104.37457275390625
2024-03-20,176.74319458007812,178.14999389648438,65.85630798339844,730.4494018554688,113.2833251953125,202.17999267578125,147.43267822265625,145.27146911621094,186.28868103027344,417.11163330078125,57.885169982910156,90.21588897705078,151.5852813720703,132.90208435058594,470.42291259765625,216.87294006347656,77.84184265136719,464.9436340332031,251.0426788330078,56.29801940917969,104.28231048583984
2024-03-21,169.5219268798828,178.14999389648438,65.91098022460938,732.2638549804688,113.51678466796875,201.97000122070312,146.3026885986328,145.26214599609375,188.87904357910156,421.1725158691406,57.10344314575195,91.27703857421875,151.46365356445312,135.52613830566406,468.0052490234375,219.28842163085938,78.40458679199219,466.49420166015625,252.07948303222656,56.30735778808594,104.7437744140625
2024-03-22,170.42208862304688,178.8699951171875,66.1297607421875,724.6115112304688,112.70943450927734,200.35000610351562,149.44483947753906,144.7771453857422,186.56382751464844,420.55462646484375,57.49430465698242,94.12610626220703,151.2764892578125,136.58544921875,466.4632568359375,217.0662841796875,77.41776275634766,465.88458251953125,251.37060546875,56.09247970581055,104.7437744140625
2024-03-25,169.00753784179688,179.7100067138672,66.00215911865234,720.82470703125,116.1042251586914,200.99000549316406,148.7510223388672,144.767822265625,184.8559112548828,414.7868957519531,58.2667236328125,94.83788299560547,149.90089416503906,136.2841796875,462.4751281738281,217.1825714111328,76.9417495727539,464.6789855957031,250.806640625,56.045772552490234,105.81437683105469
2024-03-26,167.8798370361328,178.3000030517578,66.05683135986328,720.844482421875,116.6586685180664,201.63999938964844,149.34571838378906,145.28077697753906,185.71939086914062,413.5999755859375,57.1685791015625,92.4011001586914,150.23780822753906,134.9333038330078,468.59539794921875,216.99842834472656,76.63048553466797,463.3761901855469,250.3592529296875,56.045772552490234,105.02066040039062
2024-03-27,171.44097900390625,179.8300018310547,66.28472137451172,721.92919921875,117.68004608154297,203.10000610351562,149.54397583007812,147.32333374023438,189.31553649902344,413.38409423828125,59.364871978759766,90.09410095214844,152.1654815673828,132.84378051757812,469.3473815917969,220.75852966308594,78.60781860351562,467.4207458496094,252.5666961669922,56.35407257080078,106.10970306396484
2024-03-28,169.63075256347656,180.3800048828125,66.20269012451172,722.4715576171875,119.02239227294922,205.72000122070312,149.60342407226562,147.53782653808594,190.0556182861328,412.6877136230469,59.476539611816406,90.19992065429688,151.82859802246094,132.2218017578125,470.87030029296875,221.5240936279297,79.16622924804688,467.3624572753906,252.7320098876953,56.335391998291016,107.28182983398438
2024-04-01,168.19639587402344,180.97000122070312,65.75105285644531,711.2396240234375,118.21504211425781,207.82000732421875,154.1233673095703,147.1554412841797,188.76519775390625,416.46417236328125,58.983314514160156,90.20690155029297,150.26583862304688,137.5087432861328,466.1111145019531,219.6247100830078,77.83885192871094,466.7499694824219,252.53753662109375,56.23261642456055,107.9740219116211
2024-04-02,167.01919555664062,180.69000244140625,65.67789459228516,701.4373168945312,119.4698486328125,210.88999938964844,153.2015380859375,147.10877990722656,188.6892852783203,413.3939514160156,58.51799774169922,89.29747009277344,150.25648498535156,136.2744598388672,436.0713806152344,216.31040954589844,76.85934448242188,463.6970520019531,250.2036895751953,55.99905014038086,110.08755493164062
2024-04-03,167.8204803466797,182.41000366210938,65.72361755371094,695.9051513671875,115.7345962524414,212.74000549316406,153.558349609375,143.8724822998047,188.1579132080078,412.4228515625,58.21088790893555,88.81031799316406,146.12039184570312,138.00436401367188,437.59423828125,217.22134399414062,76.9417495727539,464.1150817871094,250.59268188476562,56.24196243286133,110.10601043701172
2024-04-04,166.99942016601562,180.0,65.8607406616211,695.1064453125,113.8961410522461,211.52000427246094,149.20693969726562,142.23097229003906,186.72634887695312,409.9019775390625,59.30903244018555,85.756591796875,145.46534729003906,135.730224609375,433.4443359375,214.9342803955078,76.44740295410156,458.39825439453125,247.58790588378906,55.85891342163086,110.49364471435547
2024-04-05,167.751220703125,185.07000732421875,65.53165435791016,703.8237915039062,115.15095520019531,215.13999938964844,151.15963745117188,142.1283721923828,188.44422912597656,417.3960876464844,59.72781753540039,87.8559799194336,146.0736083984375,137.38238525390625,433.7869873046875,216.639892578125,76.8410415649414,463.2692565917969,250.08700561523438,56.064456939697266,112.01648712158203
2024-04-08,166.6334228515625,185.19000244140625,65.47679138183594,701.9402465820312,114.14905548095703,216.47999572753906,153.48898315429688,141.38226318359375,189.42726135253906,416.48382568359375,60.36064147949219,86.98246765136719,146.0174560546875,138.77215576171875,434.034423828125,217.6380615234375,77.6649169921875,463.45391845703125,250.37876892089844,56.34473419189453,111.25967407226562
2024-04-09,167.84030151367188,185.6699981689453,65.71446228027344,708.6263427734375,114.75214385986328,217.6699981689453,155.22360229492188,142.0351104736328,188.15792846679688,418.14154052734375,60.84457015991211,85.20653533935547,146.59764099121094,141.3087158203125,437.5752868652344,218.3261260986328,78.69935607910156,464.0275573730469,250.738525390625,56.49421310424805,111.84111785888672
2024-04-10,165.97064208984375,185.9499969482422,64.94654083251953,712.5609741210938,113.99342346191406,215.61000061035156,154.7676544189453,140.08587646484375,186.55453491210938,415.1792297363281,59.56961441040039,86.88864135742188,147.140380859375,142.10562133789062,428.37103271484375,213.56787109375,75.44044494628906,459.5357666015625,247.93795776367188,55.700096130371094,112.78250122070312
2024-04-11,173.15234375,189.0500030517578,64.94654083251953,722.1954345703125,113.95451354980469,219.8000030517578,158.00889587402344,138.7708282470703,186.51637268066406,419.7600402832031,59.504459381103516,90.4594497680664,145.83030700683594,143.05804443359375,420.4423522949219,213.95553588867188,75.6967544555664,462.85113525390625,249.62026977539062,55.89629364013672,112.40410614013672
2024-04-12,174.6460723876953,186.1300048828125,65.09281921386719,721.169921875,110.90016174316406,216.88999938964844,156.3436737060547,137.5863037109375,174.452880859375,413.8451232910156,58.70412826538086,88.03366088867188,145.3530731201172,138.509765625,418.0437316894531,210.243896484375,74.79963684082031,456.54119873046875,246.02230834960938,54.9246711730957,111.09355163574219
2024-04-15,170.82769775390625,183.6199951171875,64.66313171386719,708.320556640625,109.86906433105469,220.9499969482422,153.49891662597656,137.65164184570312,174.54832458496094,405.74285888671875,58.397010803222656,85.85242462158203,145.46534729003906,136.1967010498047,424.1639709472656,207.1234130859375,73.52719116210938,450.74658203125,242.9980926513672,54.672420501708984,110.45671844482422
2024-04-16,167.55337524414062,183.32000732421875,64.49857330322266,706.0425415039062,110.77369689941406,221.22000122070312,153.0429229736328,134.72305297851562,172.55364990234375,406.6648864746094,57.41985321044922,87.26398468017578,145.93324279785156,135.86627197265625,446.3034973144531,206.09620666503906,72.49274444580078,449.9396057128906,242.2687530517578,54.055816650390625,109.54302215576172
2024-04-17,166.18829345703125,181.27999877929688,64.80938720703125,705.2734985351562,109.8593521118164,219.58999633789062,154.10354614257812,135.02151489257812,171.86648559570312,403.9772033691406,59.364871978759766,83.88983917236328,146.8783721923828,135.11793518066406,455.91693115234375,204.68133544921875,71.96179962158203,447.2270202636719,240.84901428222656,54.09318161010742,109.48763275146484
2024-04-18,165.2386016845703,179.22000122070312,64.6357192993164,701.3880615234375,109.3632583618164,220.33999633789062,154.6387939453125,135.9261932373047,172.98312377929688,396.5517272949219,59.56961441040039,84.52471923828125,148.13758850097656,128.5481719970703,469.4234313964844,204.2452392578125,71.97096252441406,446.2061462402344,240.35308837890625,54.10252380371094,109.3861312866211
2024-04-19,163.2206268310547,174.6300048828125,64.71797180175781,699.6722412109375,109.53834533691406,221.02999877929688,152.7356719970703,137.95008850097656,177.3256072998047,391.5000915527344,59.8394889831543,76.068359375,148.93812561035156,124.10674285888672,476.99053955078125,204.8363800048828,72.31881713867188,442.47271728515625,238.46658325195312,54.08384323120117,110.64131927490234
2024-04-22,164.0515594482422,177.22999572753906,64.74539184570312,705.539794921875,108.93525695800781,215.57000732421875,154.9064178466797,139.07859802246094,180.77096557617188,393.304931640625,60.779422760009766,79.38063049316406,151.19845581054688,126.09907531738281,467.5674133300781,206.93931579589844,72.95962524414062,446.3131408691406,240.81011962890625,54.64439392089844,111.26890563964844
2024-04-23,165.10012817382812,179.5399932861328,64.86422729492188,712.6594848632812,110.60834503173828,215.0399932861328,156.86900329589844,139.4889373779297,183.37640380859375,399.78875732421875,61.60769271850586,82.2806167602539,152.10260009765625,129.6754913330078,462.76068115234375,210.0016326904297,73.62788391113281,451.9424743652344,243.6787567138672,55.167572021484375,111.70268249511719
2024-04-24,167.197265625,176.58999633789062,64.69969940185547,713.8527221679688,110.81260681152344,214.63999938964844,157.73135375976562,138.5283203125,184.27357482910156,401.2502746582031,61.94270706176758,79.53936767578125,153.1385955810547,129.22845458984375,463.82672119140625,209.78842163085938,73.76519775390625,451.6119079589844,243.7371063232422,55.092830657958984,111.72115325927734
2024-04-25,168.05789184570312,173.6699981689453,64.51683807373047,712.993408203125,109.69398498535156,215.9199981689453,154.62887573242188,136.93345642089844,184.5503387451172,391.421630859375,62.259124755859375,82.48926544189453,153.09152221679688,132.73687744140625,470.07073974609375,208.74180603027344,73.34410095214844,449.7451477050781,242.5799560546875,54.99006652832031,111.97956085205078
2024-04-26,167.4742431640625,179.6199951171875,64.66313171386719,720.2235717773438,109.65507507324219,216.6199951171875,170.43865966796875,136.2992401123047,184.66485595703125,398.5626525878906,61.41224670410156,87.58345794677734,151.90481567382812,134.4084930419922,471.48895263671875,209.86595153808594,73.38072967529297,454.2467346191406,244.8359375,55.43851089477539,108.86927795410156
2024-04-29,171.6289520263672,180.9600067138672,64.85511016845703,717.4086303710938,109.0228042602539,216.17999267578125,164.68966674804688,136.93345642089844,184.46441650390625,394.5703125,62.74305725097656,87.60539245605469,152.25332641601562,134.6028594970703,465.47332763671875,211.2130126953125,74.13137817382812,455.83148193359375,245.7986602783203,55.784175872802734,110.41980743408203
2024-04-30,168.49313354492188,175.0,64.60826873779297,714.0206909179688,108.06953430175781,211.8699951171875,161.34927368164062,134.85360717773438,182.99468994140625,381.89697265625,62.32426834106445,86.25274658203125,153.7036590576172,133.4755096435547,460.400146484375,207.18157958984375,72.87722778320312,448.6270751953125,241.75338745117188,55.02743148803711,109.15538024902344
2024-05-01,167.4742431640625,179.0,64.84122467041016,713.3489379882812,107.46644592285156,213.7899932861328,162.41981506347656,140.99984741210938,183.1092071533203,387.3998718261719,63.85049819946289,82.89754486083984,153.8920440673828,131.1430206298828,460.7903747558594,207.21067810058594,72.90469360351562,447.1686706542969,241.15048217773438,54.98072052001953,107.08800506591797
2024-05-02,171.16404724121094,184.72000122070312,65.09796142578125,723.4435424804688,109.5480728149414,213.1300048828125,165.15553283691406,139.82470703125,182.91831970214844,390.2445068359375,64.07386016845703,85.66875457763672,154.30642700195312,132.39675903320312,469.22357177734375,210.08885192871094,73.92997741699219,451.3396301269531,243.64959716796875,55.92431640625,107.28182983398438
2024-05-03,181.4024200439453,186.2100067138672,65.4280776977539,734.7628784179688,110.5597152709961,212.9600067138672,165.7700958251953,139.21849060058594,181.8207550048828,398.8960876464844,65.27437591552734,88.6356201171875,154.890380859375,137.57676696777344,468.7286682128906,211.97860717773438,74.42430877685547,456.9399108886719,246.5376739501953,56.419471740722656,107.0603256225586
2024-05-06,179.7504119873047,188.6999969482422,65.49227905273438,747.1585693359375,113.29306030273438,215.1999969482422,166.6225128173828,138.574951171875,183.24281311035156,405.644775390625,66.30736541748047,91.98081970214844,154.87152099609375,138.81101989746094,470.565673828125,214.91493225097656,74.48839569091797,461.54833984375,249.18267822265625,56.727779388427734,107.75252532958984
2024-05-07,180.43295288085938,188.75999450683594,65.62063598632812,761.8361206054688,102.5152816772461,214.2100067138672,169.7448272705078,138.70550537109375,183.00424194335938,401.5249328613281,66.95880126953125,90.39756774902344,156.11471557617188,137.139404296875,476.8287353515625,214.90521240234375,75.19327545166016,462.20947265625,249.40635681152344,56.69040298461914,107.21721649169922
2024-05-08,180.76931762695312,188.0,65.46475982666016,754.0331420898438,102.56392669677734,213.5800018310547,167.89125061035156,138.92002868652344,186.72634887695312,402.7020263671875,67.79637145996094,90.25581359863281,155.46484375,139.55935668945312,478.9703369140625,214.00396728515625,74.56163024902344,462.22894287109375,249.2312774658203,56.615657806396484,107.19876098632812
2024-05-09,182.57958984375,189.5,65.63897705078125,769.4710693359375,102.91410827636719,216.9499969482422,168.4661865234375,139.75942993164062,188.49195861816406,404.44805908203125,69.40636444091797,88.59368133544922,156.37841796875,138.77215576171875,482.6062927246094,216.513916015625,76.09039306640625,464.8831481933594,250.69964599609375,56.961341857910156,109.3122787475586
2024-05-10,181.32156372070312,187.47999572753906,65.45557403564453,777.52099609375,102.90437316894531,218.7100067138672,167.1676788330078,139.81539916992188,189.70404052734375,406.82183837890625,68.6711654663086,89.72273254394531,157.1413116455078,145.0601043701172,488.10784912109375,215.66111755371094,75.87983703613281,465.4567565917969,250.93301391601562,57.036075592041016,108.86927795410156
2024-05-13,184.5210723876953,186.57000732421875,65.5106201171875,765.6290283203125,102.94329071044922,216.25999450683594,167.65338134765625,141.03717041015625,189.6658477783203,405.82135009765625,69.40636444091797,90.24283599853516,156.2183074951172,142.290283203125,487.0894470214844,216.0099639892578,76.12701416015625,465.4859619140625,251.06912231445312,57.1295051574707,108.8231201171875
2024-05-14,185.66021728515625,187.07000732421875,65.70317077636719,768.34521484375,102.47637939453125,218.08999633789062,168.8428192138672,141.18641662597656,192.31906127929688,408.6070861816406,70.1880874633789,91.19818878173828,156.11471557617188,147.67440795898438,489.1263427734375,218.20013427734375,76.71288299560547,467.6930236816406,252.29441833496094,57.484519958496094,109.48372650146484
2024-05-15,187.9285888671875,185.99000549316406,66.12500762939453,777.372802734375,99.96675109863281,220.88999938964844,170.9937286376953,142.38955688476562,192.8916778564453,415.7511901855469,71.70500946044922,94.46653747558594,156.82107543945312,151.2022705078125,492.6195373535156,219.9251251220703,77.77477264404297,473.3903503417969,255.39645385742188,58.06375503540039,110.33042907714844
2024-05-16,188.04745483398438,183.6300048828125,66.01496124267578,783.328857421875,100.55038452148438,220.02999877929688,172.64907836914062,143.89112854003906,193.2352752685547,413.6973876953125,71.10942077636719,94.19600677490234,158.09251403808594,147.94651794433594,496.16046142578125,218.39395141601562,77.71984100341797,472.4862060546875,254.7060089111328,57.86756134033203,109.6698226928711
2024-05-17,188.0771942138672,184.6999969482422,65.84988403320312,786.0352783203125,100.43364715576172,223.66000366210938,174.5125274658203,144.22683715820312,195.44943237304688,412.930908203125,70.81159973144531,92.31924438476562,157.8853302001953,147.41197204589844,499.35845947265625,218.58775329589844,77.71068572998047,473.18621826171875,255.0657958984375,58.11981201171875,111.31668853759766
2024-05-20,189.2361297607422,183.5399932861328,65.78572082519531,783.2596435546875,100.09320831298828,224.55999755859375,175.36502075195312,142.22427368164062,186.65953063964844,417.9720458984375,70.60688018798828,94.61626434326172,157.57452392578125,149.22940063476562,492.31494140625,218.8784942626953,77.25298309326172,473.65289306640625,255.328369140625,58.11981201171875,110.41416931152344
2024-05-21,190.5337677001953,183.14999389648438,65.9232406616211,791.09228515625,100.20021057128906,224.22999572753906,176.28684997558594,142.19606018066406,190.4198455810547,421.60791015625,71.61195373535156,95.22122192382812,158.5540008544922,149.3459930419922,498.3305969238281,218.34547424316406,77.22551727294922,474.92657470703125,255.8534393310547,57.9516487121582,109.65119934082031
2024-05-22,189.0974578857422,183.1300048828125,65.84071350097656,792.0108032226562,100.20992279052734,220.11000061035156,174.8297576904297,144.32090759277344,189.2650146484375,423.06231689453125,71.02565002441406,94.78595733642578,158.04542541503906,151.75621032714844,496.23651123046875,216.88218688964844,76.52979278564453,473.5459899902344,254.98800659179688,57.51254653930664,107.44609832763672
2024-05-23,185.1154327392578,181.0500030517578,65.64813232421875,786.5587158203125,97.914306640625,215.72000122070312,172.02462768554688,140.74813842773438,187.93841552734375,419.6032409667969,70.09501647949219,103.61969757080078,155.8604278564453,152.66973876953125,491.93426513671875,213.5872802734375,74.88203430175781,470.02642822265625,252.8195343017578,57.1295051574707,105.61314392089844
2024-05-24,188.18612670898438,180.75,65.72150421142578,799.7841796875,98.98429870605469,215.9199981689453,173.45196533203125,138.18141174316406,191.55555725097656,422.70855712890625,71.29553985595703,106.28507232666016,155.70973205566406,155.49789428710938,483.69140625,215.70956420898438,74.93694305419922,473.22509765625,254.64768981933594,57.58728790283203,105.52940368652344
2024-05-28,188.19606018066406,182.14999389648438,65.40975189208984,803.1820068359375,99.64575958251953,218.19000244140625,174.84959411621094,135.7462615966797,190.40072631835938,422.8658142089844,72.15171813964844,113.70423126220703,153.61892700195312,154.9244842529297,479.4176330566406,214.45945739746094,74.44261932373047,473.60430908203125,254.64768981933594,57.568599700927734,106.86922454833984
2024-05-29,188.4932098388672,182.02000427246094,65.17131805419922,796.6135864257812,98.12830352783203,216.16000366210938,174.35394287109375,135.80267333984375,189.0741424560547,421.7356872558594,71.36067962646484,114.62663269042969,152.24388122558594,149.99716186523438,461.3710021972656,211.94952392578125,73.71943664550781,470.2694396972656,252.55697631835938,56.606327056884766,105.72479248046875
2024-05-30,189.4837646484375,179.32000732421875,65.45557403564453,805.3253173828125,98.92593383789062,216.57000732421875,170.5972900390625,136.59243774414062,190.23851013183594,407.4869079589844,72.76594543457031,110.3091049194336,153.1197509765625,148.65599060058594,458.4488525390625,213.2771453857422,74.79963684082031,467.109619140625,251.32200622558594,56.961341857910156,106.05974578857422
2024-05-31,190.43470764160156,176.44000244140625,65.69400024414062,799.9422607421875,101.07565307617188,215.3000030517578,170.98385620117188,137.89932250976562,193.38800048828125,407.93890380859375,74.46897888183594,109.44361877441406,154.9656982421875,146.79002380371094,471.50799560546875,215.41883850097656,76.20024108886719,471.17364501953125,253.25711059570312,57.24161148071289,109.10225677490234
2024-06-03,192.1978759765625,178.33999633789062,66.06100463867188,805.3746948242188,99.96675109863281,217.22000122070312,171.64796447753906,138.90536499023438,192.6149139404297,406.35675048828125,72.78768920898438,114.80133056640625,155.06930541992188,150.5899658203125,473.4783020019531,213.9264373779297,76.02631378173828,471.6889343261719,253.3349151611328,57.484519958496094,106.48775482177734
2024-06-04,192.51486206054688,179.33999633789062,66.30936431884766,817.2273559570312,100.511474609375,215.27000427246094,172.26251220703125,138.96176147460938,190.07623291015625,408.8625793457031,72.2631607055664,116.23585510253906,157.29196166992188,148.1797637939453,481.1405334472656,210.9901123046875,76.61217498779297,472.2625732421875,253.30572509765625,57.11082458496094,104.83158111572266
2024-06-05,194.02053833007812,181.27999877929688,66.49333953857422,824.052490234375,98.73139190673828,217.82000732421875,173.8682861328125,137.24118041992188,188.2628936767578,416.66510009765625,72.16949462890625,122.22848510742188,156.38784790039062,158.3357391357422,478.8846740722656,213.91676330566406,76.5206298828125,477.9113464355469,256.40777587890625,57.62465286254883,105.2502670288086
2024-06-06,192.64364624023438,185.0,66.50253295898438,832.2900390625,98.44930267333984,219.42999267578125,175.17666625976562,137.66427612304688,187.9288787841797,417.1662292480469,71.84165954589844,120.78897094726562,158.66702270507812,157.50965881347656,477.7424621582031,213.00579833984375,76.66710662841797,477.8044128417969,256.1841125488281,57.81150436401367,106.0411376953125
2024-06-07,195.03089904785156,184.3000030517578,65.96903228759766,835.19384765625,98.77030181884766,211.60000610351562,172.9266357421875,138.28480529785156,190.83023071289062,416.50787353515625,70.61463165283203,120.6791763305664,157.3390655517578,159.76434326171875,467.0534362792969,211.18394470214844,75.94391632080078,477.1821594238281,255.6979217529297,57.157527923583984,104.90602111816406
2024-06-10,191.2964630126953,187.05999755859375,65.86785125732422,837.9199829101562,99.93756866455078,213.5399932861328,173.67088317871094,138.33181762695312,190.50572204589844,420.458251953125,72.09455871582031,121.57960510253906,157.61221313476562,163.42828369140625,471.1557922363281,211.82351684570312,76.20024108886719,478.7475280761719,256.5536193847656,57.30701446533203,105.21305847167969
2024-06-11,205.19400024414062,187.22999572753906,66.13458251953125,838.8779296875,98.11857604980469,214.14999389648438,175.2685546875,137.98394775390625,185.49517822265625,425.1849060058594,68.13249206542969,120.71104431152344,157.73463439941406,161.04722595214844,472.3170166015625,211.03857421875,75.92561340332031,479.8363952636719,256.9911804199219,56.793174743652344,104.36636352539062
2024-06-12,211.05813598632812,186.88999938964844,66.4381332397461,837.396484375,98.05048370361328,214.72000122070312,176.42959594726562,136.7146759033203,182.79425048828125,433.41973876953125,67.68289947509766,124.99398040771484,155.56846618652344,168.11264038085938,469.3188171386719,213.9845733642578,76.60302734375,483.8323974609375,259.41253662109375,57.39109420776367,103.21263885498047
2024-06-13,212.2170867919922,183.8300018310547,66.73246765136719,835.5692138671875,97.35984802246094,212.97000122070312,173.81973266601562,136.75228881835938,184.82711791992188,433.9306945800781,68.54462432861328,129.396728515625,156.7268829345703,168.57476806640625,473.344970703125,212.2499237060547,76.91427612304688,484.7463073730469,259.52923583984375,56.793174743652344,102.38455200195312
2024-06-14,210.4835968017578,183.66000366210938,66.83365631103516,845.1599731445312,97.24311828613281,215.72999572753906,175.437255859375,136.83689880371094,184.94163513183594,434.9035339355469,68.43222045898438,131.6630096435547,157.0847625732422,168.18478393554688,473.1736755371094,209.34266662597656,76.8959732055664,485.1352233886719,259.3347473144531,56.47553253173828,101.51925659179688
2024-06-17,214.6240997314453,184.05999755859375,66.5853042602539,857.2495727539062,98.75084686279297,214.61000061035156,175.88380432128906,137.22238159179688,186.08689880371094,440.6031188964844,67.72972106933594,130.7644805908203,157.7534637451172,172.79623413085938,467.6392822265625,211.09669494628906,76.5938720703125,488.9853515625,261.3087158203125,56.671722412109375,100.82142639160156
2024-06-18,212.2666015625,182.80999755859375,66.81525421142578,860.0546875,98.73139190673828,215.47000122070312,173.75025939941406,136.9403076171875,188.01478576660156,438.6082763671875,65.97817993164062,135.35690307617188,158.7517852783203,175.1847686767578,459.8201599121094,211.3486785888672,76.8959732055664,490.28814697265625,261.9700012207031,56.93330383300781,101.77045440673828
2024-06-20,207.7001190185547,186.10000610351562,66.68647003173828,851.8468017578125,99.06211853027344,218.16000366210938,174.95098876953125,138.94296264648438,189.60858154296875,437.9794006347656,67.8702392578125,130.5648193359375,157.91357421875,170.9828338623047,463.13702392578125,210.70904541015625,76.67626190185547,488.9270324707031,261.3087158203125,56.89594268798828,103.96627807617188
2024-06-21,205.53082275390625,189.0800018310547,66.70488739013672,837.8904418945312,99.48039245605469,214.77999877929688,178.25555419921875,139.85496520996094,187.34669494628906,441.9887390136719,68.19805908203125,126.36174011230469,158.46923828125,169.59844970703125,461.2922668457031,211.4649658203125,76.86849975585938,487.8575439453125,260.9100341796875,56.5606803894043,103.05445861816406
2024-06-24,206.17465209960938,185.57000732421875,66.7416763305664,837.7421264648438,99.19830322265625,215.6300048828125,177.84864807128906,140.2028045654297,189.80902099609375,439.9152526855469,69.17218780517578,117.91563415527344,158.648193359375,163.6026611328125,468.3561706542969,212.56002807617188,77.46353149414062,486.5449523925781,260.47247314453125,56.975040435791016,106.11558532714844
2024-06-25,207.09588623046875,186.33999633789062,66.77845764160156,845.0018310546875,99.41229248046875,214.55999755859375,182.6218719482422,138.3882598876953,189.0359649658203,443.138427734375,68.3572998046875,125.88250732421875,157.1413116455078,168.2725372314453,463.11798095703125,211.00950622558594,76.51148986816406,488.5672912597656,261.3281555175781,56.975040435791016,106.41331481933594
2024-06-26,211.23641967773438,193.61000061035156,66.46570587158203,846.3156127929688,99.3928451538086,212.5800018310547,182.4730224609375,138.0403594970703,188.42515563964844,444.32745361328125,68.72260284423828,126.1920166015625,157.7063751220703,167.75584411621094,462.6782531738281,210.49588012695312,76.27347564697266,489.1116943359375,261.3184509277344,56.636024475097656,106.4505386352539
2024-06-27,212.0784149169922,197.85000610351562,66.5853042602539,840.1719970703125,99.38311004638672,214.99000549316406,183.99130249023438,137.08132934570312,190.08578491210938,445.0054931640625,69.05042266845703,123.78598022460938,156.92466735839844,167.32684326171875,464.9723815917969,211.5812530517578,77.01496887207031,489.8701171875,261.9505615234375,56.73961639404297,106.90644073486328
2024-06-28,208.6312255859375,193.25,66.27257537841797,839.5496215820312,96.58167266845703,215.00999450683594,180.75624084472656,137.41981506347656,193.03485107421875,439.20770263671875,66.32475280761719,123.33671569824219,155.32359313964844,169.45220947265625,486.7852783203125,212.1231231689453,77.62944793701172,487.98114013671875,261.0546569824219,56.78670120239258,107.11113739013672
2024-07-01,214.70335388183594,197.1999969482422,65.92288208007812,835.28271484375,95.36577606201172,215.57000732421875,181.58981323242188,137.68309020996094,196.079345703125,448.81829833984375,65.4723892211914,124.095458984375,153.2515869140625,168.00929260253906,472.82000732421875,210.4400634765625,76.89727020263672,489.1031799316406,261.5816345214844,56.85261535644531,106.96226501464844
2024-07-02,218.1901092529297,200.0,66.11665344238281,848.8046264648438,95.31713104248047,215.55999755859375,183.82260131835938,137.29762268066406,199.30519104003906,451.3240966796875,66.00628662109375,122.46814727783203,154.36294555664062,171.29481506347656,476.2515869140625,211.24757385253906,77.25872039794922,492.2742614746094,263.09423828125,57.0692138671875,106.23652648925781
2024-07-03,219.45803833007812,197.58999633789062,66.49492645263672,852.06396484375,95.92022705078125,217.99000549316406,184.39816284179688,136.97792053222656,199.1715850830078,452.7882995605469,67.2801284790039,128.0689239501953,154.29702758789062,177.91458129882812,468.2701416015625,211.6755828857422,77.1845703125,494.4988098144531,264.1774597167969,57.74726486206055,106.77619171142578
2024-07-05,224.2028045654297,200.0,66.79940795898438,874.7913208007812,95.31713104248047,220.92999267578125,189.14158630371094,137.720703125,196.53244018554688,459.460693359375,67.52366638183594,125.62295532226562,155.5967559814453,179.376953125,466.4730529785156,210.60545349121094,77.39774322509766,497.4552307128906,265.553466796875,58.039207458496094,105.4828872680664
2024-07-08,225.66883850097656,199.2899932861328,66.79940795898438,870.0208740234375,95.15100860595703,218.19000244140625,187.58360290527344,136.7804718017578,196.8971405029297,458.16357421875,67.54240417480469,127.98902130126953,156.83050537109375,181.95079040527344,467.7443542480469,211.23782348632812,77.64797973632812,497.9333801269531,265.9145202636719,57.86969757080078,104.37567138671875
2024-07-09,226.52072143554688,199.33999633789062,66.77171325683594,875.9569091796875,94.83831024169922,218.55999755859375,187.53396606445312,138.25660705566406,199.25796508789062,451.5796203613281,67.5517578125,131.16383361816406,156.0205535888672,179.89369201660156,470.39208984375,210.22604370117188,77.62944793701172,498.4798278808594,265.8461608886719,57.76610565185547,103.22195434570312
2024-07-10,230.78012084960938,199.7899932861328,66.82706451416016,873.4481201171875,94.76012420654297,219.36000061035156,189.71714782714844,140.49429321289062,199.42108154296875,458.1733703613281,68.28235626220703,134.68801879882812,157.09420776367188,186.25997924804688,478.8228454589844,211.96746826171875,78.20406341552734,503.2802734375,268.4225158691406,58.444149017333984,104.13377380371094
2024-07-11,225.42120361328125,195.0500030517578,67.15924072265625,836.1915283203125,94.39855194091797,223.25,184.1501007080078,140.74813842773438,199.085205078125,446.823486328125,69.96833801269531,127.19036865234375,155.90750122070312,179.87417602539062,482.10150146484375,217.56143188476562,80.44694519042969,498.96759033203125,267.22216796875,58.71725082397461,105.37123107910156
2024-07-12,228.36314392089844,194.49000549316406,67.33454132080078,832.5468139648438,94.9164810180664,223.11000061035156,183.65391540527344,140.91738891601562,196.67642211914062,445.6933288574219,71.1860122680664,129.02732849121094,156.91526794433594,182.65272521972656,488.955078125,219.72119140625,81.05863189697266,502.05084228515625,268.98846435546875,59.225791931152344,105.38984680175781
2024-07-15,232.1867218017578,192.72000122070312,67.12234497070312,838.30517578125,94.66240692138672,223.8300018310547,185.10272216796875,140.315673828125,201.58038330078125,446.09625244140625,66.47461700439453,128.2286376953125,155.0033721923828,180.5761260986328,492.6255798339844,222.1436309814453,81.6054458618164,503.57293701171875,270.1400146484375,58.736087799072266,107.19486999511719
2024-07-16,232.60275268554688,193.02000427246094,67.38064575195312,840.320068359375,96.22593688964844,228.2899932861328,182.51271057128906,141.97976684570312,205.0064239501953,441.73321533203125,67.345703125,126.15206909179688,157.23545837402344,181.37554931640625,524.6470947265625,228.02944946289062,82.60640716552734,506.4317932128906,272.364990234375,59.065696716308594,107.96711730957031
2024-07-17,226.71885681152344,187.92999267578125,67.44524383544922,835.8853759765625,95.09236907958984,227.22999572753906,179.63490295410156,147.21673583984375,208.12538146972656,435.8371276855469,66.40904235839844,117.79583740234375,159.58058166503906,166.9076385498047,547.97998046875,225.34434509277344,83.17173767089844,499.35791015625,268.52008056640625,58.61366271972656,109.45581817626953
2024-07-18,222.06321716308594,183.75,67.26995086669922,829.0602416992188,94.584228515625,225.77999877929688,176.3303985595703,146.12606811523438,201.51316833496094,432.74169921875,67.13026428222656,120.89073944091797,158.63877868652344,167.5608367919922,539.4345092773438,221.92959594726562,82.4395751953125,495.6014709472656,266.1780090332031,58.04862594604492,110.53511810302734
2024-07-19,222.19198608398438,183.1300048828125,67.09465026855469,827.83544921875,93.55815124511719,221.72999572753906,176.3006134033203,145.43972778320312,201.32125854492188,429.53814697265625,67.43936920166016,117.73595428466797,159.13812255859375,161.61378479003906,540.380859375,221.03456115722656,82.2912826538086,492.2937316894531,264.5190124511719,57.66250991821289,107.99504089355469
2024-07-22,221.8452911376953,182.5500030517578,67.06697082519531,837.01123046875,91.9848403930664,221.8000030517578,180.27992248535156,145.01666259765625,201.80108642578125,435.2671813964844,68.28235626220703,123.33671569824219,159.412841796875,165.10401916503906,533.8809204101562,223.7001953125,83.14395141601562,497.4065246582031,267.2807922363281,58.189884185791016,107.25070190429688
2024-07-23,222.88536071777344,186.41000366210938,67.07618713378906,841.6436767578125,88.8675537109375,222.5800018310547,180.39898681640625,143.23968505859375,201.8490753173828,437.1441345214844,67.54240417480469,122.38829040527344,157.8684539794922,165.56222534179688,530.2199096679688,224.61468505859375,83.07908630371094,496.5771179199219,267.0856018066406,57.84143829345703,105.52011108398438
2024-07-24,216.47645568847656,180.8300018310547,66.88240814208984,820.6150512695312,87.75352478027344,221.8000030517578,171.30909729003906,146.93466186523438,200.17926025390625,421.47039794921875,70.63336944580078,114.06200408935547,159.17601013183594,155.79345703125,535.0470581054688,219.84767150878906,81.8556900024414,485.2101135253906,261.07421875,57.116310119628906,107.0087890625
2024-07-25,215.43638610839844,179.85000610351562,67.0300521850586,805.9277954101562,87.17697143554688,218.3300018310547,166.00003051757812,150.09373474121094,200.25599670410156,411.1522521972656,68.78815460205078,112.09524536132812,158.13377380371094,156.2614288330078,534.9800415039062,221.9782257080078,81.58692169189453,482.7610778808594,260.069091796875,56.83378219604492,109.26044464111328
2024-07-26,215.90194702148438,182.5,67.29762268066406,808.7071533203125,87.88056182861328,220.6300048828125,165.72216796875,151.033935546875,203.68206787109375,417.9032287597656,69.55620574951172,112.87394714355469,160.22767639160156,157.8798065185547,544.576904296875,225.80157470703125,83.01419830322266,488.17626953125,263.1820373535156,57.54950714111328,109.16737365722656
2024-07-29,216.17929077148438,183.1999969482422,67.38064575195312,806.6893920898438,90.04019927978516,220.32000732421875,168.23280334472656,149.0783233642578,202.34812927246094,419.3379821777344,69.63114166259766,111.40637969970703,161.00462341308594,155.9982147216797,541.7381591796875,225.06222534179688,83.4405288696289,488.5373229980469,263.2015686035156,57.304649353027344,108.02295684814453
2024-07-30,216.73402404785156,181.7100067138672,67.46369934082031,801.2196044921875,91.652587890625,222.52000427246094,168.9869842529297,151.6826629638672,206.51312255859375,415.593994140625,69.57494354248047,103.55931091308594,153.20689392089844,150.6653289794922,550.8953247070312,225.6556396484375,84.08929443359375,485.98095703125,262.1086120605469,57.33291244506836,109.94894409179688
2024-07-31,219.9830322265625,186.97999572753906,67.83274841308594,813.0593872070312,91.55487823486328,226.5500030517578,170.22743225097656,148.41079711914062,204.21949768066406,411.1031494140625,71.5512924194336,116.82743835449219,152.31626892089844,161.6430206298828,550.7328491210938,227.0662841796875,83.79270935058594,493.6402587890625,265.9925842285156,58.27464294433594,110.33971405029297
2024-08-01,216.29815673828125,184.07000732421875,68.0863265991211,808.0049438476562,90.92945098876953,225.77000427246094,169.45339965820312,151.14675903320312,199.5746612548828,409.8846435546875,73.42461395263672,109.03028869628906,156.98733520507812,154.21408081054688,547.4924926757812,221.58909606933594,84.63611602783203,486.9078063964844,261.8255920410156,56.95621109008789,108.8138198852539
2024-08-02,217.7840118408203,167.89999389648438,68.86373138427734,813.1384887695312,87.52876281738281,225.33999633789062,165.384765625,154.32464599609375,191.11026000976562,401.4139099121094,74.18330383300781,107.09347534179688,161.14674377441406,146.1026611328125,563.7994995117188,215.05145263671875,84.58977508544922,478.0093994140625,256.5559387207031,55.98622512817383,108.74868774414062
2024-08-05,207.2939910888672,161.02000427246094,68.7989501953125,793.1087036132812,85.77955627441406,222.47999572753906,158.03147888183594,151.6074676513672,187.04124450683594,388.3050537109375,71.82292175292969,100.28470611572266,159.2328643798828,144.24057006835938,544.8064575195312,208.94187927246094,82.17080688476562,463.6567077636719,249.02223205566406,54.648956298828125,106.78547668457031
2024-08-06,205.2732696533203,161.92999267578125,68.37322998046875,807.9949951171875,87.91964721679688,220.6999969482422,157.07879638671875,149.46380615234375,192.2618865966797,392.687744140625,72.09455871582031,104.07845306396484,159.26126098632812,151.4940185546875,543.2674560546875,211.1891632080078,83.79270935058594,468.2815856933594,251.5497283935547,54.8184700012207,106.21793365478516
2024-08-07,207.83880615234375,162.77000427246094,68.2066421508789,801.486572265625,84.00102996826172,220.5500030517578,157.7238311767578,149.39797973632812,192.31947326660156,391.5281982421875,72.64717864990234,98.74725341796875,161.0898895263672,151.15281677246094,541.09765625,209.3601837158203,83.21808624267578,465.0324401855469,249.6272735595703,55.129241943359375,107.6321792602539
2024-08-08,211.29583740234375,165.8000030517578,68.10482788085938,830.2997436523438,84.00102996826172,224.00999450683594,160.79019165039062,150.63905334472656,195.8319091796875,395.7143859863281,72.62844848632812,104.79727172851562,161.895263671875,160.42434692382812,541.2506713867188,214.08831787109375,84.03368377685547,475.8823547363281,255.4727325439453,56.15572738647461,109.68841552734375
2024-08-09,214.1981964111328,166.94000244140625,68.3454818725586,845.631103515625,84.2453384399414,224.55999755859375,162.41766357421875,151.01512145996094,197.50173950195312,398.9867248535156,72.55352020263672,104.57763671875,161.5825958251953,162.929931640625,534.1006469726562,214.19534301757812,84.42293548583984,477.9216003417969,256.57550048828125,56.344085693359375,110.58163452148438
2024-08-12,215.72540283203125,166.8000030517578,68.46577453613281,854.1771240234375,83.99126434326172,228.41000366210938,161.04820251464844,150.3194122314453,197.8760223388672,399.76300048828125,72.66590881347656,108.8405990600586,158.04849243164062,163.42715454101562,540.3424682617188,212.52200317382812,83.8019790649414,478.1654968261719,256.4095764160156,56.391170501708984,110.72119903564453
2024-08-13,219.43438720703125,170.22999572753906,68.72492980957031,855.41357421875,83.64923858642578,228.05999755859375,162.90390014648438,148.91848754882812,199.55545043945312,406.8382873535156,73.17170715332031,115.94889068603516,158.50328063964844,168.01907348632812,548.8974609375,215.927001953125,84.5341567993164,486.1077880859375,260.6741027832031,57.21989822387695,109.66051483154297
2024-08-14,219.88064575195312,170.10000610351562,68.85447692871094,853.3265991210938,84.33329010009766,226.1999969482422,159.14288330078125,149.00311279296875,201.7627410888672,409.6389465332031,73.06867980957031,117.88571166992188,159.93397521972656,165.70848083496094,554.0880126953125,215.5378875732422,84.75659942626953,487.65911865234375,261.4158020019531,57.23872756958008,110.6746826171875
2024-08-15,222.8557586669922,177.58999633789062,68.56755828857422,867.8071899414062,86.76653289794922,226.91000366210938,160.0657958984375,149.5766143798828,203.01988220214844,414.4824523925781,72.50668334960938,122.65782928466797,159.10018920898438,169.59844970703125,554.030517578125,220.01304626464844,84.69172668457031,496.03076171875,265.9437561035156,57.94503402709961,111.35936737060547
2024-08-16,224.17474365234375,177.05999755859375,68.71565246582031,861.120849609375,87.26492309570312,231.99000549316406,161.7130889892578,149.8586883544922,205.34230041503906,411.96221923828125,73.59320831298828,124.37500762939453,159.07179260253906,170.1638946533203,552.1856689453125,220.16871643066406,84.64537811279297,497.0747375488281,266.5781555175781,58.32172775268555,110.83412170410156
2024-08-19,224.01605224609375,178.22000122070312,68.7989501953125,862.8616333007812,88.75028228759766,231.61000061035156,165.39468383789062,150.08432006835938,206.7626495361328,414.9746398925781,74.32380676269531,129.7860870361328,159.5739288330078,171.05108642578125,553.2372436523438,222.54249572753906,85.34973907470703,501.855712890625,269.0958251953125,58.98094177246094,111.17179107666016
2024-08-20,224.6309051513672,178.8800048828125,69.00253295898438,866.6698608398438,87.69489288330078,232.4600067138672,165.90077209472656,150.58265686035156,205.87013244628906,418.1938171386719,73.97725677490234,127.04061126708984,161.45944213867188,167.72657775878906,555.0247192382812,220.4605712890625,85.24781036376953,501.0263977050781,268.4419860839844,58.698421478271484,107.46698760986328
2024-08-21,224.52182006835938,180.11000061035156,69.1506118774414,871.8330078125,88.6525650024414,232.14999389648438,164.58096313476562,151.77670288085938,205.94691467285156,417.5440368652344,74.5954360961914,128.28857421875,161.2225341796875,167.14161682128906,552.5585327148438,223.16513061523438,85.70195007324219,502.78265380859375,269.7886657714844,59.178707122802734,106.78231048583984
2024-08-22,222.66734313964844,176.1300048828125,68.87298583984375,868.0150756835938,87.87078857421875,229.3699951171875,162.546630859375,152.64169311523438,207.89505004882812,409.0876159667969,73.9210433959961,123.536376953125,161.21307373046875,162.26698303222656,553.1797485351562,221.6863555908203,85.95217895507812,498.7139587402344,267.50518798828125,58.70784378051758,107.60768127441406
2024-08-23,224.9581756591797,177.0399932861328,69.17837524414062,869.6470336914062,88.4961929321289,232.02000427246094,164.3527374267578,154.31524658203125,209.50732421875,410.3083801269531,74.61418151855469,129.15711975097656,160.28453063964844,166.9856414794922,558.71435546875,227.01768493652344,87.84285736083984,504.1095275878906,270.89141845703125,59.743751525878906,109.09896850585938
2024-08-26,225.29534912109375,175.5,69.1043472290039,882.8024291992188,89.68839263916016,232.75999450683594,164.88861083984375,154.7665252685547,210.3326416015625,407.0596618652344,75.53209686279297,126.25190734863281,161.402587890625,164.83106994628906,561.2186889648438,226.53123474121094,87.80579376220703,502.8704528808594,270.2083435058594,59.46122360229492,111.43440246582031
2024-08-27,226.1383056640625,173.1199951171875,69.1043472290039,899.0140991210938,88.82845306396484,233.38999938964844,163.41989135742188,154.36866760253906,211.30191040039062,407.40423583984375,74.56732940673828,128.0889129638672,160.36033630371094,166.27394104003906,561.428955078125,225.75296020507812,87.93555450439453,503.543701171875,270.4523010253906,59.66840744018555,110.37455749511719
2024-08-28,224.61109924316406,170.8000030517578,69.05806732177734,878.3909301757812,87.4505844116211,231.75,161.60394287109375,155.2875518798828,212.36715698242188,404.2146301269531,74.37999725341797,125.40331268310547,160.1803436279297,164.95779418945312,562.5664672851562,224.42984008789062,87.59264373779297,500.66534423828125,268.8031005859375,59.357635498046875,109.28656768798828
2024-08-29,227.8837127685547,172.1199951171875,68.95628356933594,876.9864501953125,87.76329803466797,232.9499969482422,160.54212951660156,155.5812225341797,213.2500457763672,406.6954345703125,74.96073150634766,117.39649963378906,161.099365234375,164.90904235839844,565.4627685546875,225.6750946044922,87.32386016845703,500.743408203125,269.0665588378906,59.50830841064453,110.79660034179688
2024-08-30,227.1002655029297,178.5,68.81745910644531,882.6739501953125,88.32030487060547,231.2899932861328,162.1298828125,157.12539672851562,215.73562622070312,410.6529541015625,75.89874267578125,119.17357635498047,162.53004455566406,167.3950958251953,564.1532592773438,227.08575439453125,88.1672592163086,505.4560241699219,271.662353515625,59.67782974243164,110.61841583251953
2024-09-03,220.92193603515625,176.25,69.11079406738281,869.01416015625,87.09879302978516,230.2899932861328,156.15594482421875,158.35696411132812,211.4170684814453,403.0726318359375,75.35196685791016,107.8222885131836,165.3535614013672,156.46617126464844,572.259033203125,221.22909545898438,88.12091064453125,495.2306213378906,265.81695556640625,58.670166015625,108.30174255371094
2024-09-04,219.01785278320312,173.3300018310547,69.41712188720703,880.3394165039062,87.21605682373047,230.42999267578125,155.25291442871094,158.54641723632812,210.4861602783203,402.5410461425781,76.43609619140625,106.03524017333984,166.6610565185547,156.8366241455078,577.5162353515625,220.72323608398438,88.37115478515625,494.0012512207031,265.2216491699219,58.54774475097656,106.9792709350586
2024-09-05,220.53518676757812,177.88999938964844,69.58422088623047,876.3434448242188,86.62973022460938,232.35000610351562,156.03688049316406,156.3012237548828,208.854736328125,402.0389709472656,75.72905731201172,107.0335922241211,166.25363159179688,159.5956573486328,569.2097778320312,219.55580139160156,88.08384704589844,492.7815856933594,264.4019470214844,58.64192199707031,106.14452362060547
2024-09-06,218.98812866210938,171.38999938964844,69.66777038574219,867.1446533203125,85.9359130859375,230.6300048828125,149.76519775390625,155.72337341308594,203.89321899414062,395.4530334472656,75.39910125732422,102.66079711914062,166.36734008789062,152.88819885253906,570.538330078125,216.19943237304688,88.00041961669922,484.5758972167969,260.0105285644531,57.558921813964844,105.64743041992188
2024-09-09,219.07737731933594,175.39999389648438,69.7605972290039,886.7391357421875,86.32678985595703,231.60000610351562,147.76792907714844,157.83592224121094,208.0677947998047,399.4105224609375,76.53980255126953,106.2947998046875,166.8126678466797,158.69876098632812,567.8809814453125,217.23065185546875,88.98284149169922,490.03009033203125,262.791748046875,58.15221405029297,107.87029266357422
2024-09-10,218.28402709960938,179.5500030517578,69.99264526367188,884.5630493164062,86.38542175292969,232.6199951171875,147.71824645996094,158.5653839111328,197.2714080810547,407.7586975097656,77.58621978759766,107.922119140625,168.45176696777344,158.35751342773438,572.593505859375,216.79287719726562,90.27110290527344,492.0498352050781,263.81640625,57.916778564453125,103.94041442871094
2024-09-11,220.81285095214844,184.52000427246094,69.95551300048828,890.606689453125,86.3072509765625,232.25,150.20240783691406,156.1401824951172,198.87408447265625,416.461181640625,78.6514892578125,116.71762084960938,164.78506469726562,165.96197509765625,563.7230224609375,217.9602813720703,90.09500885009766,497.08447265625,266.44146728515625,58.24638748168945,102.90869903564453
2024-09-12,220.92193603515625,187.0,69.88125610351562,905.077392578125,87.26492309570312,236.3300018310547,153.71005249023438,155.9696502685547,198.26947021484375,420.35955810546875,78.67977905273438,118.95413208007812,164.3586883544922,167.74874877929688,562.4517211914062,220.24655151367188,90.47500610351562,501.358154296875,268.6567077636719,58.77375793457031,104.32495880126953
2024-09-13,220.65419006347656,186.49000549316406,70.02979278564453,906.0369262695312,88.48643493652344,238.67999267578125,156.4625244140625,156.80331420898438,196.0814208984375,423.893798828125,79.80162048339844,118.91417694091797,164.9366455078125,168.79576110839844,568.0913696289062,224.45901489257812,91.42035675048828,504.021728515625,270.5303955078125,58.93385696411133,104.24992370605469
2024-09-16,214.5254669189453,184.88999938964844,70.21543884277344,897.9954223632812,89.75680541992188,238.66000366210938,157.0587158203125,158.19589233398438,199.4786834716797,424.63214111328125,79.79219055175781,116.5978012084961,167.9306640625,165.44920349121094,565.1369018554688,225.97671508789062,91.7261962890625,504.78277587890625,271.06707763671875,59.31997299194336,105.71307373046875
2024-09-17,214.99154663085938,186.8800048828125,70.12262725830078,887.5106811523438,90.74378967285156,237.33999633789062,158.3107452392578,158.2716827392578,200.8126220703125,428.3828430175781,80.10330200195312,115.40966796875,166.6421356201172,163.75637817382812,554.412353515625,227.3095245361328,91.0866928100586,505.01708984375,271.34033203125,59.13161849975586,107.0918197631836
2024-09-18,218.85919189453125,186.42999267578125,69.90910339355469,882.8123168945312,91.44738006591797,235.50999450683594,158.79762268066406,157.40013122558594,199.1619873046875,424.1103210449219,79.45281219482422,113.19312286376953,164.78506469726562,163.68788146972656,556.9927978515625,227.43597412109375,90.9754867553711,503.37774658203125,270.6572265625,58.93385696411133,107.46698760986328
2024-09-19,226.97134399414062,189.8699951171875,69.90910339355469,890.9429321289062,91.32034301757812,239.1699981689453,161.11288452148438,156.1401824951172,201.99301147460938,431.8678283691406,77.5767822265625,117.68611145019531,162.53004455566406,172.4358673095703,553.55859375,231.26907348632812,90.99401092529297,512.1591796875,275.2438049316406,60.08277130126953,108.79884338378906
2024-09-20,226.30690002441406,191.60000610351562,69.89983367919922,897.1150512695312,91.6135025024414,242.2100067138672,162.55368041992188,155.51492309570312,202.57843017578125,428.5009765625,78.01988220214844,115.81903076171875,165.06930541992188,170.34182739257812,551.572998046875,229.77088928222656,90.63256072998047,511.15423583984375,274.66802978515625,59.65907287597656,108.1141586303711
2024-09-23,224.5912322998047,193.8800048828125,69.8534164428711,907.1052856445312,90.85128021240234,242.67999267578125,160.82470703125,154.62445068359375,202.91432189941406,426.76837158203125,79.96188354492188,116.07862854003906,164.64292907714844,171.0072479248047,550.0477905273438,230.38375854492188,91.53157043457031,512.4129028320312,275.3511657714844,59.97117233276367,110.07440948486328
2024-09-24,225.48377990722656,193.9600067138672,69.93695068359375,891.7341918945312,91.55487823486328,246.07000732421875,161.2619171142578,154.20761108398438,203.05828857421875,422.4958190917969,79.46224212646484,120.68142700195312,164.14077758789062,178.06243896484375,551.7551879882812,230.95777893066406,91.66132354736328,513.8861694335938,276.0440368652344,60.80345153808594,109.78367614746094
2024-09-25,224.49208068847656,192.52999877929688,69.67704010009766,898.5393676757812,91.77962493896484,245.72999572753906,160.4669952392578,152.14244079589844,201.71470642089844,425.3901062011719,79.7733383178711,123.31730651855469,163.2122344970703,178.4342803955078,552.8295288085938,228.66180419921875,91.04961395263672,512.8421630859375,275.136474609375,60.34001541137695,107.64518737792969
2024-09-26,225.63255310058594,191.16000366210938,69.67704010009766,891.6353759765625,93.03046417236328,246.97999572753906,161.69912719726562,152.8907928466797,201.32125854492188,424.6025085449219,78.67977905273438,123.84648132324219,164.11236572265625,182.8180694580078,551.390625,230.30593872070312,90.22476959228516,514.8814086914062,276.3660888671875,61.82488250732422,105.79750061035156
2024-09-27,225.90028381347656,187.97000122070312,69.88125610351562,875.9873657226562,93.8219985961914,245.02000427246094,162.91139221191406,152.9002685546875,202.01223754882812,421.36370849609375,79.69792175292969,121.21060180664062,164.4344940185547,174.1483154296875,558.143798828125,231.33538818359375,90.3397216796875,514.2149047851562,276.0929260253906,61.55061340332031,108.63001251220703
2024-09-30,231.0670928955078,186.3300018310547,69.72345733642578,876.8775024414062,93.9979019165039,243.05999755859375,164.79934692382812,153.52552795410156,202.35772705078125,423.6082458496094,79.6884994506836,121.25054168701172,164.10287475585938,169.94064331054688,560.8584594726562,231.4622344970703,91.05004119873047,516.4562377929688,277.1795654296875,61.22904586791992,109.943115234375
2024-10-01,224.3334197998047,185.1300048828125,69.92920684814453,867.8370971679688,91.90667724609375,245.61000061035156,165.9321746826172,153.45921325683594,198.69171142578125,414.1477355957031,80.3861083984375,116.81745910644531,163.95127868652344,168.37501525878906,559.5348510742188,229.10086059570312,90.46122741699219,511.6309814453125,274.6540222167969,61.068267822265625,112.48487854003906
2024-10-02,224.89869689941406,184.75999450683594,69.79888153076172,868.9744873046875,92.00439453125,245.66000366210938,164.80931091308594,152.68240356445312,198.9316864013672,410.6430358886719,80.53694915771484,118.66458129882812,162.8900909423828,172.02491760253906,568.177734375,229.11061096191406,90.1434555053711,511.7190856933594,274.7127380371094,61.285797119140625,113.97616577148438
2024-10-03,223.79788208007812,181.9600067138672,69.49161529541016,866.1455688476562,91.49623107910156,245.49000549316406,164.80931091308594,152.04766845703125,196.9547119140625,410.062255859375,80.17871856689453,122.65834045410156,161.18466186523438,175.62588500976562,568.5997924804688,228.09584045410156,89.32098388671875,510.7501525878906,274.12542724609375,60.642669677734375,114.97036743164062
2024-10-04,224.91851806640625,186.50999450683594,69.03543853759766,873.504638671875,92.98159790039062,245.0,166.00169372558594,151.84873962402344,203.94537353515625,409.5896911621094,79.04743194580078,124.72510528564453,160.00979614257812,177.2698211669922,567.1129150390625,230.89630126953125,88.89107513427734,515.4578857421875,276.7781982421875,61.10609817504883,117.0806884765625
2024-10-07,219.85092163085938,180.8000030517578,68.83059692382812,864.0881958007812,90.28449249267578,244.1699981689453,161.94752502441406,151.12876892089844,203.6653289794922,403.1711120605469,75.69133758544922,127.52074432373047,158.3422088623047,180.54788208007812,559.7841796875,229.04234313964844,88.10599517822266,510.818603515625,274.252685546875,60.98314666748047,117.58716583251953
2024-10-08,223.89706420898438,182.72000122070312,68.93301391601562,880.7352294921875,90.40177154541016,242.3699951171875,163.3386688232422,151.2803497314453,203.49154663085938,408.2607421875,75.88932800292969,132.68267822265625,159.32757568359375,182.0548095703125,557.8848876953125,229.4326171875,88.28358459472656,515.6536254882812,276.5628356933594,60.40623092651367,114.4638900756836
2024-10-09,227.63575744628906,185.1699981689453,68.74681091308594,899.2119750976562,91.46692657470703,241.0500030517578,160.83465576171875,152.1897735595703,206.06959533691406,410.96795654296875,75.96473693847656,132.44305419921875,160.37930297851562,183.1213836669922,567.1320190429688,230.54501342773438,88.37702941894531,519.1771850585938,278.4912109375,60.34001541137695,114.51077270507812
2024-10-10,227.139892578125,186.64999389648438,68.71886444091797,883.9102783203125,90.87081909179688,242.82000732421875,161.05322265625,152.05714416503906,205.5095672607422,409.3731689453125,76.30412292480469,134.59967041015625,160.07611083984375,181.79058837890625,573.3480834960938,229.4033660888672,87.59195709228516,518.3060913085938,277.9136962890625,60.28327560424805,115.49559020996094
2024-10-11,225.66229248046875,188.82000732421875,68.72819519042969,879.3602905273438,91.9848403930664,245.47000122070312,162.20590209960938,152.9571075439453,214.6341094970703,409.845703125,77.17142486572266,134.58970642089844,162.1036834716797,186.7126007080078,573.683837890625,233.21861267089844,88.58264923095703,521.3890380859375,280.06719970703125,60.63321304321289,115.93641662597656
2024-10-14,229.38119506835938,187.5399932861328,68.681640625,880.0823974609375,92.80570220947266,245.07000732421875,163.9149932861328,153.08975219726562,213.8520050048828,412.621826171875,78.1612777709961,137.8546142578125,163.4490966796875,188.08253479003906,580.734375,234.77008056640625,89.1153793334961,525.6565551757812,282.2501220703125,60.671043395996094,116.37724304199219
2024-10-15,231.91004943847656,187.69000244140625,68.95162963867188,884.879638671875,92.07279205322266,245.9199981689453,164.41183471679688,155.45806884765625,214.73065185546875,412.2280578613281,78.04814910888672,131.39471435546875,164.45346069335938,183.1116180419922,533.625244140625,234.28221130371094,90.190185546875,521.6534423828125,280.3118896484375,59.706356048583984,112.87879180908203
2024-10-16,229.857177734375,186.88999938964844,69.04473876953125,877.7282104492188,94.54513549804688,247.14999389648438,164.11373901367188,155.6286163330078,215.9376220703125,409.6488037109375,79.55651092529297,135.50827026367188,163.32594299316406,183.45407104492188,548.0620727539062,236.52647399902344,91.18086242675781,523.845703125,281.7410888671875,60.009002685546875,113.1695556640625
2024-10-17,230.22413635253906,187.52999877929688,68.7095718383789,875.6609497070312,94.33992004394531,248.6300048828125,161.8978271484375,155.80859375,216.69073486328125,410.2394714355469,78.98143768310547,136.7163848876953,163.23118591308594,201.4198455810547,542.9684448242188,236.23374938964844,90.46122741699219,523.9240112304688,281.682373046875,59.9144287109375,112.87879180908203
2024-10-18,233.05047607421875,188.99000549316406,68.74681091308594,879.884521484375,95.06305694580078,251.27000427246094,162.38475036621094,156.4243621826172,217.60801696777344,411.6570739746094,79.54708099365234,137.78469848632812,163.2378692626953,196.46849060058594,546.4024658203125,236.5069580078125,91.13414764404297,525.9403076171875,282.78851318359375,60.39677047729492,112.55990600585938
2024-10-21,234.5181884765625,189.07000732421875,68.28129577636719,877.1248779296875,94.41810607910156,251.22000122070312,163.03067016601562,154.25497436523438,215.31964111328125,412.26739501953125,79.21712493896484,143.4857940673828,161.57955932617188,197.6133575439453,548.186767578125,233.63816833496094,89.34903717041016,525.1279296875,281.8977355957031,59.80093002319336,112.62555694580078
2024-10-22,233.90333557128906,189.6999969482422,68.30924987792969,883.771728515625,94.53536987304688,253.92999267578125,164.0938720703125,154.84231567382812,216.4010772705078,420.8616638183594,78.90602111816406,143.365966796875,161.7320556640625,194.21791076660156,546.6422729492188,232.41848754882812,89.47988891601562,524.7656860351562,281.5746765136719,59.56449890136719,113.20706939697266
2024-10-23,228.84567260742188,184.7100067138672,68.14166259765625,889.3900146484375,94.04676055908203,250.8699951171875,161.74880981445312,157.12539672851562,215.7155303955078,417.9969177246094,80.09385681152344,139.34228515625,161.61769104003906,196.54678344726562,541.6350708007812,230.98410034179688,90.13410949707031,519.979736328125,279.02960205078125,59.03486251831055,112.80376434326172
2024-10-24,228.6572265625,186.3800048828125,68.25336456298828,883.7025146484375,93.22589874267578,252.8000030517578,161.68919372558594,155.05075073242188,217.23146057128906,418.1248779296875,78.06700897216797,140.19094848632812,161.6558074951172,193.67970275878906,537.9610595703125,231.69642639160156,90.33037567138672,521.1542358398438,279.7735595703125,59.15781784057617,112.16597747802734
2024-10-25,229.49026489257812,187.8300018310547,68.11371612548828,881.5264282226562,92.86432647705078,253.32000732421875,164.22303771972656,152.40765380859375,214.65342712402344,421.49169921875,76.76605224609375,141.31918334960938,160.32154846191406,199.07138061523438,541.5582885742188,230.74017333984375,89.47988891601562,520.9486694335938,279.5092468261719,58.99703598022461,112.07218170166016
2024-10-28,231.4637451171875,188.38999938964844,68.0299301147461,881.2693481445312,94.0076675415039,253.3300018310547,165.66383361816406,153.08975219726562,217.73353576660156,419.9559326171875,78.12357330322266,140.30076599121094,161.350830078125,190.49949645996094,542.2105712890625,233.34544372558594,89.76026916503906,522.5734252929688,280.6447448730469,59.394248962402344,111.51880645751953
2024-10-29,231.73153686523438,190.8300018310547,68.08577728271484,877.3424682617188,93.93927001953125,256.0899963378906,168.60508728027344,151.6592559814453,215.2230987548828,425.23260498046875,75.0031509399414,141.02963256835938,159.3208465576172,192.71095275878906,539.227294921875,233.17959594726562,89.1153793334961,523.4052734375,281.0167236328125,59.186187744140625,109.99938201904297
2024-10-30,228.19114685058594,192.72999572753906,68.02059936523438,869.5284423828125,92.91320037841797,257.5,173.35482788085938,152.1519012451172,216.68109130859375,425.8035888671875,74.56007385253906,139.1226043701172,158.3582763671875,190.30377197265625,540.0234985351562,233.2674102783203,89.5079116821289,521.8295288085938,280.3216857910156,58.83625793457031,109.44600677490234
2024-10-31,224.03590393066406,186.39999389648438,68.01130676269531,864.6718139648438,94.0076675415039,253.50999450683594,170.02603149414062,151.44139099121094,214.27684020996094,400.0306701660156,74.71090698242188,132.55288696289062,157.4242706298828,186.4483642578125,541.5007934570312,229.93026733398438,87.99384307861328,511.5623779296875,275.0945129394531,58.49576950073242,109.5304183959961
2024-11-01,221.06076049804688,197.92999267578125,67.74794006347656,868.9207763671875,93.6265640258789,252.47000122070312,170.20489501953125,151.6971435546875,215.26171875,403.9881591796875,72.91973876953125,135.1887664794922,157.34803771972656,188.806640625,544.4360961914062,230.51573181152344,87.0218505859375,513.7841796875,276.2691955566406,58.56197738647461,107.81401062011719
2024-11-04,220.1682586669922,195.77999877929688,68.01879119873047,877.5970458984375,93.60701751708984,252.8300018310547,168.16787719726562,149.90670776367188,212.21054077148438,402.1078796386719,73.88131713867188,135.83775329589844,157.3289794921875,187.4464874267578,535.0449829101562,231.13046264648438,87.97514343261719,512.6685180664062,275.76995849609375,58.74168014526367,111.24681091308594
2024-11-05,221.59629821777344,199.5,68.1868667602539,881.6578369140625,94.42786407470703,253.39999389648438,168.66473388671875,150.0109100341797,213.86166381835938,405.0612487792969,74.14527130126953,139.69171142578125,157.97705078125,191.5562744140625,543.9276733398438,235.0042724609375,89.14341735839844,518.83447265625,279.2743225097656,59.384796142578125,111.57508850097656
2024-11-06,220.87234497070312,207.08999633789062,67.62653350830078,890.6510620117188,96.63636779785156,245.6999969482422,175.39183044433594,149.565673828125,238.55101013183594,413.6456604003906,70.25181579589844,145.38282775878906,153.48818969726562,189.0708465576172,572.3792114257812,244.6839141845703,87.24615478515625,531.7540893554688,287.0857849121094,58.666015625,113.48844146728516
2024-11-07,225.59286499023438,210.0500030517578,68.13082885742188,905.190673828125,96.67545318603516,249.64999389648438,179.60496520996094,148.47621154785156,228.23883056640625,418.81396484375,70.34609985351562,148.6477508544922,155.73736572265625,196.8696746826172,580.7823486328125,245.15228271484375,88.29293060302734,535.8942260742188,289.0924377441406,59.6779899597168,113.62913513183594
2024-11-08,225.32481384277344,208.17999267578125,68.26158905029297,934.7750244140625,96.7634048461914,247.9600067138672,177.2201690673828,147.2825927734375,228.81817626953125,415.9689636230469,72.5615005493164,147.399658203125,159.8354949951172,196.8794708251953,590.7202758789062,247.00624084472656,89.61072540283203,538.2627563476562,290.4433288574219,58.6849250793457,113.59162139892578
2024-11-11,222.61447143554688,206.83999633789062,68.13082885742188,923.9594116210938,98.56147766113281,242.13999938964844,179.20750427246094,146.87521362304688,231.0486297607422,411.5094299316406,71.56220245361328,145.0333709716797,158.23435974121094,189.8830108642578,599.7755737304688,250.0408935546875,89.16211700439453,538.7032470703125,291.25579833984375,58.60926818847656,112.99134063720703
2024-11-12,222.61447143554688,208.91000366210938,67.71990966796875,923.4641723632812,98.68850708007812,240.0500030517578,180.4694366455078,144.60157775878906,231.309326171875,416.4513244628906,70.0067138671875,148.05865478515625,158.05328369140625,187.65196228027344,589.6266479492188,247.0647735595703,87.92842864990234,537.0882568359375,290.1105041503906,57.64458465576172,112.87879180908203
2024-11-13,223.49806213378906,214.10000610351562,67.69190216064453,924.80126953125,100.37908172607422,237.6300048828125,177.74681091308594,145.17002868652344,232.8542022705078,418.5875549316406,69.98786163330078,146.04180908203125,158.758544921875,182.65171813964844,581.1852416992188,245.89385986328125,88.4144287109375,537.3623046875,289.9734802246094,57.35139465332031,113.92926025390625
2024-11-14,226.57571411132812,211.47999572753906,67.6732177734375,915.055419921875,106.63324737548828,237.00999450683594,174.46774291992188,143.87217712402344,233.5397491455078,420.2513122558594,70.96829986572266,146.53103637695312,159.23504638671875,184.4521942138672,568.9835205078125,243.09341430664062,87.62001037597656,533.9464111328125,287.8297424316406,57.28519058227539,114.00492858886719
2024-11-15,223.37896728515625,202.61000061035156,67.69190216064453,898.396240234375,112.45741271972656,236.58999633789062,171.39730834960938,145.88998413085938,236.8612518310547,408.54620361328125,71.97700500488281,141.75848388671875,161.57955932617188,182.01564025878906,568.1008911132812,240.34173583984375,87.66673278808594,527.0560913085938,284.1784973144531,57.13386917114258,112.82288360595703
2024-11-18,226.37718200683594,201.6999969482422,67.75727844238281,910.7173461914062,110.95250701904297,241.08999633789062,174.18951416015625,146.6194305419922,236.59091186523438,409.29437255859375,72.01471710205078,139.9313507080078,162.73275756835938,183.45407104492188,565.6260375976562,241.33702087402344,88.30227661132812,529.2387084960938,285.3335876464844,57.50271987915039,113.76850891113281
2024-11-19,226.6352996826172,204.61000061035156,67.878662109375,921.2555541992188,109.8580322265625,243.25,176.9916229248047,144.94264221191406,234.7177276611328,411.2928466796875,72.66519927978516,146.7806396484375,162.7422637939453,185.59707641601562,553.4913940429688,242.47866821289062,88.73218536376953,531.1668090820312,286.645263671875,57.52163314819336,112.17985534667969
2024-11-20,227.35012817382812,202.8800048828125,67.803955078125,919.2052001953125,111.65609741210938,244.6199951171875,174.8651885986328,145.04685974121094,232.4873046875,409.028564453125,72.47665405273438,145.66238403320312,162.86618041992188,184.31521606445312,576.0340576171875,243.7276611328125,88.62004852294922,531.362548828125,286.8116760253906,57.379764556884766,113.77796936035156
2024-11-21,226.87356567382812,198.3800048828125,67.7666015625,946.51171875,112.1056137084961,246.66000366210938,166.56808471679688,147.31097412109375,236.3302001953125,407.26287841796875,72.92916107177734,146.44117736816406,164.63885498046875,187.13333129882812,573.1466064453125,247.63070678710938,89.27426147460938,534.0443725585938,288.8183898925781,57.408138275146484,115.3004379272461
2024-11-22,228.21383666992188,197.1199951171875,67.79463195800781,954.7916870117188,113.01441955566406,249.83999633789062,163.71624755859375,146.9983673095703,239.98968505859375,411.3367919921875,72.1272201538086,141.72854614257812,168.00308227539062,185.9982452392578,566.79638671875,251.4850311279297,89.94717407226562,535.83544921875,290.24761962890625,57.606754302978516,115.16804504394531
2024-11-25,231.19223022460938,201.4499969482422,68.42036437988281,951.7015991210938,113.35643768310547,242.47999572753906,166.5879364013672,147.57627868652344,241.6697540283203,413.1025390625,72.7345962524414,135.8077850341797,169.0609893798828,181.1056365966797,581.1467895507812,255.24169921875,91.19956970214844,537.55810546875,291.6669616699219,57.7959098815918,113.4469985961914
2024-11-26,233.366455078125,207.86000061035156,68.29894256591797,962.2101440429688,112.81897735595703,242.9499969482422,168.0486297607422,147.55714416503906,241.3607635498047,422.17755126953125,73.54129791259766,136.70639038085938,170.89083862304688,179.8922576904297,582.0678100585938,253.6122283935547,91.56405639648438,540.5725708007812,292.73388671875,57.50271987915039,111.55574798583984
2024-11-27,233.23739624023438,205.74000549316406,68.48572540283203,952.3552856445312,114.91999053955078,243.49000549316406,168.15794372558594,148.39749145507812,241.18695068359375,417.2454528808594,74.518798828125,135.1288604736328,170.93849182128906,177.29916381835938,583.5929565429688,253.42681884765625,92.15287017822266,538.8499145507812,291.9018859863281,57.75807189941406,111.26260375976562
2024-11-29,235.6201171875,207.88999938964844,68.7378921508789,962.58642578125,114.7929458618164,245.58999633789062,167.87973022460938,148.02505493164062,241.11940002441406,417.7090759277344,74.66116333007812,138.03431701660156,170.8431854248047,180.69464111328125,585.3388061523438,254.19766235351562,91.74165344238281,541.6883544921875,293.5268249511719,58.363365173339844,111.54627990722656
2024-12-02,237.86383056640625,210.7100067138672,68.77818298339844,965.6766967773438,114.49000549316406,243.44000244140625,170.40362548828125,147.8245391845703,237.7688751220703,425.1269836425781,73.14269256591797,138.4137420654297,171.26251220703125,190.22549438476562,583.7272338867188,253.63168334960938,90.4051513671875,543.2151489257812,294.08477783203125,58.47686004638672,111.44226837158203
2024-12-03,240.90176391601562,213.44000244140625,68.61893463134766,972.7582397460938,113.79618072509766,243.92999267578125,170.2545928955078,145.49447631835938,236.38815307617188,425.34393310546875,72.4024429321289,140.0411834716797,167.1834716796875,194.61911010742188,580.5712280273438,253.05601501464844,89.94717407226562,543.3424072265625,294.08477783203125,58.72276306152344,111.27204895019531
2024-12-04,241.25918579101562,218.16000366210938,68.85311889648438,981.4443969726562,114.32388305664062,244.6699981689453,173.26536560058594,143.68963623046875,235.0170440673828,431.4794921875,71.8804702758789,144.91355895996094,166.88803100585938,196.3804168701172,585.9047241210938,254.03176879882812,89.70418548583984,546.7681884765625,296.0621032714844,58.732215881347656,108.06637573242188
2024-12-05,241.28895568847656,220.5500030517578,68.86248779296875,972.8672485351562,113.84504699707031,242.86000061035156,171.5463409423828,142.782470703125,237.02540588378906,436.6088562011719,72.31702423095703,144.8436737060547,167.76483154296875,199.91290283203125,555.3811645507812,251.72898864746094,89.4892349243164,545.8577880859375,295.23980712890625,59.091609954833984,108.5391845703125
2024-12-06,241.09039306640625,227.02999877929688,69.04985046386719,983.1182861328125,114.06981658935547,242.9499969482422,173.60325622558594,142.5819091796875,238.84066772460938,437.54595947265625,71.40594482421875,142.2275848388672,165.65859985351562,198.66041564941406,527.2269897460938,252.3632049560547,89.35838317871094,546.9442749023438,296.0621032714844,58.987571716308594,107.39498138427734
2024-12-09,244.97222900390625,226.08999633789062,68.84375762939453,978.4136352539062,111.99812316894531,245.36000061035156,174.45875549316406,142.85887145996094,235.41294860839844,439.9626770019531,70.89347076416016,138.6029815673828,162.7708740234375,194.89305114746094,539.8414916992188,250.45071411132812,89.61072540283203,544.0960693359375,294.1728515625,59.309139251708984,106.76141357421875
2024-12-10,245.98489379882812,225.0399932861328,68.76881408691406,983.9006958007812,112.11538696289062,248.58999633789062,184.20782470703125,142.50552368164062,234.49566650390625,437.3092346191406,70.36200714111328,134.86859130859375,164.19090270996094,187.81832885742188,544.2421264648438,248.49916076660156,88.31161499023438,542.5496826171875,293.0668029785156,58.666015625,106.54390716552734
2024-12-11,244.71412658691406,230.25999450683594,68.61893463134766,985.1783447265625,111.99812316894531,250.9600067138672,194.3846893310547,140.0322265625,235.142578125,442.8923034667969,70.21015930175781,139.1022491455078,162.61837768554688,190.42120361328125,513.7555541992188,250.12867736816406,88.10599517822266,546.6604614257812,295.4258117675781,59.02540588378906,105.8346939086914
2024-12-12,246.17352294921875,228.97000122070312,68.34725189208984,978.9385986328125,112.2815170288086,247.27999877929688,190.9625701904297,139.65023803710938,233.2114715576172,443.45458984375,69.48888397216797,137.13519287109375,162.82806396484375,187.94357299804688,496.6441650390625,248.22593688964844,87.96581268310547,543.8416137695312,293.7421569824219,58.49576950073242,105.74011993408203
2024-12-13,246.34228515625,227.4600067138672,68.07559967041016,979.8894653320312,110.75707244873047,244.2899932861328,188.8336944580078,140.01312255859375,231.6762237548828,441.19573974609375,69.8685073852539,134.04978942871094,163.02818298339844,197.2985382080078,501.1892395019531,247.12332153320312,87.71345520019531,543.8024291992188,293.5953063964844,58.35390853881836,104.81340789794922
2024-12-16,249.23133850097656,232.92999267578125,68.15055847167969,983.375732421875,110.04054260253906,244.8800048828125,195.63815307617188,137.3679656982422,231.32862854003906,445.4570617675781,69.08079528808594,131.8031463623047,163.1044464111328,198.50595092773438,480.02386474609375,247.94300842285156,87.4050521850586,545.9360961914062,294.78955078125,58.15530014038086,102.572265625
2024-12-17,251.6537322998047,231.14999389648438,68.15990447998047,972.6889038085938,110.93373107910156,243.94000244140625,194.4045867919922,139.81259155273438,230.15065002441406,448.2880554199219,68.58729553222656,130.19554138183594,162.3324737548828,196.97459411621094,467.5249328613281,245.10350036621094,86.98446655273438,543.6458740234375,293.33099365234375,57.947227478027344,102.13729858398438
2024-12-18,246.26287841796875,220.52000427246094,67.62594604492188,955.5147705078125,109.29456329345703,239.25999450683594,187.42105102539062,138.22738647460938,222.43580627441406,431.44989013671875,66.92646026611328,128.71775817871094,161.1411590576172,191.96826171875,481.1986389160156,235.10186767578125,83.39555358886719,527.6824951171875,284.25677490234375,56.56641387939453,100.63374328613281
2024-12-19,247.99032592773438,223.2899932861328,67.43856811523438,945.6697998046875,109.314208984375,239.60000610351562,187.5304718017578,137.11013793945312,224.93661499023438,431.0947265625,66.21468353271484,130.485107421875,161.24600219726562,191.0651397705078,471.1167297363281,234.1748809814453,82.10578155517578,527.4867553710938,283.8554992675781,56.56641387939453,99.77322387695312
2024-12-20,252.65647888183594,224.9199981689453,67.64469146728516,944.9468383789062,109.9620132446289,242.10000610351562,190.41543579101562,137.9600067138672,229.41680908203125,430.6706237792969,68.01786804199219,134.49911499023438,160.1690673828125,193.5879669189453,481.5934753417969,236.86798095703125,83.489013671875,533.4570922851562,287.0857849121094,56.638553619384766,100.11363983154297
2024-12-23,253.4308319091797,225.05999755859375,67.4292221069336,940.8265380859375,109.34364318847656,240.9600067138672,193.6186981201172,138.7239532470703,230.1796112060547,429.3389587402344,68.79608154296875,139.46170043945312,160.21669006347656,203.55152893066406,487.57330322265625,236.9208526611328,83.81551361083984,537.275634765625,288.7169189453125,56.96561050415039,100.52027130126953
2024-12-24,256.3397521972656,229.0500030517578,67.52601623535156,949.6513671875,110.48223114013672,241.44000244140625,195.0909881591797,139.27781677246094,233.964599609375,433.363525390625,69.19469451904297,140.01089477539062,161.0077362060547,202.54046630859375,487.3421630859375,238.89930725097656,84.37227630615234,542.8035888671875,291.7808837890625,57.14837646484375,100.61483764648438
2024-12-26,257.1537780761719,227.0500030517578,67.57300567626953,946.9970092773438,110.47241973876953,243.07000732421875,194.58363342285156,139.01998901367188,234.76600646972656,432.1600646972656,68.68219757080078,139.7213134765625,162.17044067382812,199.33050537109375,492.2049865722656,239.93746948242188,84.59874725341797,542.7938232421875,291.9477844238281,57.26380920410156,100.6999282836914
2024-12-27,253.74853515625,223.75,67.43203735351562,930.7142333984375,109.49088287353516,241.39999389648438,191.75840759277344,138.51388549804688,232.86386108398438,424.68304443359375,68.4354476928711,136.80567932128906,161.57003784179688,197.92678833007812,491.0879821777344,237.16574096679688,83.74946594238281,537.1676025390625,288.7856750488281,57.138755798339844,100.69047546386719
2024-12-30,250.38296508789062,221.3000030517578,67.6951904296875,913.3914794921875,108.75472259521484,240.6300048828125,190.24632263183594,136.8809356689453,231.0775909423828,419.0604553222656,68.10327911376953,137.2849578857422,159.24459838867188,196.7095489501953,488.97918701171875,235.14813232421875,83.3342514038086,531.18798828125,285.59405517578125,56.75398635864258,100.00962829589844
2024-12-31,248.6157989501953,219.38999938964844,67.58241271972656,907.50830078125,109.29456329345703,242.1300048828125,188.31639099121094,138.10324096679688,231.45416259765625,415.7757263183594,68.03684997558594,134.08973693847656,159.77830505371094,193.86280822753906,487.111083984375,235.334228515625,84.06086730957031,529.0474243164062,284.6022033691406,56.68665313720703,101.72120666503906
2025-01-02,242.09312438964844,220.22000122070312,67.61062622070312,901.1099853515625,108.77434539794922,245.4199981689453,188.44570922851562,137.53028869628906,231.73416137695312,412.89532470703125,67.96092987060547,138.10374450683594,158.18670654296875,197.877685546875,485.8110656738281,235.07957458496094,83.31538391113281,527.7218627929688,284.0621032714844,56.590457916259766,101.47534942626953
2025-01-03,241.60665893554688,224.19000244140625,67.52601623535156,907.8152465820312,109.10807800292969,243.49000549316406,190.79344177246094,137.69265747070312,234.9011993408203,417.6005859375,68.32156372070312,144.25454711914062,157.3766326904297,204.77857971191406,493.9864196777344,238.4781494140625,84.4100112915039,534.5361328125,287.7938232421875,56.8886604309082,101.99544525146484
2025-01-06,243.23483276367188,227.61000061035156,67.46023559570312,913.88671875,109.00010681152344,243.19000244140625,195.84706115722656,137.1865234375,233.75595092773438,422.0394287109375,67.60977935791016,149.20716857910156,153.059326171875,215.9691925048828,494.631591796875,238.86012268066406,83.32481384277344,537.648681640625,289.4043273925781,57.33114242553711,101.88196563720703
2025-01-07,240.46495056152344,222.11000061035156,67.22528839111328,912.5595092773438,109.33383178710938,244.55999755859375,194.4742431640625,139.6407012939453,236.00759887695312,416.6338806152344,66.84104919433594,139.93101501464844,153.72645568847656,207.53695678710938,495.19012451171875,236.89149475097656,82.53214263916016,531.600341796875,286.1734924316406,57.0714225769043,102.83704376220703
2025-01-08,240.95140075683594,222.1300048828125,67.30048370361328,918.5020751953125,107.73392486572266,245.86000061035156,192.94223022460938,135.85916137695312,235.9687957763672,418.7941589355469,67.05933380126953,139.90106201171875,154.4888916015625,203.31593322753906,505.0794982910156,237.01881408691406,82.74918365478516,532.317138671875,286.4385986328125,56.94637680053711,101.11602020263672
2025-01-10,235.14356994628906,218.94000244140625,66.95274353027344,927.9805908203125,106.6444091796875,248.2100067138672,191.04214477539062,135.65859985351562,232.80479431152344,413.2603454589844,63.94646453857422,135.70733642578125,151.11509704589844,204.54298400878906,501.3913879394531,233.2186737060547,80.7297592163086,524.2166137695312,282.1372985839844,56.01329803466797,100.7472152709961
2025-01-13,232.7112274169922,218.4600067138672,66.88694763183594,915.8576049804688,106.08493041992188,245.74000549316406,190.01747131347656,137.9600067138672,237.01698303222656,411.5242614746094,63.54787063598633,133.03131103515625,151.3819580078125,197.6617431640625,521.0834350585938,234.83473205566406,81.72061157226562,524.8941040039062,282.5988464355469,55.801666259765625,103.34769439697266
2025-01-14,231.5992889404297,217.75999450683594,66.93392944335938,908.458984375,106.12419891357422,247.02999877929688,188.67449951171875,138.22738647460938,240.18093872070312,410.02490234375,64.51589965820312,131.56349182128906,152.23971557617188,197.75006103515625,523.5870361328125,237.42037963867188,82.46607971191406,525.5617065429688,283.23724365234375,56.109493255615234,103.75431060791016
2025-01-15,236.15621948242188,223.35000610351562,67.4696273803711,914.6691284179688,106.18309020996094,248.8800048828125,194.53390502929688,138.43748474121094,244.91722106933594,420.5203857421875,65.75914001464844,136.03683471679688,152.1539306640625,203.0018310546875,523.2789306640625,240.76998901367188,82.93791198730469,535.17431640625,288.4320983886719,56.773223876953125,105.44699096679688
2025-01-16,226.61544799804688,220.66000366210938,67.60121154785156,910.9549560546875,104.49483489990234,250.60000610351562,191.90762329101562,141.111328125,246.78067016601562,418.8138122558594,67.733154296875,133.3708038330078,152.9640350341797,210.84507751464844,491.6657409667969,242.376220703125,84.6553726196289,534.3790893554688,288.216064453125,56.95598602294922,105.2673110961914
2025-01-17,228.3230438232422,225.94000244140625,67.62000274658203,934.1708374023438,105.04449462890625,249.27000427246094,194.98158264160156,140.4046630859375,251.5266571044922,423.20343017578125,67.15424346923828,137.50462341308594,153.56443786621094,207.61549377441406,490.86651611328125,243.40463256835938,84.59874725341797,539.5045776367188,290.8774108886719,57.234947204589844,106.21294403076172
2025-01-21,221.0359344482422,230.7100067138672,67.81737518310547,938.6673583984375,106.6934814453125,253.1300048828125,197.0209197998047,141.4741973876953,255.28262329101562,422.68060302734375,67.2396469116211,140.61997985839844,154.12672424316406,214.68325805664062,505.53204345703125,247.43983459472656,86.18409729003906,544.4138793945312,293.7645568847656,58.216121673583984,105.40916442871094
2025-01-22,222.2173614501953,235.00999450683594,67.67639923095703,935.6664428710938,106.80146026611328,254.42999267578125,197.3392333984375,138.7239532470703,255.0982666015625,440.1402587890625,64.99991607666016,146.85069274902344,157.0049285888672,219.1005859375,500.4573669433594,246.0882110595703,84.68367767333984,547.5068969726562,295.19830322265625,58.091068267822266,103.57464599609375
2025-01-23,222.04859924316406,235.4199981689453,67.57300567626953,933.1505737304688,108.99029541015625,254.07000732421875,196.9512939453125,140.0322265625,258.11663818359375,440.643310546875,65.70220947265625,147.00047302246094,158.34872436523438,220.49453735351562,510.1349182128906,246.95989990234375,85.3064956665039,550.5408935546875,296.74993896484375,58.466224670410156,104.16094207763672
2025-01-24,221.1749267578125,234.85000610351562,67.70459747314453,930.6943969726562,110.0896224975586,255.64999389648438,199.16969299316406,140.20413208007812,257.0393371582031,438.0293273925781,69.1187515258789,142.40731811523438,157.3677978515625,217.8048553466797,512.7733764648438,246.6269073486328,85.5990219116211,548.8815307617188,295.8857421875,58.75480270385742,102.75194549560547
2025-01-27,228.20391845703125,235.4199981689453,68.06170654296875,956.0198364257812,111.24784088134766,252.99000549316406,190.81333923339844,146.00059509277344,258.0196228027344,428.6583251953125,70.06780242919922,118.24340057373047,162.67990112304688,188.77793884277344,523.375244140625,244.18817138671875,86.74085235595703,541.2423706054688,291.7611999511719,58.408512115478516,104.17984008789062
2025-01-28,236.5433807373047,238.14999389648438,68.02412414550781,949.5027465820312,110.06999206542969,255.17999267578125,194.28521728515625,143.6037139892578,259.2716064453125,441.1266784667969,66.94544982910156,128.7976531982422,159.3526611328125,198.6826171875,522.373779296875,244.9129180908203,85.69338989257812,545.7786865234375,294.2653503417969,58.47584533691406,102.16566467285156
2025-01-29,237.63546752929688,237.07000732421875,67.98654174804688,954.8015747070312,111.1006088256836,254.1999969482422,194.39463806152344,144.3389892578125,258.72808837890625,436.3227844238281,67.27761840820312,123.51553344726562,159.39102172851562,198.61392211914062,518.1561889648438,243.874755859375,84.56099700927734,543.3828735351562,293.0083923339844,58.4854621887207,102.76140594482422
2025-01-30,235.8782196044922,234.63999938964844,68.08053588867188,969.6482543945312,111.33617401123047,258.04998779296875,199.82626342773438,145.9814910888672,260.3294982910156,409.35406494140625,67.66671752929688,124.464111328125,160.5224609375,204.3270263671875,525.3493041992188,246.87176513671875,85.63676452636719,546.2205200195312,294.8448181152344,59.18767166137695,103.61247253417969
2025-01-31,234.29965209960938,237.67999267578125,67.98654174804688,970.5099487304688,110.9729995727539,258.55999755859375,202.95989990234375,145.2939453125,259.4268493652344,409.4231262207031,67.9134750366211,119.89094543457031,159.160888671875,205.47555541992188,522.3834228515625,244.50157165527344,85.44804382324219,543.3043823242188,293.2342529296875,58.600894927978516,101.02145385742188
2025-02-03,226.36724853515625,237.4199981689453,68.0478286743164,996.2118530273438,111.89566040039062,259.94000244140625,200.1844024658203,145.02658081054688,258.9512634277344,405.33941650390625,67.4294662475586,116.48603820800781,161.81692504882812,196.13037109375,527.862548828125,241.533935546875,85.26874542236328,539.740234375,291.0934753417969,58.01411819458008,101.2673110961914
2025-02-04,231.12274169921875,242.05999755859375,68.14209747314453,1012.0885620117188,111.20858001708984,262.5,205.30764770507812,146.57357788085938,260.04803466796875,406.76971435546875,66.33805847167969,118.47305297851562,161.2128448486328,200.3023223876953,525.2338256835938,243.43399047851562,85.33480834960938,543.323974609375,293.204833984375,58.75480270385742,103.98125457763672
2025-02-05,230.79510498046875,236.1699981689453,68.49097442626953,1032.9075927734375,108.49951934814453,264.1300048828125,190.33584594726562,147.71949768066406,262.4646911621094,407.67718505859375,65.6737289428711,124.64383697509766,162.056640625,204.73931884765625,519.802734375,245.48098754882812,86.53323364257812,545.5528564453125,294.56005859375,59.13957214355469,103.90560913085938
2025-02-06,231.53970336914062,238.8300018310547,68.4155502319336,1040.940185546875,110.02090454101562,263.42999267578125,190.60443115234375,146.59266662597656,268.7441101074219,410.1728820800781,65.74016571044922,128.48806762695312,161.9320068359375,206.63388061523438,510.3948669433594,245.08921813964844,86.75028228759766,547.5166015625,295.2867431640625,59.399295806884766,102.53445434570312
2025-02-07,225.99000549316406,229.14999389648438,68.20811462402344,1034.97119140625,108.81360626220703,263.8999938964844,184.376953125,146.22021484375,267.6764831542969,404.185302734375,64.79112243652344,129.64637756347656,161.0594024658203,202.33432006835938,507.4964599609375,242.61129760742188,86.46717834472656,542.19482421875,292.6450500488281,59.014522552490234,102.96943664550781
2025-02-10,226.25831604003906,233.13999938964844,68.22697448730469,1052.9276123046875,107.26277923583984,268.3699951171875,185.5010986328125,147.28976440429688,263.05670166015625,406.6217041015625,66.14825439453125,133.3708038330078,160.63754272460938,204.1306915283203,513.6014404296875,243.09120178222656,86.429443359375,546.0733032226562,294.5207214355469,59.48587417602539,104.93635559082031
2025-02-11,231.1979522705078,232.75999450683594,68.11381530761719,1049.3780517578125,107.00757598876953,267.3900146484375,184.35707092285156,149.0946044921875,266.8903503417969,405.8523254394531,66.74615478515625,132.60195922851562,162.4593505859375,204.9062042236328,514.1310424804688,241.700439453125,86.80690002441406,546.5642700195312,294.36358642578125,59.59168243408203,105.5982894897461
2025-02-12,235.42198181152344,228.92999267578125,67.76498413085938,1056.1004638671875,107.21370697021484,267.6700134277344,182.6559600830078,148.2637939453125,267.3368225097656,403.4849548339844,65.74966430664062,130.94442749023438,162.6031951904297,202.58953857421875,507.85272216796875,240.06480407714844,86.00479125976562,544.757568359375,293.391357421875,59.755210876464844,102.42117309570312
2025-02-13,240.05349731445312,230.3699951171875,68.17041015625,1067.740966796875,107.56705474853516,270.30999755859375,185.1728057861328,150.1641387939453,268.18121337890625,404.9645080566406,65.10430145263672,135.08824157714844,163.9839630126953,198.12310791015625,511.49261474609375,242.98345947265625,86.86353302001953,550.5112915039062,296.4553527832031,60.39970397949219,103.16537475585938
2025-02-14,243.10472106933594,228.67999267578125,68.38726806640625,1062.7734375,108.34247589111328,266.2900085449219,184.2675323486328,149.11370849609375,268.4432373046875,402.8831787109375,64.59182739257812,138.64292907714844,156.1884002685547,200.1550750732422,504.10693359375,242.84634399414062,86.46717834472656,550.5309448242188,296.416015625,60.515132904052734,103.27031707763672
2025-02-18,242.97552490234375,226.64999389648438,68.1326904296875,1047.0875244140625,107.53761291503906,270.70001220703125,182.81512451171875,149.1907196044922,271.70428466796875,404.0767517089844,65.0093994140625,139.1920928955078,158.62391662597656,199.0164031982422,482.17120361328125,244.62889099121094,86.85408782958984,552.1216430664062,297.2507629394531,60.87105178833008,105.08309173583984
2025-02-19,243.373046875,226.6300048828125,68.22697448730469,1053.5423583984375,109.29456329345703,270.8500061035156,184.3073272705078,151.98219299316406,271.0248718261719,409.1370849609375,65.54086303710938,139.02236938476562,159.6403350830078,197.25924682617188,492.0990905761719,243.35565185546875,86.92015075683594,553.45703125,297.67303466796875,60.467041015625,105.23573303222656
2025-02-20,244.3271942138672,222.8800048828125,68.31183624267578,1026.06689453125,108.50933074951172,270.989990234375,183.6010284423828,153.70521545410156,258.94158935546875,411.30169677734375,66.56584167480469,139.90106201171875,160.33070373535156,196.4248809814453,483.798583984375,241.00506591796875,87.33535766601562,551.1299438476562,296.0722961425781,60.832576751708984,106.85768127441406
2025-02-21,244.04891967773438,216.5800018310547,68.61354064941406,1026.2652587890625,106.65422821044922,270.739990234375,178.72647094726562,156.2271728515625,256.4570007324219,403.47357177734375,67.93245697021484,134.22952270507812,163.2264404296875,194.5990447998047,449.1329040527344,234.6780242919922,86.47663116455078,541.7529907226562,290.6024475097656,60.43818664550781,105.60783386230469
2025-02-24,245.58944702148438,212.7100067138672,68.70783996582031,1026.83056640625,109.14733123779297,272.2099914550781,178.31861877441406,157.61329650878906,253.64239501953125,399.3124084472656,67.19219970703125,130.08572387695312,163.52369689941406,188.1300811767578,444.4144287109375,233.89450073242188,86.81633758544922,539.1903076171875,289.11956787109375,60.139984130859375,106.16120147705078
2025-02-25,245.52981567382812,212.8000030517578,69.1415786743164,1046.720703125,108.48970031738281,268.6199951171875,174.50851440429688,159.8753662109375,249.81845092773438,393.283203125,67.64774322509766,126.44115447998047,165.546875,185.89195251464844,452.946044921875,233.28724670410156,87.88267517089844,536.509765625,287.6858215332031,60.476661682128906,104.69190216064453
2025-02-26,238.89064025878906,214.35000610351562,69.24529266357422,1023.231201171875,109.76571655273438,269.0299987792969,171.83248901367188,156.97799682617188,251.16757202148438,395.09197998046875,67.3915023803711,131.084228515625,164.25241088867188,191.04551696777344,446.40771484375,233.69859313964844,87.5146484375,536.8435668945312,287.7839660644531,60.65943145751953,104.4343032836914
2025-02-27,235.849365234375,208.74000549316406,69.1604232788086,1013.0581665039062,109.25530242919922,264.92999267578125,167.62445068359375,157.6036834716797,251.41986083984375,387.9754943847656,65.84455871582031,119.9708251953125,164.89486694335938,177.7640380859375,451.1935119628906,230.38816833496094,87.8637924194336,528.22265625,283.3255920410156,59.85140609741211,105.0926284790039
2025-02-28,240.36160278320312,212.27999877929688,69.45275115966797,1039.7303466796875,111.6993408203125,263.2699890136719,169.39520263671875,158.8454132080078,256.85491943359375,392.3837585449219,67.14302062988281,124.73370361328125,166.6879119873047,177.2143096923828,457.3563537597656,232.69960021972656,88.60929107666016,536.4312133789062,287.69561767578125,59.68787384033203,106.21843719482422
2025-03-03,236.57489013671875,205.02000427246094,69.612548828125,1037.9852294921875,110.7079849243164,266.739990234375,166.14219665527344,161.02085876464844,252.94361877441406,383.9823913574219,68.53047180175781,113.88990020751953,168.3659210205078,169.79315185546875,449.739501953125,227.0875244140625,89.02449798583984,527.1917114257812,282.5399475097656,59.8898811340332,102.81236267089844
2025-03-04,234.4877166748047,203.8000030517578,69.4139404296875,1028.0897216796875,106.99776458740234,269.05999755859375,170.03187561035156,159.23043823242188,242.8790740966797,384.10101318359375,67.79369354248047,115.81703186035156,166.0550537109375,176.6940460205078,457.019287109375,223.81629943847656,87.99591827392578,520.8389892578125,279.0144348144531,59.91874313354492,102.60244750976562
2025-03-05,234.29888916015625,208.36000061035156,69.16807556152344,1038.8775634765625,107.29222106933594,269.6199951171875,172.12098693847656,158.94166564941406,244.12136840820312,396.3669738769531,67.43965148925781,117.12507629394531,167.42625427246094,180.8954315185547,458.3385009765625,226.6663818359375,88.97731018066406,526.6810913085938,282.1864318847656,61.41935348510742,100.598876953125
2025-03-06,233.89138793945312,200.6999969482422,69.11131286621094,1017.9265747070312,103.48384094238281,268.25,171.4544677734375,159.62509155273438,239.2783660888672,392.2849426269531,66.98992156982422,110.40511322021484,167.4741973876953,172.62025451660156,469.6434020996094,222.36672973632812,86.69366455078125,517.1273803710938,276.9424133300781,60.92876434326172,102.67878723144531
2025-03-07,237.60853576660156,199.25,69.03568267822266,956.1441650390625,103.56237030029297,268.3900146484375,172.9566192626953,160.45294189453125,235.14381408691406,388.7464904785156,69.68827056884766,112.5219497680664,168.7111053466797,173.84732055664062,475.1899719238281,223.6693878173828,87.2126693725586,519.9159545898438,278.2485046386719,61.44821548461914,104.0145034790039
2025-03-10,226.08938598632812,194.5399932861328,69.3572006225586,926.4973754882812,101.17723083496094,266.0400085449219,165.19815063476562,161.4251251220703,225.38014221191406,375.7490234375,72.87462615966797,106.8204574584961,169.00836181640625,167.51576232910156,464.3975830078125,218.1259002685547,86.3728256225586,506.16961669921875,270.6672058105469,60.05341339111328,106.66686248779297
2025-03-11,219.48995971679688,196.58999633789062,69.09241485595703,922.6105346679688,96.09284973144531,269.1600036621094,163.3755645751953,159.65399169921875,222.39085388183594,376.0356750488281,70.83650970458984,108.5978012084961,165.99752807617188,167.8298797607422,470.0258483886719,217.234619140625,85.36311340332031,502.0162658691406,268.77191162109375,60.00531768798828,104.14807891845703
2025-03-12,215.653564453125,198.88999938964844,68.9505615234375,919.2294311523438,96.93697357177734,270.3299865722656,166.43313598632812,156.756591796875,221.1873779296875,378.8229064941406,69.77439880371094,115.57803344726562,161.44296264648438,173.91600036621094,465.2582702636719,217.37171936035156,85.09889221191406,504.45135498046875,270.0976257324219,60.418949127197266,104.11944580078125
2025-03-13,208.39816284179688,193.88999938964844,69.15861511230469,883.0781860351562,95.08186340332031,275.1300048828125,162.1007537841797,156.89137268066406,218.5572052001953,374.37518310546875,69.59259033203125,115.41825103759766,161.65391540527344,168.43850708007812,465.6547546386719,213.4050750732422,83.41918182373047,497.8628845214844,266.3069763183594,60.05341339111328,103.6805648803711
2025-03-14,212.18492126464844,197.9499969482422,68.98837280273438,896.2655029296875,96.8191909790039,275.239990234375,164.8197021484375,156.7180938720703,225.59365844726562,384.0515441894531,70.3772201538086,121.49972534179688,161.0594024658203,170.89256286621094,472.5498352050781,219.0661163330078,85.08944702148438,508.0843200683594,272.0125732421875,61.121158599853516,106.76226806640625
2025-03-17,212.69178771972656,195.74000549316406,69.08296203613281,908.8480834960938,97.52589416503906,276.7300109863281,163.6245574951172,156.74697875976562,227.03976440429688,384.18994140625,68.99934387207031,119.36271667480469,162.77577209472656,173.0031280517578,482.5781555175781,222.08270263671875,86.54267883300781,511.9626770019531,274.2614440917969,61.91956329345703,108.53687286376953
2025-03-18,211.38980102539062,192.82000732421875,69.15861511230469,890.4451904296875,97.51607513427734,279.9599914550781,160.01922607421875,158.10421752929688,228.0491180419922,379.0700378417969,67.65015411376953,115.26846313476562,160.81011962890625,170.6123809814453,487.2006530761719,220.14349365234375,86.0897216796875,506.5622863769531,271.30548095703125,61.84260559082031,108.4223861694336
2025-03-19,213.9241943359375,195.5399932861328,69.3666763305664,896.3944702148438,98.438720703125,281.1099853515625,163.22618103027344,156.89137268066406,232.0671844482422,383.3201904296875,67.45879364013672,117.35552978515625,161.634765625,171.23321533203125,486.6204528808594,223.07191467285156,86.19351959228516,511.8842468261719,274.3890686035156,62.006134033203125,110.11112213134766
2025-03-20,212.7911834716797,194.9499969482422,69.39501953125,887.8177490234375,97.03512573242188,280.75,162.14059448242188,156.9202423095703,231.97010803222656,382.3515625,68.08074188232422,118.36412048339844,160.6566925048828,174.88926696777344,494.45355224609375,221.6419677734375,86.13690948486328,510.7059326171875,273.73114013671875,61.525169372558594,110.57862854003906
2025-03-21,216.93568420410156,196.2100067138672,69.33829498291016,901.5603637695312,97.62405395507812,278.489990234375,163.32579040527344,157.50741577148438,234.5129852294922,386.7202453613281,67.82238006591797,117.5352783203125,159.83209228515625,174.16001892089844,499.82073974609375,220.70172119140625,85.18380737304688,510.83349609375,273.83917236328125,61.2270393371582,110.19698333740234
2025-03-24,219.38064575195312,203.25999450683594,69.03568267822266,918.1981811523438,98.33076477050781,277.25,167.00082397460938,157.18014526367188,240.75357055664062,388.5191345214844,67.04733276367188,121.24009704589844,158.83486938476562,178.52561950683594,499.48223876953125,226.24522399902344,86.4955062866211,519.798095703125,278.90643310546875,61.32352066040039,110.48321533203125
2025-03-25,222.38217163085938,205.7100067138672,69.12078094482422,922.3825073242188,99.73435974121094,278.4700012207031,169.8691864013672,154.99505615234375,243.73316955566406,390.5749816894531,65.63117218017578,120.52110290527344,156.1500701904297,178.26939392089844,496.5133972167969,225.52047729492188,85.52499389648438,521.0353393554688,279.3778381347656,61.5261344909668,111.23693084716797
2025-03-26,220.1757354736328,201.1300048828125,68.96947479248047,921.8768920898438,98.919677734375,278.239990234375,164.39144897460938,155.6688995361328,243.63609313964844,385.4451904296875,66.72200775146484,113.60079956054688,159.7266082763672,170.97698974609375,501.1262512207031,223.73794555664062,85.85865783691406,514.95751953125,276.107666015625,60.88935470581055,112.83980560302734
2025-03-27,222.48158264160156,201.36000061035156,68.94110107421875,930.8005981445312,98.59577941894531,281.9700012207031,161.5828857421875,157.026123046875,240.81178283691406,386.048095703125,67.0090560913086,111.27405548095703,161.76898193359375,165.7935028076172,498.7279357910156,222.2422332763672,85.63939666748047,513.5407104492188,274.9398193359375,61.02442932128906,112.47724151611328
2025-03-28,216.56793212890625,192.72000122070312,69.33829498291016,921.78759765625,96.25970458984375,284.05999755859375,153.70489501953125,157.58444213867188,235.69703674316406,374.40478515625,67.41094970703125,109.51651763916016,161.11695861816406,162.84695434570312,499.0373840332031,217.94491577148438,85.52499389648438,503.28375244140625,269.4605407714844,60.31046676635742,112.3246078491211
2025-03-31,220.7720947265625,190.25999450683594,69.46122741699219,937.7711181640625,96.8780746459961,288.1400146484375,154.01364135742188,159.6347198486328,238.0748748779297,371.0343933105469,67.83196258544922,108.22832489013672,163.4086151123047,163.5860595703125,506.49334716796875,218.06288146972656,86.31626892089844,506.3480224609375,270.85009765625,59.914894104003906,113.4695053100586
2025-04-01,221.82559204101562,192.1699981689453,69.67945861816406,946.3180541992188,95.87690734863281,287.57000732421875,156.43382263183594,147.5158233642578,236.48318481445312,377.7554931640625,67.86067199707031,109.99585723876953,163.54286193847656,166.18768310546875,505.88409423828125,218.7709197998047,86.35440063476562,508.2101745605469,271.7665710449219,60.08856201171875,113.57445526123047
2025-04-02,222.5213165283203,196.00999450683594,69.62251281738281,956.9075927734375,96.07320404052734,288.1600036621094,156.40391540527344,149.54685974121094,238.57955932617188,377.70611572265625,67.43965148925781,110.26546478271484,162.52647399902344,167.91221618652344,505.96148681640625,222.271728515625,86.87873840332031,511.2744445800781,273.9149475097656,60.2429313659668,113.221435546875
2025-04-03,201.94784545898438,178.41000366210938,69.98306274414062,958.8907470703125,87.20008850097656,286.4200134277344,150.10952758789062,153.8399658203125,221.95411682128906,368.7808532714844,69.02804565429688,101.65754699707031,165.29759216308594,155.0914306640625,522.6334838867188,207.34413146972656,83.91382598876953,486.8886413574219,260.1280212402344,59.03691101074219,107.2679443359375
2025-04-04,187.2283935546875,171.0,70.04000854492188,908.71923828125,81.98809814453125,279.7200012207031,145.01026916503906,147.5061798095703,205.3434295654297,355.6648254394531,64.0236587524414,94.17801666259766,157.01304626464844,144.66526794433594,507.75054931640625,197.47105407714844,80.27202606201172,458.6700439453125,244.86289978027344,55.42851638793945,99.54937744140625
2025-04-07,180.35072326660156,175.25999450683594,69.19557189941406,900.4398803710938,81.76234436035156,273.7099914550781,146.15560913085938,144.98423767089844,209.40576171875,353.7077941894531,62.25345230102539,97.50334167480469,153.63784790039062,144.04441833496094,507.4120788574219,195.67147827148438,78.16512298583984,456.7388916015625,244.06468200683594,53.92340850830078,98.21365356445312
2025-04-08,171.36598205566406,170.66000366210938,68.79707336425781,901.0546264648438,80.21151733398438,275.20001220703125,144.11390686035156,144.38742065429688,211.77871704101562,350.4460754394531,61.34443664550781,96.16523742675781,151.87356567382812,139.31422424316406,534.8569946289062,190.50877380371094,76.06775665283203,450.0192565917969,240.21145629882812,53.585723876953125,96.14328002929688
2025-04-09,197.6343994140625,191.10000610351562,68.9583740234375,957.0167236328125,89.7520980834961,285.3800048828125,158.0671844482422,145.32113647460938,228.83859252929688,385.95916748046875,64.66474914550781,114.17000579833984,155.64190673828125,156.4414825439453,559.4393920898438,208.50450134277344,80.605712890625,491.7559509277344,264.58245849609375,57.40637969970703,100.94234466552734
2025-04-10,189.25592041015625,181.22000122070312,68.4080810546875,956.1441650390625,83.65673065185547,292.3500061035156,152.20101928710938,143.12643432617188,221.7783203125,376.92523193359375,63.84185028076172,107.4194564819336,156.8308563232422,148.93231201171875,574.815673828125,199.62464904785156,78.76573944091797,474.9666748046875,253.6928253173828,56.374027252197266,95.34186553955078
2025-04-11,196.9386749267578,184.8699951171875,68.33214569091797,955.2517700195312,83.322998046875,297.92999267578125,156.50352478027344,146.0526885986328,230.65492248535156,383.94287109375,62.97110366821289,110.77476501464844,160.0430450439453,154.79576110839844,579.7185668945312,202.39776611328125,79.72862243652344,483.33172607421875,257.94024658203125,57.91773223876953,98.40447998046875
2025-04-14,201.281982421875,182.1199951171875,68.72117614746094,971.027099609375,83.09725189208984,296.2300109863281,158.42572021484375,148.5842742919922,229.2096710205078,383.3102722167969,64.77000427246094,110.55506896972656,162.17169189453125,153.5738067626953,567.7173461914062,204.71852111816406,81.37792205810547,488.1892395019531,260.3152770996094,58.554508209228516,98.64299774169922
2025-04-15,200.90428161621094,179.58999633789062,68.89196014404297,968.6473388671875,83.44078826904297,297.7799987792969,155.67689514160156,147.8719482421875,227.65701293945312,381.2544250488281,64.7413101196289,112.04297637939453,161.53884887695312,155.04214477539062,564.36181640625,204.31536865234375,81.62579345703125,486.8196716308594,259.8619689941406,58.87289810180664,98.3663101196289
2025-04-16,193.08238220214844,174.3300018310547,69.08171844482422,959.5550537109375,81.24213409423828,307.4700012207031,152.70896911621094,148.15113830566406,224.21963500976562,367.2982177734375,62.80843734741211,104.3437728881836,159.54444885253906,149.46444702148438,565.7639770507812,201.77822875976562,81.56858825683594,476.11944580078125,254.46151733398438,58.56415557861328,99.4062728881836
2025-04-17,195.7758331298828,172.61000061035156,68.92991638183594,986.0785522460938,83.24446868896484,306.1199951171875,150.54774475097656,151.57789611816406,226.5144805908203,363.5126647949219,63.44953155517578,101.34796142578125,163.6099853515625,149.53343200683594,439.1479187011719,203.57781982421875,82.78886413574219,476.77960205078125,254.99366760253906,59.16233825683594,102.01091766357422
2025-04-21,191.97915649414062,167.32000732421875,68.55037689208984,949.6594848632812,82.44942474365234,315.5899963378906,147.07186889648438,151.04849243164062,223.61419677734375,354.9531555175781,61.88984680175781,96.77438354492188,159.9214324951172,145.70985412597656,411.3161315917969,198.90679931640625,81.06331634521484,465.4192810058594,248.9329833984375,58.95008087158203,100.51300048828125
2025-04-22,198.51898193359375,173.17999267578125,68.6737289428711,970.9378051757812,84.50084686279297,311.1099853515625,150.85650634765625,151.84744262695312,230.0592498779297,362.5638427734375,63.765296936035156,98.75160217285156,161.97653198242188,149.19837951660156,413.10516357421875,204.20716857910156,82.63634490966797,477.16387939453125,255.26962280273438,60.04031753540039,103.32756042480469
2025-04-23,203.34925842285156,180.60000610351562,68.81604766845703,967.5765380859375,85.6786880493164,303.6499938964844,154.72079467773438,149.5661163330078,235.22506713867188,370.0459899902344,64.36811828613281,102.5662612915039,159.9021453857422,155.51516723632812,413.8594665527344,206.93109130859375,82.78886413574219,484.8294372558594,259.6156311035156,60.31046676635742,102.44026184082031
2025-04-24,207.09617614746094,186.5399932861328,69.20506286621094,967.2196044921875,88.3484878540039,308.07000732421875,158.63485717773438,149.1329345703125,238.89678955078125,382.80615234375,63.48781204223633,106.28105163574219,153.920166015625,161.7925262451172,410.271728515625,211.72015380859375,83.09394836425781,495.01727294921875,265.0849914550781,61.08232116699219,103.64241027832031
2025-04-25,208.00062561035156,188.99000549316406,69.4327621459961,968.8853149414062,88.6135025024414,304.7300109863281,161.30401611328125,148.79605102539062,237.83238220214844,387.30340576171875,63.23902130126953,110.85465240478516,155.35777282714844,162.69915771484375,404.8465576171875,211.20880126953125,82.95094299316406,498.66278076171875,266.7110595703125,61.130558013916016,103.58516693115234
2025-04-28,208.85537719726562,187.6999969482422,69.60356903076172,970.253662109375,88.4957275390625,309.07000732421875,159.95947265625,149.53724670410156,237.51014709472656,386.62139892578125,63.334720611572266,108.57784271240234,156.1585693359375,161.02386474609375,406.1617431640625,212.2019805908203,83.46575164794922,498.9682312011719,267.09539794921875,61.4875373840332,103.64241027832031
2025-04-29,209.91885375976562,187.38999938964844,69.78384399414062,983.30224609375,89.48707580566406,306.05999755859375,159.5113067626953,150.07627868652344,238.8772430419922,389.468017578125,64.3489761352539,108.867431640625,156.55416870117188,162.08816528320312,395.74664306640625,213.16571044921875,83.91382598876953,501.9930725097656,268.7017517089844,61.68050003051758,103.38480377197266
2025-04-30,211.20094299316406,184.4199981689453,69.73637390136719,986.0785522460938,89.27113342285156,303.7699890136719,158.15679931640625,150.4613037109375,238.8772430419922,390.673828125,63.994937896728516,108.76756286621094,156.85325622558594,164.26602172851562,397.8838195800781,212.55599975585938,84.20936584472656,502.2393493652344,268.8594055175781,61.61296844482422,100.7801513671875
2025-05-01,212.0159454345703,190.1999969482422,69.5422134399414,990.580078125,89.13371276855469,297.4599914550781,160.6466827392578,148.68052673339844,241.09397888183594,420.464111328125,63.20075607299805,111.45380401611328,154.35433959960938,170.20834350585938,387.4783020019531,213.34271240234375,84.48583984375,505.7962341308594,270.53472900390625,61.45859909057617,100.92326354980469
2025-05-02,204.09466552734375,189.97999572753906,69.19953155517578,1001.064208984375,90.78271484375,297.9800109863281,163.36561584472656,150.27841186523438,246.58204650878906,430.2294921875,64.19587707519531,114.33976745605469,154.87535095214844,176.67295837402344,386.74334716796875,218.18089294433594,85.52499389648438,513.0479736328125,274.75262451171875,62.74180221557617,101.3335189819336
2025-05-05,197.67417907714844,186.35000610351562,69.10435485839844,1007.6069946289062,90.40972137451172,306.8800048828125,163.54490661621094,149.2003173828125,246.63084411621094,431.1091613769531,63.24859619140625,113.66072082519531,153.24476623535156,173.83480834960938,391.47222900390625,217.1778564453125,85.33431243896484,510.3680114746094,273.1955261230469,62.973350524902344,98.52850341796875
2025-05-06,197.29647827148438,185.00999450683594,69.25665283203125,1003.2484741210938,90.46862030029297,315.4800109863281,162.56886291503906,148.69017028808594,243.3985595703125,428.2823181152344,63.669612884521484,113.38111114501953,153.64999389648438,169.7747344970703,381.5115661621094,215.53562927246094,84.67650604248047,506.0228576660156,270.97821044921875,62.867225646972656,99.90238952636719
2025-05-07,195.05026245117188,188.7100067138672,69.38992309570312,999.9225463867188,100.20549774169922,310.75,150.76686096191406,151.41427612304688,243.53529357910156,428.3218688964844,64.45423126220703,116.89617919921875,153.6885986328125,172.00186157226562,378.1752624511719,216.3223114013672,84.77183532714844,508.30877685546875,272.10162353515625,62.50059127807617,99.80699157714844
2025-05-08,196.28269958496094,192.0800018310547,69.01869201660156,1000.4785766601562,103.1795654296875,304.6300048828125,153.6551055908203,149.8356475830078,247.51950073242188,433.0859375,65.3728256225586,117.20574951171875,153.07110595703125,172.6719970703125,372.8468017578125,219.91163635253906,84.43817138671875,511.6981201171875,274.2401428222656,62.336578369140625,101.199951171875
2025-05-09,197.31634521484375,193.05999755859375,69.07579803466797,1000.8558349609375,103.98443603515625,306.8399963378906,152.1313018798828,148.44952392578125,247.13864135742188,433.63946533203125,67.27698516845703,116.48676300048828,152.1159210205078,173.95309448242188,368.0986022949219,219.68544006347656,85.00065612792969,511.0183410644531,273.93463134765625,62.68391036987305,102.38301849365234
2025-05-12,209.776123046875,208.63999938964844,68.83785247802734,1008.8579711914062,108.450439453125,298.19000244140625,157.8181915283203,148.37252807617188,253.94500732421875,444.0472717285156,66.68373107910156,122.82787322998047,155.24197387695312,184.260986328125,366.27081298828125,227.8671112060547,85.42012023925781,528.0341796875,283.0996398925781,63.301395416259766,104.14807891845703
2025-05-13,211.90582275390625,211.3699951171875,68.80928802490234,991.86083984375,109.32401275634766,299.4599914550781,158.8838653564453,142.8857879638672,256.8355407714844,443.9286804199219,68.99934387207031,129.7481689453125,153.14828491210938,191.16905212402344,301.1205749511719,229.06683349609375,84.33329772949219,531.5023803710938,285.0213317871094,63.426815032958984,104.4343032836914
2025-05-14,211.30873107910156,210.25,68.57131958007812,984.424560546875,110.85521697998047,293.1600036621094,164.7001953125,140.88363647460938,259.40380859375,447.6845703125,69.07588958740234,135.15060424804688,152.46324157714844,191.92782592773438,297.86163330078125,227.83761596679688,83.50389099121094,532.1624755859375,285.2085876464844,63.37857437133789,103.49930572509766
2025-05-15,210.43296813964844,205.1699981689453,68.94253540039062,1003.2186279296875,110.14851379394531,297.8399963378906,163.29591369628906,144.0120086669922,261.2103576660156,448.6946105957031,71.33409118652344,134.6413116455078,156.6988983154297,191.3957061767578,265.3106689453125,228.3784637451172,85.02925109863281,534.7735595703125,286.3714599609375,63.880279541015625,104.54883575439453
2025-05-16,210.24388122558594,205.58999633789062,68.99012756347656,1018.4684448242188,111.32636260986328,294.239990234375,165.51686096191406,145.66766357421875,261.2787170410156,449.82342529296875,71.76466369628906,135.2105255126953,157.53829956054688,191.3957061767578,282.2921142578125,230.8369140625,86.08747100830078,538.2220458984375,288.3325500488281,63.957462310791016,104.1733169555664
2025-05-19,207.7758026123047,206.16000366210938,68.9710922241211,1026.9173583984375,110.58039093017578,298.0299987792969,165.8654327392578,146.7842559814453,258.66162109375,454.37841796875,70.67384338378906,135.3802947998047,158.97589111328125,190.6861572265625,305.4820251464844,229.9125518798828,86.10652923583984,538.7738037109375,288.5592346191406,64.39161682128906,102.51716613769531
2025-05-20,205.8650360107422,204.07000732421875,68.84735870361328,1029.379638671875,110.28591918945312,303.5799865722656,163.31581115722656,147.91049194335938,259.4428405761719,453.6852722167969,71.20011901855469,134.19192504882812,159.81529235839844,190.63687133789062,310.9845275878906,229.41099548339844,85.60125732421875,536.8623046875,287.6131286621094,64.59423828125,101.05359649658203
2025-05-21,201.1179962158203,201.1199951171875,68.41902160644531,1017.9423217773438,108.4209976196289,305.82000732421875,167.87728881835938,147.4484100341797,254.9117889404297,448.1401062011719,68.45392608642578,131.6155548095703,159.6126708984375,188.97145080566406,292.99737548828125,223.05841064453125,83.32275390625,527.8862915039062,282.6069030761719,64.2951431274414,99.81149291992188
2025-05-22,200.39149475097656,203.10000610351562,68.6093978881836,1010.82373046875,109.07862091064453,303.1099853515625,170.17788696289062,146.89976501464844,254.55047607421875,450.40765380859375,64.05236053466797,132.64410400390625,159.2267608642578,193.3370361328125,286.895263671875,222.9895782470703,82.94139862060547,528.1327514648438,282.5575866699219,64.18901824951172,99.1471176147461
2025-05-23,194.33078002929688,200.99000549316406,68.71410369873047,1001.2628784179688,107.69466400146484,309.75,167.7876434326172,147.2174072265625,254.58950805664062,445.7734680175781,64.83698272705078,131.10626220703125,160.0275421142578,189.18826293945312,285.83154296875,222.01605224609375,83.02720642089844,524.5659790039062,280.9020080566406,64.40127563476562,99.20487976074219
2025-05-27,199.24703979492188,206.02000427246094,69.0377197265625,1010.4862060546875,110.28591918945312,304.5,172.19969177246094,148.78045654296875,259.06201171875,456.18060302734375,65.10491180419922,135.31036376953125,161.86073303222656,194.80538940429688,285.2802734375,227.15907287597656,84.47630310058594,535.3450317382812,286.67694091796875,65.02840423583984,99.67668914794922
2025-05-28,199.4560089111328,204.72000122070312,68.88543701171875,1005.8695678710938,109.46143341064453,303.80999755859375,171.66188049316406,147.98434448242188,257.3042297363281,452.8831787109375,64.31071472167969,134.621337890625,161.47482299804688,193.28778076171875,288.28778076171875,224.66131591796875,84.39049530029297,532.2905883789062,284.99176025390625,64.46881103515625,98.31904602050781
2025-05-29,198.98826599121094,205.6999969482422,69.13291931152344,1001.5010986328125,109.95219421386719,305.6099853515625,171.16390991210938,149.100830078125,258.1636047363281,454.1902770996094,66.013916015625,138.99520874023438,162.6326141357422,194.28306579589844,288.3458557128906,225.21200561523438,85.1531753540039,534.3400268554688,285.90826416015625,64.74861145019531,98.87751007080078
2025-05-30,199.88394165039062,205.00999450683594,69.26615905761719,1032.715576171875,110.95337677001953,303.6000061035156,171.0443878173828,150.68328857421875,257.8022766113281,455.85382080078125,67.5927505493164,134.94090270996094,163.9158477783203,190.5087890625,291.96258544921875,224.3957977294922,85.1531753540039,533.7882690429688,285.6717834472656,64.5845947265625,98.50199890136719
2025-06-02,200.7298583984375,206.64999389648438,69.1133804321289,1049.2657470703125,110.86503601074219,311.6700134277344,168.34535217285156,150.8677520751953,258.4468078613281,457.4480895996094,67.66702270507812,137.18772888183594,161.8800506591797,192.00668334960938,294.67999267578125,224.07130432128906,85.26758575439453,536.891845703125,287.1302795410156,65.25031280517578,99.2241439819336
2025-06-03,202.29232788085938,205.7100067138672,69.03697967529297,1048.0147705078125,111.5030288696289,308.9100036621094,165.50689697265625,149.9163360595703,260.0190124511719,458.4382629394531,68.4386978149414,141.02236938476562,160.98277282714844,194.73638916015625,291.29534912109375,227.05091857910156,85.09597778320312,539.9364013671875,289.111083984375,64.93193054199219,99.94629669189453
2025-06-04,201.844482421875,207.22999572753906,69.46672821044922,1044.142822265625,111.39505767822266,310.8999938964844,167.3693389892578,148.75131225585938,258.0171203613281,459.3294677734375,67.40657043457031,141.7213897705078,160.11439514160156,199.4567413330078,290.4830322265625,226.93292236328125,85.33431243896484,539.591552734375,289.0815124511719,65.3564453125,98.50199890136719
2025-06-05,199.6649932861328,207.91000366210938,69.33302307128906,1003.5562133789062,110.45278930664062,309.3299865722656,167.5286865234375,149.1785125732422,255.80039978027344,463.1021728515625,68.96923828125,139.79409790039062,157.07516479492188,200.38307189941406,286.0926208496094,226.5985565185547,85.26758575439453,537.0692749023438,287.4850158691406,65.44327545166016,98.04944610595703
2025-06-06,202.93917846679688,213.57000732421875,68.9605712890625,1007.6566162109375,111.79749298095703,305.17999267578125,172.97653198242188,150.50852966308594,259.49169921875,465.7757263183594,69.60588073730469,141.52166748046875,158.2522735595703,202.19630432128906,293.22943115234375,229.01766967773438,85.67752075195312,542.5572509765625,290.8356628417969,65.61693572998047,100.39884185791016
2025-06-09,200.48104858398438,216.97999572753906,69.06562805175781,998.95947265625,113.52501678466797,306.6199951171875,175.58909606933594,150.70269775390625,260.47796630859375,468.1225891113281,69.35507202148438,142.43040466308594,156.84359741210938,203.98985290527344,293.200439453125,229.8240203857422,85.79192352294922,543.1385498046875,291.0721740722656,65.77130889892578,101.07286071777344
2025-06-10,201.6951904296875,217.61000061035156,69.19931030273438,1000.0416870117188,116.53834533691406,306.7099914550781,178.0919647216797,151.88710021972656,262.2943115234375,466.31048583984375,70.23287200927734,143.75852966308594,157.11376953125,209.37045288085938,293.7806701660156,230.7385711669922,86.52600860595703,546.232421875,292.6095886230469,66.01251983642578,103.23932647705078
2025-06-11,197.8238983154297,213.1999969482422,69.41897583007812,989.6270141601562,117.31375122070312,308.3699951171875,176.8455047607422,150.7318115234375,261.8548583984375,467.99383544921875,70.41614532470703,142.64002990722656,156.409423828125,210.9866180419922,300.32763671875,229.9125518798828,86.05885314941406,544.7249145507812,291.83099365234375,66.0704116821289,105.25172424316406
2025-06-12,198.24188232421875,213.24000549316406,69.67681884765625,995.5144653320312,116.4205551147461,312.20001220703125,175.2001953125,152.09100341796875,261.9427490234375,474.1826477050781,71.22640991210938,144.80712890625,157.44178771972656,213.0735321044922,308.0060119628906,229.56834411621094,86.47834014892578,546.7841796875,292.7672119140625,66.4370346069336,105.65613555908203
2025-06-13,195.50509643554688,212.10000610351562,69.42851257324219,983.1040649414062,115.76292419433594,316.2900085449219,174.17312622070312,152.51815795898438,258.7300109863281,470.3109130859375,72.13313293457031,141.78115844726562,154.64378356933594,208.7908935546875,303.1997375488281,225.86102294921875,85.63939666748047,540.695068359375,289.3082275390625,65.54940032958984,107.95741271972656
2025-06-16,197.46563720703125,216.10000610351562,69.2948226928711,977.2960205078125,117.27449798583984,311.7799987792969,176.26715087890625,150.6929931640625,264.0129699707031,474.45001220703125,71.16853332519531,144.49754333496094,155.22268676757812,213.32077026367188,299.6352233886719,228.49647521972656,85.70613098144531,545.9169921875,292.1661071777344,65.98355865478516,108.30403900146484
2025-06-17,194.69900512695312,214.82000732421875,69.51446533203125,970.70361328125,115.94940948486328,311.94000244140625,175.44947814941406,147.9358367919922,263.19268798828125,473.3608093261719,69.31649017333984,143.92828369140625,152.94569396972656,211.56024169921875,300.81365966796875,226.33306884765625,85.40105438232422,541.2664794921875,289.73193359375,65.17312622070312,109.76760864257812
2025-06-18,195.63449096679688,212.52000427246094,69.55268096923828,967.9039306640625,115.68439483642578,310.260009765625,172.8269805908203,146.3339385986328,267.5284423828125,475.5392150878906,69.03675079345703,145.2864990234375,152.46324157714844,211.16461181640625,299.1872253417969,227.47377014160156,85.69659423828125,541.1581420898438,289.84033203125,65.25031280517578,108.98768615722656
2025-06-20,200.03323364257812,209.69000244140625,69.60041046142578,973.2553100585938,115.4586410522461,310.1300048828125,166.16598510742188,145.42135620117188,268.5440368652344,472.7270202636719,68.9981689453125,143.65866088867188,153.48597717285156,207.21829223632812,294.1325988769531,227.6901092529297,85.63939666748047,539.6604614257812,289.1702575683594,64.73040771484375,110.44161987304688
2025-06-23,200.5308074951172,208.47000122070312,69.77232360839844,997.271728515625,115.57643127441406,311.0799865722656,164.7200927734375,146.90673828125,271.7372741699219,481.24285888671875,68.22649383544922,143.9782257080078,155.3673858642578,208.01943969726562,292.8372497558594,229.7355194091797,86.9264144897461,545.2175903320312,291.9492492675781,65.22602081298828,107.59150695800781
2025-06-24,199.33657836914062,212.77000427246094,69.98240661621094,994.72998046875,116.95645141601562,306.19000244140625,166.2956085205078,147.75137329101562,274.6571350097656,485.3126525878906,68.8727798461914,147.70326232910156,154.72097778320312,217.6825408935547,297.6484069824219,232.23329162597656,87.15521240234375,551.2080688476562,295.3590393066406,66.21723175048828,104.3177261352539
2025-06-25,200.59051513671875,211.99000549316406,70.00152587890625,979.4603881835938,117.71546173095703,307.1199951171875,170.19448852539062,147.83872985839844,277.391357421875,487.45147705078125,67.85029602050781,154.10475158691406,153.37985229492188,220.3035888671875,294.1423034667969,229.8928680419922,85.05785369873047,551.48388671875,295.01409912109375,66.04231262207031,104.34663391113281
2025-06-26,200.03323364257812,217.1199951171875,70.20208740234375,975.8564453125,119.72633361816406,306.7799987792969,173.04632568359375,147.5766143798828,281.9712829589844,492.580810546875,68.47728729248047,154.81381225585938,153.05181884765625,221.55966186523438,294.7266845703125,233.01014709472656,84.97889709472656,555.8488159179688,297.5566711425781,66.69340515136719,105.90648651123047
2025-06-27,200.1128387451172,223.3000030517578,70.03972625732422,978.0704956054688,120.5937728881836,301.2200012207031,178.0221405029297,147.96495056152344,280.3697509765625,491.0855712890625,68.38082885742188,157.5401611328125,154.23854064941406,226.0697784423828,301.0473937988281,233.4231719970703,85.19070434570312,558.6076049804688,298.9068298339844,66.96550750732422,105.31912231445312
2025-06-30,204.1831512451172,219.38999938964844,70.31666564941406,982.8359985351562,122.23994445800781,304.8299865722656,175.7286834716797,148.2950439453125,283.10400390625,492.5411376953125,66.96285247802734,157.77984619140625,153.717529296875,224.01254272460938,303.8327941894531,233.81585693359375,85.73944854736328,561.3995971679688,300.4220886230469,67.14042663574219,103.79779815673828
2025-07-01,206.82041931152344,220.4600067138672,70.26396942138672,978.8845825195312,121.72736358642578,307.54998779296875,175.33978271484375,151.37258911132812,283.59228515625,487.2336120605469,70.4740219116211,153.09609985351562,155.5507354736328,222.2223358154297,317.6332092285156,236.24302673339844,86.36521911621094,561.142578125,300.4220886230469,67.15985870361328,105.18431854248047
2025-07-02,211.418212890625,219.9199981689453,70.18733978271484,975.3104248046875,121.22464752197266,309.25,178.13182067871094,151.02308654785156,285.14495849609375,486.2830505371094,70.43544006347656,157.0408477783203,155.53143310546875,231.04476928710938,299.537841796875,238.49256896972656,86.56739044189453,563.6332397460938,301.98388671875,67.3736572265625,106.92713165283203
2025-07-03,212.52285766601562,223.41000366210938,70.01488494873047,979.9369506835938,122.23008728027344,307.1400146484375,179.019287109375,151.45994567871094,290.443603515625,493.9571838378906,71.2649917602539,159.1280517578125,155.1744384765625,232.2316436767578,300.5019836425781,239.96267700195312,86.66365051269531,568.505615234375,304.4747619628906,67.52913665771484,108.03443145751953
2025-07-07,208.94017028808594,223.47000122070312,69.78495025634766,985.0599975585938,121.4020767211914,307.3699951171875,176.28707885742188,150.7415313720703,286.4892578125,492.84814453125,72.10420227050781,158.02951049804688,154.85604858398438,226.66322326660156,295.7882385253906,237.427001953125,85.92236328125,563.949462890625,302.07281494140625,66.69340515136719,106.98490142822266
2025-07-08,208.99989318847656,219.36000061035156,69.74662017822266,978.7654418945312,120.08120727539062,304.1600036621094,173.86399841308594,151.24636840820312,277.4717712402344,491.7589111328125,69.89525604248047,159.7871856689453,152.3378143310547,225.36756896972656,299.6741943359375,238.54190063476562,85.7972183227539,563.5739135742188,302.0530090332031,67.1209945678711,109.95055389404297
2025-07-09,210.12445068359375,222.5399932861328,70.02445220947266,975.0424194335938,118.88847351074219,305.5199890136719,176.11756896972656,151.72207641601562,277.8446350097656,498.58148193359375,71.04314422607422,162.66334533691406,151.98085021972656,229.30401611328125,295.00909423828125,240.3376007080078,85.8646011352539,566.9144287109375,303.9508972167969,67.4222412109375,109.57504272460938
2025-07-10,211.38833618164062,222.25999450683594,70.0340347290039,963.2078247070312,119.82491302490234,306.20001220703125,177.11473083496094,153.09095764160156,282.7801818847656,496.57135009765625,71.99808502197266,163.88174438476562,152.91673278808594,227.24676513671875,291.6977844238281,241.5314483642578,86.40372467041016,568.5748901367188,304.76141357421875,67.51942443847656,110.66307830810547
2025-07-11,210.14437866210938,225.02000427246094,69.74662017822266,963.3667602539062,118.1590347290039,309.1400146484375,179.6774444580078,152.32398986816406,281.4751281738281,498.3933410644531,71.7666015625,164.7006378173828,151.52735900878906,227.8797607421875,296.1680908203125,239.06483459472656,86.4133529663086,566.529052734375,303.4764404296875,67.05297088623047,111.14452362060547
2025-07-14,207.61656188964844,225.69000244140625,69.73704528808594,973.8707275390625,118.25760650634766,308.010009765625,181.04351806640625,152.24635314941406,283.2806396484375,498.09625244140625,72.38394165039062,163.85177612304688,148.35305786132812,226.168701171875,292.7398681640625,239.91336059570312,86.97172546386719,567.6458129882812,304.1683654785156,67.1209945678711,109.6905746459961
2025-07-15,208.10421752929688,226.35000610351562,69.52628326416016,960.7357788085938,117.28173828125,306.7300109863281,181.48226928710938,150.6444549560547,281.17095947265625,500.86883544921875,72.05596923828125,170.4729461669922,147.31101989746094,234.35812377929688,284.1012268066406,235.99636840820312,85.69131469726562,565.184814453125,302.5670471191406,66.79059600830078,108.71807861328125
2025-07-16,209.149169921875,223.19000244140625,69.660400390625,944.5427856445312,118.10974884033203,308.260009765625,182.44952392578125,159.9741668701172,280.4547119140625,500.6708679199219,72.12349700927734,171.14205932617188,148.3240966796875,234.96145629882812,284.8608703613281,237.54539489746094,86.49999237060547,567.0429077148438,303.7136535644531,67.08212280273438,108.06332397460938
2025-07-17,209.00982666015625,223.8800048828125,69.6795654296875,947.0645751953125,120.46563720703125,307.5899963378906,183.05776977539062,158.22666931152344,284.4580993652344,506.6913146972656,72.51897430419922,172.7698974609375,150.1476287841797,242.91351318359375,280.55621337890625,240.40667724609375,86.40372467041016,570.4428100585938,305.6905517578125,67.3250732421875,107.51449584960938
2025-07-18,210.16424560546875,226.1300048828125,69.7945327758789,944.1257934570312,119.68690490722656,308.3900146484375,184.5335693359375,158.9256591796875,285.8023681640625,505.05743408203125,73.26172637939453,172.18067932128906,150.66932678222656,237.7703857421875,275.2775573730469,240.0218963623047,86.5866470336914,570.185791015625,305.5225524902344,67.15985870361328,103.76890563964844
2025-07-21,211.4580078125,229.3000030517578,69.99573516845703,940.7600708007812,119.11518096923828,313.1300048828125,189.55923461914062,159.56643676757812,285.50799560546875,505.06732177734375,73.47393798828125,171.15206909179688,150.60130310058594,236.2373504638672,274.7809143066406,238.4827117919922,86.9428482055664,571.2037963867188,305.8684997558594,67.5680160522461,104.03852081298828
2025-07-22,213.36875915527344,227.47000122070312,70.1106948852539,934.8528442382812,119.33204650878906,316.1000061035156,190.7957000732422,163.03228759765625,285.9593811035156,500.32421875,74.79544830322266,166.80783081054688,153.79733276367188,232.03384399414062,277.6929016113281,241.54132080078125,88.43505859375,571.2037963867188,306.2243347167969,67.84982299804688,104.51032257080078
2025-07-23,213.11996459960938,228.2899932861328,69.96698760986328,934.4358520507812,121.18521881103516,312.17999267578125,189.68887329101562,164.16818237304688,291.1893310546875,500.9183349609375,70.24251556396484,170.55284118652344,153.75845336914062,237.701171875,284.8804016113281,244.116455078125,88.60835266113281,576.0565185546875,308.8042297363281,69.06455993652344,105.84870910644531
2025-07-24,212.73184204101562,232.22999572753906,69.88075256347656,927.0989379882812,120.20934295654297,310.2699890136719,191.6233367919922,164.61476135253906,290.9832763671875,505.87933349609375,69.42259216308594,173.50892639160156,154.27333068847656,238.957275390625,271.3136901855469,241.916259765625,88.30027770996094,576.451904296875,308.6954650878906,68.59809875488281,106.67677307128906
2025-07-25,212.8512725830078,231.44000244140625,70.05321502685547,928.7667846679688,119.73619842529297,307.3999938964844,192.63047790527344,163.39151000976562,293.014404296875,508.6816711425781,69.30684661865234,173.26922607421875,153.7779083251953,242.91351318359375,273.7290344238281,243.40609741210938,88.30990600585938,578.7447509765625,310.0694274902344,68.4912109375,106.30126190185547
2025-07-28,213.02047729492188,232.7899932861328,69.93824005126953,927.2874755859375,118.65190124511719,305.4100036621094,192.03216552734375,161.37217712402344,292.6807861328125,507.48345947265625,68.81490325927734,176.51490783691406,152.6218719482422,240.0946807861328,274.7613830566406,242.41944885253906,86.89470672607422,578.6063842773438,309.98046875,67.60688781738281,107.30265045166016
2025-07-29,210.2538299560547,231.00999450683594,70.30231475830078,927.8634033203125,118.1984634399414,306.25,195.1931610107422,163.20704650878906,291.4640808105469,507.55279541015625,69.40330505371094,175.2765350341797,152.13616943359375,238.69021606445312,254.26043701171875,241.70904541015625,88.2906494140625,577.1040649414062,309.00189208984375,67.5680160522461,108.6891860961914
2025-07-30,208.0445098876953,230.19000244140625,70.12026977539062,920.8540649414062,117.83374786376953,300.9599914550781,195.970947265625,162.38185119628906,294.0054931640625,508.2162170410156,68.47728729248047,179.0315704345703,148.51272583007812,240.25294494628906,259.100830078125,240.81121826171875,87.03912353515625,576.4024658203125,308.6460266113281,67.08212280273438,107.74557495117188
2025-07-31,206.57162475585938,234.11000061035156,70.1298599243164,932.8970336914062,117.4098892211914,302.9599914550781,191.35411071777344,159.93536376953125,290.6791076660156,528.2779541015625,68.54481506347656,177.6334228515625,146.17156982421875,238.97705078125,243.05064392089844,238.32484436035156,85.81646728515625,574.2379760742188,307.3017883300781,66.53792572021484,107.49523162841797
2025-08-01,201.40658569335938,214.75,70.73734283447266,946.9948120117188,114.92584991455078,309.1099853515625,188.5919952392578,162.44981384277344,283.93804931640625,518.9798583984375,67.9081802368164,173.4889373779297,146.346435546875,232.6371612548828,231.56817626953125,234.40785217285156,85.60467529296875,564.7796630859375,302.2112121582031,66.31441497802734,105.5694808959961
2025-08-04,202.37193298339844,211.64999389648438,70.7854232788086,949.8281860351562,117.64645385742188,310.9100036621094,194.48516845703125,166.0515899658203,288.7362976074219,530.3969116210938,68.0335693359375,179.7605743408203,146.45327758789062,236.38571166992188,234.69444274902344,238.07818603515625,86.48075103759766,573.3682861328125,306.9458923339844,67.13070678710938,103.38375091552734
2025-08-05,201.94398498535156,213.75,70.81424713134766,938.1563110351562,116.63115692138672,311.1600036621094,194.11622619628906,165.76036071777344,285.9005126953125,522.5841674804688,68.66056823730469,178.02288818359375,146.21041870117188,229.92713928222656,244.45310974121094,238.1669921875,86.87545776367188,570.6107788085938,305.59173583984375,67.30563354492188,103.25857543945312
2025-08-06,212.22430419921875,222.30999755859375,70.7565689086914,962.941650390625,113.526123046875,310.5,195.5321807861328,165.61471557617188,285.8808898925781,519.8016967773438,68.043212890625,179.18133544921875,148.4932861328125,228.8391571044922,239.36924743652344,237.5157928466797,86.20155334472656,574.8507080078125,307.6575927734375,67.74292755126953,102.55567932128906
2025-08-07,218.97169494628906,223.1300048828125,70.72774505615234,971.7800903320312,111.26880645751953,313.1199951171875,195.96096801757812,166.5272979736328,281.5536804199219,515.7417602539062,70.01101684570312,180.52955627441406,149.1053009033203,239.9661102294922,238.2882080078125,237.1211395263672,86.45185852050781,574.5048217773438,307.47967529296875,68.22882080078125,102.0164794921875
2025-08-08,228.2468719482422,222.69000244140625,70.57394409179688,975.2896118164062,110.82523345947266,313.04998779296875,200.84703063964844,168.2748260498047,283.3394775390625,516.9300537109375,69.84703063964844,182.4569854736328,149.12472534179688,239.18475341796875,244.34596252441406,236.91392517089844,85.73944854736328,578.9028930664062,309.4170837402344,68.45233154296875,102.83492279052734
2025-08-11,226.3438720703125,221.3000030517578,70.62200927734375,983.0045776367188,110.94351959228516,308.54998779296875,200.42822265625,168.7505340576172,284.1244812011719,516.6627807617188,69.88561248779297,181.81784057617188,150.552734375,239.44190979003906,245.787353515625,236.26275634765625,85.17145538330078,577.7168579101562,308.7053527832031,68.2385482788086,101.90092468261719
2025-08-12,228.80479431152344,221.47000122070312,70.63162231445312,985.5000610351562,112.09681701660156,308.2699890136719,202.76156616210938,167.7408447265625,287.3527526855469,524.0595703125,69.31649017333984,182.9163818359375,150.6595916748047,241.61782836914062,254.74737548828125,241.88665771484375,85.6528091430664,583.8840942382812,312.48126220703125,68.99653625488281,102.1897964477539
2025-08-13,232.47125244140625,224.55999755859375,70.89114379882812,973.1719970703125,114.97513580322266,309.2099914550781,201.38551330566406,169.33302307128906,285.0762939453125,515.484375,69.74091339111328,181.3484649658203,150.970458984375,238.79901123046875,264.72027587890625,246.61268615722656,86.45185852050781,585.9200439453125,313.9936218261719,69.44355010986328,103.60520935058594
2025-08-14,231.92327880859375,230.97999572753906,70.68930053710938,969.7320556640625,114.64984130859375,307.25,202.3627166748047,169.624267578125,288.6381530761719,517.36572265625,69.68303680419922,181.77789306640625,149.34817504882812,238.3638153076172,264.40863037109375,243.58367919921875,85.83573150634766,585.9298095703125,313.529052734375,69.13258361816406,103.39337921142578
2025-08-15,230.73764038085938,231.02999877929688,70.59315490722656,966.4014892578125,113.74298095703125,307.42999267578125,203.31996154785156,171.48826599121094,285.0370178222656,515.078369140625,72.7408447265625,180.20997619628906,149.950439453125,236.26702880859375,296.08038330078125,242.7647705078125,86.32670593261719,584.664794921875,312.8173828125,69.44355010986328,103.49056243896484
2025-08-18,230.0402374267578,231.49000549316406,70.51626586914062,973.6690673828125,114.88642883300781,306.95001220703125,202.92112731933594,171.10964965820312,286.0574951171875,512.0384521484375,73.03987884521484,181.7678985595703,151.2716064453125,238.7693634033203,300.44354248046875,243.26795959472656,85.59504699707031,584.4572143554688,312.9359436035156,69.54072570800781,103.7140884399414
2025-08-19,229.71144104003906,228.00999450683594,70.65084838867188,975.1603393554688,114.61041259765625,305.2699890136719,200.99661254882812,172.61444091796875,285.203857421875,504.7801818847656,73.8019027709961,175.40638732910156,153.87503051757812,230.15463256835938,296.3044128417969,242.92263793945312,87.06800079345703,581.2649536132812,311.03814697265625,69.3561019897461,104.39436340332031
2025-08-20,225.17819213867188,223.80999755859375,70.69891357421875,988.80078125,115.36943054199219,308.3599853515625,198.7530059814453,173.62413024902344,286.754150390625,500.7698059082031,73.48358154296875,175.1667022705078,154.95333862304688,226.09947204589844,292.0191650390625,241.72877502441406,87.31830596923828,579.7330322265625,310.2176818847656,69.44355010986328,105.47310638427734
2025-08-21,224.07228088378906,221.9499969482422,70.52587890625,964.0551147460938,114.55127716064453,307.2900085449219,199.1817626953125,173.71148681640625,285.9986572265625,500.1250915527344,73.38713073730469,174.7472381591797,154.1956024169922,224.84336853027344,295.4376220703125,241.75839233398438,87.0583724975586,577.4500122070312,309.1501770019531,69.1811752319336,106.15339660644531
2025-08-22,226.9217529296875,228.83999633789062,70.88153076171875,952.979736328125,117.1634521484375,310.5799865722656,205.50375366210938,174.0609893798828,290.6791076660156,503.09075927734375,73.61862182617188,177.75323486328125,154.13731384277344,230.44143676757812,299.4014892578125,249.0398406982422,88.74312591552734,586.2857666015625,314.50762939453125,70.30844116210938,108.14564514160156
2025-08-25,226.32395935058594,227.94000244140625,70.7854232788086,936.1181640625,116.02986145019531,309.8299865722656,207.89691162109375,173.2066650390625,289.3642578125,500.1449890136719,72.65403747558594,179.5708465576172,151.6893310546875,233.0129852294922,296.9082336425781,247.16522216796875,88.2328872680664,583.8050537109375,312.9952697753906,69.6281967163086,108.59268951416016
2025-08-26,228.46604919433594,228.7100067138672,70.87193298339844,935.8795776367188,115.9707260131836,312.0799865722656,206.55075073242188,172.60032653808594,292.96533203125,497.9430847167969,72.19100952148438,181.52822875976562,151.5144500732422,236.1087646484375,292.59375,248.0926513671875,88.00183868408203,586.137451171875,314.4186706542969,69.58931732177734,108.3497314453125
2025-08-27,229.64170837402344,229.1199951171875,70.939208984375,944.0121459960938,116.40443420410156,312.7099914550781,206.88978576660156,172.8937225341797,293.6620178222656,502.6047058105469,71.27464294433594,181.35845947265625,152.47618103027344,236.6725311279297,295.9538269042969,249.6121063232422,88.55059051513672,587.4815063476562,315.2588806152344,69.38524627685547,109.57424926757812
2025-08-28,231.7041015625,231.60000610351562,71.02572631835938,939.478515625,115.96086883544922,315.0299987792969,211.03794860839844,171.583251953125,295.4184265136719,505.4810485839844,70.07608795166016,179.9303436279297,151.20359802246094,235.6636962890625,294.4053039550781,250.15476989746094,88.31953430175781,589.5570678710938,316.40545654296875,69.66706085205078,110.1573486328125
2025-08-29,231.28562927246094,229.0,70.939208984375,937.8480834960938,116.69029998779297,318.07000732421875,212.30433654785156,173.2653350830078,295.7618408203125,502.5551452636719,70.0372085571289,173.94830322265625,152.5538787841797,228.34463500976562,301.7875671386719,249.12864685058594,88.80088806152344,586.1572875976562,314.52740478515625,69.3561019897461,111.07087707519531
2025-09-02,228.8745574951172,225.33999633789062,70.78778839111328,933.3742065429688,116.58187103271484,325.5899963378906,210.74879455566406,174.13572692871094,294.0741882324219,500.9979248046875,70.62044525146484,170.55284118652344,153.47674560546875,225.89175415039062,300.7454833984375,247.84600830078125,87.32793426513672,581.8382568359375,312.3428955078125,68.87020874023438,111.45960235595703
2025-09-03,237.59234619140625,225.99000549316406,71.0192642211914,944.2706909179688,115.70457458496094,328.1400146484375,230.0038604736328,174.07704162597656,293.8877258300781,501.22607421875,69.62893676757812,170.39306640625,153.651611328125,228.85894775390625,299.8494873046875,247.3428192138672,87.37606811523438,584.81298828125,313.6673889160156,69.01596069335938,108.75790405273438
2025-09-04,238.8975067138672,235.67999267578125,71.2892837524414,950.3551025390625,117.11416625976562,326.69000244140625,231.63919067382812,174.82028198242188,298.1168212890625,503.8247375488281,68.89017486572266,171.4316864013672,154.64248657226562,232.6371612548828,302.2842712402344,250.34222412109375,88.03071594238281,589.6262817382812,316.4450378417969,69.29778289794922,109.2341079711914
2025-09-05,238.80784606933594,232.3300018310547,71.62683868408203,957.89111328125,116.22702026367188,331.04998779296875,234.33151245117188,174.49755859375,288.8540344238281,490.9605712890625,68.9193344116211,166.79783630371094,155.44876098632812,240.74746704101562,307.1636047363281,252.10833740234375,89.0223159790039,588.0152587890625,315.8617858886719,69.75452423095703,106.15339660644531
2025-09-08,237.0045166015625,235.83999633789062,71.85829162597656,966.2125854492188,117.14373779296875,334.82000732421875,233.5829620361328,174.20416259765625,287.41162109375,494.1344299316406,67.8208999633789,168.0861358642578,154.4676055908203,244.48611450195312,311.8968200683594,252.4931182861328,88.50244140625,589.5372314453125,316.87005615234375,70.425048828125,106.75592803955078
2025-09-09,233.4875030517578,238.24000549316406,71.72328186035156,973.5696411132812,115.6947250366211,334.05999755859375,239.16204833984375,173.05996704101562,292.2589111328125,494.3427429199219,68.11251831054688,170.53286743164062,154.90475463867188,248.17530822753906,338.8451232910156,250.60861206054688,88.30027770996094,590.9703369140625,317.2752990722656,70.33760070800781,107.53339385986328
2025-09-10,225.955322265625,230.3300018310547,71.84866333007812,950.7427978515625,114.13727569580078,335.260009765625,238.70294189453125,171.91575622558594,294.89837646484375,496.2867431640625,69.055419921875,177.09414672851562,152.8550262451172,257.5911560058594,337.7348327636719,250.1942138671875,88.15587615966797,592.6801147460938,318.0858459472656,70.46392822265625,109.33128356933594
2025-09-11,229.1833953857422,229.9499969482422,72.00296783447266,958.7262573242188,115.40885925292969,334.760009765625,239.90060424804688,174.5660400390625,299.8241271972656,496.9215087890625,69.32760620117188,176.94430541992188,154.0984649658203,256.0779113769531,344.38665771484375,254.7722625732422,89.76359558105469,597.5131225585938,321.03143310546875,71.26078033447266,108.9814224243164
2025-09-12,233.2085418701172,228.14999389648438,71.91616821289062,962.2855224609375,114.30484008789062,335.4200134277344,240.3297576904297,174.13572692871094,301.1488037109375,505.73895263671875,69.63865661621094,177.593505859375,153.38931274414062,256.4932861328125,343.3153991699219,251.9998016357422,89.3496322631836,597.3845825195312,320.56683349609375,71.02755737304688,109.00086975097656
2025-09-15,235.82884216308594,231.42999267578125,72.0511703491211,954.5307006835938,113.96969604492188,338.9100036621094,251.11865234375,173.49026489257812,303.1014404296875,511.15435791015625,69.50257110595703,177.52357482910156,152.3498992919922,258.5209045410156,340.9534606933594,252.4141845703125,89.20523834228516,600.4978637695312,322.12860107421875,71.58148193359375,109.18551635742188
2025-09-16,237.2735137939453,234.0500030517578,72.06082153320312,946.5473022460938,113.58526611328125,339.5899963378906,250.66954040527344,172.5709991455078,303.3860168457031,504.8859558105469,67.87922668457031,174.65724182128906,153.5350341796875,260.0111389160156,333.005126953125,251.9307403564453,88.73348999023438,599.7070922851562,321.6937255859375,71.63977813720703,111.44988250732422
2025-09-17,238.1104278564453,231.6199951171875,71.9354476928711,957.4437255859375,114.4428482055664,336.9700012207031,249.04270935058594,173.294677734375,305.8979187011719,505.8579406738281,68.34580993652344,170.0730743408203,155.74990844726562,260.7354736328125,334.79864501953125,251.9800567626953,88.61797332763672,599.015380859375,321.40704345703125,71.5911865234375,112.04270935058594
2025-09-18,237.0045166015625,231.22999572753906,71.75221252441406,946.8356323242188,113.22055053710938,335.6199951171875,251.537841796875,170.32167053222656,307.3501892089844,504.30078125,68.81240844726562,176.01551818847656,152.82591247558594,266.53973388671875,328.14404296875,255.70957946777344,88.81051635742188,601.8320922851562,323.4333801269531,71.64950561523438,110.72101593017578
2025-09-19,244.59645080566406,231.47999572753906,71.7811279296875,945.642578125,112.13624572753906,339.17999267578125,254.22259521484375,172.30694580078125,308.8710632324219,513.703369140625,69.09429931640625,176.4449462890625,151.5824432373047,262.7991943359375,329.97674560546875,254.24935913085938,88.2328872680664,604.6389770507812,324.6492004394531,71.40536499023438,109.64228057861328
2025-09-22,255.13751220703125,227.6300048828125,71.64612579345703,937.7883911132812,110.953369140625,345.04998779296875,252.036865234375,170.3705596923828,306.5749816894531,510.2518005371094,70.32881927490234,183.37612915039062,148.69729614257812,270.4985046386719,334.49481201171875,254.4368133544922,88.25213623046875,607.5841064453125,326.0528259277344,71.71784973144531,108.86480712890625
2025-09-23,253.49359130859375,220.7100067138672,71.7907943725586,938.1264038085938,110.64779663085938,346.4599914550781,251.16856384277344,172.68832397460938,306.8693542480469,505.0744323730469,70.2996597290039,178.2027130126953,148.14356994628906,280.4997253417969,340.7574462890625,253.70669555664062,88.73348999023438,604.4016723632812,324.30322265625,71.62020111083984,110.74044036865234
2025-09-24,251.3813934326172,220.2100067138672,71.64612579345703,939.7867431640625,111.81095886230469,343.32000732421875,246.6573944091797,172.7958984375,307.53662109375,505.98687744140625,71.76748657226562,176.74456787109375,148.0658721923828,278.5153503417969,344.7952575683594,251.614990234375,87.8607177734375,602.3855590820312,323.1170959472656,71.2002944946289,111.33325958251953
2025-09-25,255.9246063232422,218.14999389648438,71.5689697265625,937.838134765625,111.37723541259766,344.75,245.30999755859375,173.81298828125,307.5660400390625,502.8923645019531,72.5645751953125,177.46365356445312,147.8035888671875,274.4970397949219,338.6698913574219,249.21742248535156,87.59830474853516,599.509521484375,321.3872985839844,70.7901382446289,112.3342514038086
2025-09-26,254.51980590820312,219.77999877929688,71.5689697265625,910.6369018554688,111.85038757324219,346.739990234375,246.0585479736328,175.74935913085938,310.12701416015625,507.2862243652344,73.73104095458984,177.96302795410156,148.14356994628906,271.2228088378906,337.2193603515625,251.4275360107422,88.46330261230469,603.0377807617188,323.4037170410156,71.04403686523438,113.91834259033203
2025-09-29,253.49359130859375,222.1699981689453,71.75221252441406,911.551513671875,113.14168548583984,352.4599914550781,243.5734100341797,177.6172637939453,309.7640075683594,510.4005432128906,74.08098602294922,181.6183624267578,149.1441650390625,271.0938720703125,338.2974548339844,251.53146362304688,88.49246978759766,604.732666015625,324.2234802246094,71.42488861083984,111.00284576416016
2025-09-30,253.69287109375,219.57000732421875,71.72328186035156,920.2606811523438,112.86568450927734,355.4700012207031,242.6252899169922,181.33351135253906,309.50885009765625,513.7232666015625,73.381103515625,186.3423309326172,149.26072692871094,277.1064758300781,338.4150695800781,251.679931640625,88.85206604003906,606.9628295898438,325.2840576171875,71.73738861083984,109.57424926757812
2025-10-01,254.50985717773438,220.6300048828125,71.9041976928711,912.0188598632812,111.33780670166016,356.0299987792969,244.4217529296875,181.94961547851562,304.8774719238281,515.4689331054688,76.4722671508789,187.0015106201172,148.8041534423828,286.21466064453125,341.3552551269531,252.3529815673828,88.9881362915039,609.1334228515625,326.41400146484375,72.23542785644531,108.83564758300781
2025-10-02,256.18365478515625,222.41000366210938,71.9815902709961,911.4520263671875,110.53937530517578,354.7900085449219,245.21022033691406,181.88116455078125,301.77679443359375,511.53131103515625,75.99596405029297,188.64939880371094,147.70645141601562,285.85748291015625,346.6672058105469,253.89703369140625,88.52162170410156,609.8074340820312,326.8898010253906,72.37213897705078,108.1553726196289
2025-10-03,257.07037353515625,219.50999450683594,71.8945083618164,910.070068359375,110.86466217041016,357.6400146484375,244.87088012695312,184.4825439453125,304.210205078125,513.1280517578125,77.82343292236328,187.38099670410156,147.920166015625,289.9056091308594,353.01800537109375,255.22329711914062,88.85206604003906,609.8569946289062,327.0682373046875,72.90925598144531,110.06988525390625
2025-10-06,255.74526977539062,220.89999389648438,71.73004913330078,905.6558837890625,111.14066314697266,364.3800048828125,249.94094848632812,184.0131378173828,304.8511047363281,524.256591796875,79.81616973876953,185.3036651611328,146.11328125,300.0357971191406,351.61651611328125,255.54995727539062,88.01622772216797,611.9384155273438,328.29730224609375,73.06549072265625,110.98340606689453
2025-10-07,255.53607177734375,221.77999877929688,71.8655014038086,909.4934692382812,110.9238052368164,366.260009765625,245.2800750732422,184.72705078125,303.38201904296875,519.7040405273438,80.88543701171875,184.80429077148438,148.18243408203125,291.731201171875,356.4090270996094,253.11509704589844,87.69550323486328,609.7578735351562,326.7212829589844,72.49909973144531,111.04171752929688
2025-10-08,257.1102600097656,225.22000122070312,71.8655014038086,909.4934692382812,110.29293823242188,372.29998779296875,244.14230346679688,185.5093994140625,299.773193359375,520.56689453125,81.69225311279297,188.86911010742188,146.38528442382812,302.13922119140625,362.544189453125,255.3421173095703,87.23870849609375,613.2962646484375,328.8920593261719,72.78229522705078,110.80847930908203
2025-10-09,253.1050262451172,227.74000549316406,71.81713104248047,937.4205322265625,109.4057846069336,365.42999267578125,241.05833435058594,186.86878967285156,301.2522277832031,518.1369018554688,81.37146759033203,192.32470703125,146.2784423828125,297.5354919433594,360.358642578125,253.0755157470703,86.76245880126953,611.6410522460938,327.7521667480469,72.14753723144531,109.72974395751953
2025-10-10,244.3673095703125,216.3699951171875,72.09768676757812,924.6152954101562,107.63147735595703,369.1199951171875,236.1080322265625,186.51669311523438,296.67718505859375,506.790283203125,81.02153015136719,182.92669677734375,145.4138641357422,278.4657287597656,347.431640625,245.56312561035156,85.65448760986328,595.1978149414062,318.9700622558594,70.4776382446289,107.61114501953125
2025-10-13,246.74851989746094,220.07000732421875,72.21379089355469,930.1331176757812,108.69605255126953,378.0899963378906,243.67323303222656,186.69273376464844,303.6580810546875,509.8550720214844,81.94498443603516,188.08013916015625,143.27670288085938,300.52197265625,351.5086975097656,250.472412109375,86.19876098632812,604.21728515625,324.054931640625,71.55184173583984,109.07860565185547
2025-10-14,246.8581085205078,216.38999938964844,72.32023620605469,941.0195922851562,109.58321380615234,380.7900085449219,244.97068786621094,186.6438446044922,297.85052490234375,509.37896728515625,82.27549743652344,179.80067443847656,144.8990020751953,293.6263122558594,352.75335693359375,252.996337890625,87.08319091796875,603.3649291992188,323.955810546875,71.56160736083984,109.127197265625
2025-10-15,248.42233276367188,215.57000732421875,72.27183532714844,949.4503784179688,110.1155014038086,387.3900146484375,250.539794921875,186.956787109375,301.4100036621094,509.2401123046875,83.39336395263672,179.60093688964844,143.2086944580078,302.32769775390625,353.94903564453125,253.97621154785156,88.34668731689453,606.0211791992188,325.49224853515625,72.18659973144531,108.46635437011719
2025-10-16,246.53929138183594,214.47000122070312,72.5427474975586,920.250732421875,108.3116226196289,396.45001220703125,250.9689483642578,187.88584899902344,294.3600769042969,507.4349365234375,82.67404174804688,181.57839965820312,145.326416015625,297.4957580566406,349.5583801269531,250.62086486816406,88.0356674194336,602.0169067382812,322.9051513671875,72.50886535644531,107.523681640625
2025-10-17,251.36146545410156,213.0399932861328,72.44599151611328,930.8986206054688,109.0903549194336,388.989990234375,252.80535888671875,188.9616241455078,293.3938293457031,509.38897705078125,82.16856384277344,182.9866180419922,147.0749969482422,292.77301025390625,349.4897766113281,250.6109619140625,88.60910034179688,605.3571166992188,324.42169189453125,72.46003723144531,109.07860565185547
2025-10-20,261.27484130859375,216.47999572753906,72.5427474975586,930.6798706054688,110.3619384765625,403.1499938964844,256.04901123046875,189.45057678222656,298.1265869140625,512.5726318359375,82.40185546875,182.4073486328125,147.6190185546875,295.37255859375,357.2126770019531,254.10488891601562,89.50325012207031,611.7103881835938,328.0396423339844,73.17292022705078,109.5256576538086
2025-10-21,261.8028564453125,222.02999877929688,72.62982177734375,932.0618286132812,112.66854095458984,377.239990234375,249.9709014892578,187.65113830566406,292.93035888671875,513.4356079101562,81.64364624023438,180.9292449951172,147.2886962890625,292.20745849609375,358.08489990234375,254.54039001464844,89.25055694580078,611.631103515625,327.9999694824219,72.47956085205078,109.53536987304688
2025-10-22,257.4988098144531,217.9499969482422,72.62982177734375,939.2001953125,111.46595764160156,377.2799987792969,251.19850158691406,188.68777465820312,289.99212646484375,516.2921142578125,80.52576446533203,180.05035400390625,147.85214233398438,286.6214904785156,354.2822265625,251.49188232421875,89.62960052490234,608.5386962890625,326.00762939453125,72.53816223144531,111.47904205322266
2025-10-23,258.6246032714844,221.08999633789062,72.48469543457031,936.58544921875,111.41667175292969,378.7900085449219,252.58578491210938,188.2281494140625,290.4161376953125,516.3119506835938,80.92432403564453,181.92796325683594,147.8618621826172,288.45703125,353.26300048828125,254.41172790527344,89.5712890625,611.97802734375,328.09906005859375,72.95807647705078,112.7132797241211
2025-10-24,261.8527526855469,224.2100067138672,72.5814437866211,926.73291015625,110.0859375,377.5199890136719,259.4124755859375,186.2037353515625,296.2334899902344,519.3370361328125,82.05191802978516,186.02273559570312,149.1697540283203,292.6539611816406,355.2721252441406,256.1833801269531,89.83370208740234,617.0427856445312,330.77532958984375,73.19244384765625,112.13988494873047
2025-10-27,267.8206787109375,226.97000122070312,72.6201400756836,924.4561767578125,110.73651123046875,367.010009765625,268.744140625,186.10597229003906,299.89154052734375,527.1825561523438,83.62666320800781,191.24609375,148.43609619140625,295.9182434082031,358.6827392578125,257.4206237792969,90.0864028930664,624.4269409179688,334.4626159667969,73.74907684326172,112.67440032958984
2025-10-28,268.0099792480469,229.25,72.65885162353516,918.7991943359375,110.05636596679688,364.3800048828125,266.94769287109375,182.8102264404297,301.0846252441406,537.6464233398438,81.23538970947266,200.77392578125,148.0741424560547,299.1725769042969,360.5056457519531,255.04518127441406,88.31752014160156,626.1019287109375,334.9780578613281,73.73931884765625,111.79002380371094
2025-10-29,268.7073974609375,230.3000030517578,72.30087280273438,907.1272583007812,108.6664810180664,363.0,274.0338439941406,182.48751831054688,301.2325439453125,537.130615234375,79.4759521484375,206.77627563476562,145.53074645996094,302.7047119140625,348.1764831542969,252.91714477539062,86.04325103759766,626.3596801757812,334.7401428222656,73.51470184326172,113.17002868652344
2025-10-30,270.401123046875,222.86000061035156,72.17510223388672,914.8422241210938,110.24365234375,370.1300048828125,280.93035888671875,184.88351440429688,305.10748291015625,521.469482421875,79.35929107666016,202.63156127929688,146.3231201171875,300.849365234375,337.87603759765625,250.57139587402344,86.45145416259766,619.7090454101562,331.1420593261719,73.05572509765625,111.45960235595703
2025-10-31,269.37493896484375,244.22000122070312,72.15574645996094,907.4449462890625,111.01251983642578,368.1199951171875,280.6408996582031,184.7074737548828,306.7639465332031,513.5843505859375,79.12600708007812,202.23207092285156,147.09591674804688,298.0811462402344,334.7496337890625,252.3826904296875,86.67499542236328,621.4931030273438,332.4703063964844,72.87995147705078,111.1388931274414
2025-11-03,268.05975341796875,254.0,72.07227325439453,923.9620361328125,110.51966094970703,368.7799987792969,283.16595458984375,182.15499877929688,305.0187683105469,512.8107299804688,79.49539184570312,206.61648559570312,144.79708862304688,302.4765319824219,327.1345520019531,251.81849670410156,86.54864501953125,622.7122802734375,332.846923828125,73.08502197265625,110.55580139160156
2025-11-04,269.0461730957031,249.32000732421875,72.11109161376953,936.6062622070312,109.8789291381836,362.32000732421875,276.998046875,182.7417755126953,304.920166015625,510.1328430175781,79.40789794921875,198.43690490722656,143.96559143066406,291.75103759765625,324.23358154296875,248.55223083496094,86.69442749023438,615.49658203125,328.8226623535156,72.11824035644531,110.92508697509766
2025-11-05,269.14581298828125,250.1999969482422,71.9072494506836,930.9213256835938,109.77050018310547,366.510009765625,283.7547912597656,181.90072631835938,307.3161315917969,503.02130126953125,79.84532928466797,194.9613494873047,142.61563110351562,291.3442687988281,321.2052001953125,251.28402709960938,86.77217864990234,617.35009765625,330.23016357421875,72.60651397705078,110.4780502319336
2025-11-06,268.7771301269531,243.0399932861328,72.1887435913086,919.5216674804688,108.91291809082031,366.07000732421875,284.1939697265625,182.84934997558594,309.03179931640625,493.04339599609375,79.70924377441406,187.84043884277344,142.9482421875,286.9786376953125,315.1484375,247.80990600585938,86.35425567626953,610.78857421875,326.4734802246094,72.32331085205078,111.27494812011719
2025-11-07,267.48193359375,244.41000366210938,72.1499252319336,918.685302734375,109.15934753417969,368.30999755859375,278.28546142578125,182.45819091796875,309.8106994628906,492.76568603515625,81.58531951904297,187.91030883789062,143.77972412109375,284.2601013183594,317.7455749511719,250.81881713867188,87.69550323486328,611.4329833984375,327.1871643066406,72.46003723144531,113.91834259033203
2025-11-10,268.6986083984375,248.39999389648438,72.1305160522461,911.536865234375,110.637939453125,378.3800048828125,289.5334777832031,184.2576141357422,312.4532165527344,501.8707275390625,82.40185546875,198.7964630126953,142.33193969726562,292.96148681640625,315.16802978515625,252.6400146484375,87.64690399169922,620.9281005859375,331.9747009277344,73.36822509765625,114.89017486572266
2025-11-11,274.5028076171875,249.10000610351562,72.33434295654297,909.8443603515625,113.210693359375,379.8699951171875,290.7411193847656,189.55816650390625,311.2009582519531,504.5289001464844,83.36420440673828,192.91395568847656,145.30575561523438,288.8935852050781,320.9209899902344,252.98643493652344,88.6285400390625,622.3553466796875,332.7874755859375,73.75884246826172,116.40624237060547
2025-11-12,272.7276306152344,244.1999969482422,72.30522155761719,909.9837036132812,114.98499298095703,385.989990234375,286.15008544921875,190.10581970214844,315.92388916015625,506.9688415527344,83.49057006835938,193.55313110351562,144.78729248046875,288.3478698730469,332.2994689941406,253.38233947753906,87.96764373779297,622.6626586914062,332.90643310546875,74.04204559326172,114.7929916381836
2025-11-13,272.2090759277344,237.5800018310547,72.09169006347656,921.0150146484375,106.07403564453125,382.8699951171875,278.0260009765625,190.94686889648438,305.1469421386719,499.1828918457031,81.64364624023438,186.62197875976562,144.73838806152344,279.9937438964844,325.8899230957031,247.8000030517578,86.88880920410156,612.5231323242188,327.0087585449219,73.23151397705078,115.44412231445312
2025-11-14,271.6705017089844,234.69000244140625,71.98492431640625,918.9242553710938,104.28987121582031,375.9599914550781,275.8702392578125,191.61187744140625,299.3591003417969,506.0166320800781,81.5367202758789,189.92774963378906,144.45469665527344,282.5932312011719,315.4424133300781,247.25564575195312,87.07347106933594,612.3645629882812,326.95916748046875,73.17292022705078,116.94403839111328
2025-11-17,266.73394775390625,232.8699951171875,72.02373504638672,908.5799560546875,104.18143463134766,371.6499938964844,284.46337890625,195.1814422607422,296.1644592285156,503.34857177734375,83.35447692871094,186.36231994628906,142.64498901367188,279.80517578125,314.1291809082031,242.59381103515625,86.35425567626953,606.625732421875,323.559326171875,72.26472473144531,115.36568450927734
2025-11-18,266.71405029296875,222.5500030517578,72.08197021484375,891.1468505859375,104.76300811767578,374.3500061035156,283.724853515625,195.59217834472656,295.2179260253906,489.76043701171875,82.27549743652344,181.1289825439453,143.7895050048828,275.73724365234375,307.3275146484375,243.03919982910156,86.70414733886719,601.63037109375,321.3687744140625,71.62996673583984,116.68914031982422
2025-11-19,267.8309631347656,222.69000244140625,72.0528564453125,886.6865844726562,103.17599487304688,374.9599914550781,292.2381896972656,198.04685974121094,299.02386474609375,483.1448059082031,81.91582489013672,186.28240966796875,143.7895050048828,280.1623840332031,302.92706298828125,243.16787719726562,86.02381134033203,603.8109130859375,322.4194641113281,71.4444351196289,115.04218292236328
2025-11-20,265.5272521972656,217.13999938964844,72.15962982177734,889.36474609375,101.2341079711914,374.8500061035156,288.884765625,198.5945281982422,294.2023620605469,475.41387939453125,81.94498443603516,180.40989685058594,144.96337890625,275.3304443359375,305.3282470703125,238.85244750976562,85.66419982910156,594.6527099609375,317.2850036621094,70.4971694946289,114.71867370605469
2025-11-21,270.75299072265625,220.69000244140625,72.33434295654297,895.0595703125,102.79155731201172,374.2699890136719,299.0747985839844,199.40623474121094,293.84735107421875,469.1436767578125,81.6973876953125,178.6521453857422,147.63394165039062,272.9095153808594,313.5901184082031,244.73170471191406,87.05403900146484,600.56982421875,320.9524841308594,71.21004486083984,114.7774887084961
2025-11-24,275.1710205078125,226.27999877929688,72.46054077148438,882.2262573242188,100.4849624633789,380.20001220703125,317.9578552246094,201.5088653564453,293.8276672363281,471.0118103027344,82.43138122558594,182.31747436523438,143.77972412109375,282.4146423339844,312.6884765625,247.107177734375,87.28729248046875,609.5001220703125,325.74993896484375,71.51277923583984,113.68932342529297
2025-11-25,276.2181701660156,229.6699981689453,72.62554931640625,890.400146484375,101.83539581298828,380.0799865722656,322.8083801269531,203.39845275878906,298.75762939453125,473.9829406738281,83.01856231689453,177.593505859375,145.2568359375,282.4543151855469,319.7743225097656,252.78846740722656,88.09398651123047,615.1694946289062,329.23895263671875,72.17684173583984,112.25802612304688
2025-11-26,276.79656982421875,229.16000366210938,72.70320892333984,904.2689819335938,101.95369720458984,383.1199951171875,319.3252258300781,204.2743682861328,303.33270263671875,482.4393005371094,83.7134017944336,180.03036499023438,145.02206420898438,287.6929931640625,323.13592529296875,254.79771423339844,88.48274993896484,619.4215698242188,331.4989013671875,72.86041259765625,112.5129165649414
2025-11-28,278.0930480957031,233.22000122070312,72.58672332763672,909.5755615234375,102.97884368896484,387.8800048828125,319.55474853515625,203.64450073242188,308.696533203125,488.9082946777344,84.4473876953125,176.7745361328125,144.9340362548828,289.23089599609375,323.1947326660156,256.1042175292969,88.7743148803711,622.8510131835938,333.35247802734375,73.18268585205078,113.64029693603516
2025-12-01,282.3315124511719,233.8800048828125,72.30335235595703,907.9527587890625,105.24601745605469,389.75,314.27508544921875,202.08950805664062,304.5948181152344,483.6715087890625,82.8424072265625,179.69081115722656,144.22972106933594,285.4308776855469,316.7655334472656,254.2632598876953,87.7538070678711,619.986572265625,331.71697998046875,72.89948272705078,114.33634185791016
2025-12-02,285.4131164550781,234.4199981689453,72.37151336669922,917.9784545898438,103.33370971679688,387.239990234375,315.1932678222656,202.16824340820312,303.5693359375,486.91094970703125,82.7739028930664,181.22886657714844,142.68411254882812,289.8063659667969,318.06903076171875,253.72877502441406,87.44280242919922,621.0372314453125,332.11346435546875,73.01667022705078,113.11092376708984
2025-12-03,283.378662109375,232.3800048828125,72.47864532470703,918.2073974609375,104.230712890625,386.8800048828125,319.0058288574219,202.0796661376953,307.75982666015625,474.7182922363281,83.13599395751953,179.3612518310547,143.51560974121094,293.14013671875,332.9365234375,256.29229736328125,87.66633605957031,623.2078247070312,333.60028076171875,73.30963134765625,115.48333740234375
2025-12-04,279.9380187988281,229.11000061035156,72.3423080444336,891.9234008789062,103.9645767211914,387.1300048828125,316.999755859375,199.2747802734375,311.67425537109375,477.8086853027344,81.60930633544922,183.15660095214844,142.19500732421875,290.63983154296875,326.8405456542969,257.5987854003906,87.45252227783203,623.7330932617188,334.1255798339844,73.46588134765625,114.83631134033203
2025-12-05,278.02325439453125,229.52999877929688,72.25466918945312,890.7486572265625,103.79700469970703,386.44000244140625,320.642578125,198.73348999023438,310.6291198730469,480.1140441894531,81.3548583984375,182.1877899169922,140.32659912109375,292.41583251953125,324.31201171875,257.5295104980469,87.35533142089844,624.9026489257812,334.5914611816406,73.61236572265625,114.24811553955078
2025-12-08,277.1356506347656,226.88999938964844,72.14754486083984,883.6200561523438,106.09374237060547,385.4200134277344,313.31219482421875,198.4283905029297,310.79669189453125,487.9245300292969,78.8299560546875,185.323974609375,135.32785034179688,299.5099182128906,319.2998046875,256.6882019042969,86.6847152709961,623.0491943359375,333.61016845703125,73.45612335205078,113.69912719726562
2025-12-09,276.4275817871094,227.9199981689453,72.09886932373047,884.5360717773438,105.49244689941406,387.3999938964844,316.66778564453125,196.794677734375,296.30255126953125,488.918212890625,77.93938446044922,184.7446746826172,136.5897674560547,301.03790283203125,319.28009033203125,256.55950927734375,86.35425567626953,622.543701171875,333.2731628417969,73.35846710205078,115.92448425292969
2025-12-10,278.02325439453125,231.77999877929688,72.31309509277344,870.567626953125,107.27661895751953,389.04998779296875,319.7937316894531,203.2705078125,305.76806640625,475.5430603027344,79.53457641601562,183.55612182617188,136.775634765625,307.71527099609375,323.9864196777344,260.6868896484375,86.66526794433594,626.5678100585938,335.7511901855469,74.14946746826172,117.1891098022461
2025-12-11,277.2752685546875,230.27999877929688,72.31309509277344,880.5933837890625,109.86907196044922,393.239990234375,312.0238342285156,206.68557739257812,312.9363098144531,480.422119140625,79.47586822509766,180.70957946777344,137.69515991210938,303.2831726074219,332.23480224609375,263.4879150390625,87.04431915283203,628.1041259765625,336.88116455078125,74.34477996826172,117.1891098022461
2025-12-12,277.5246276855469,226.19000244140625,72.08912658691406,880.5834350585938,110.007080078125,395.44000244140625,308.887939453125,208.23072814941406,314.0603332519531,475.5132751464844,79.9064712524414,174.80679321289062,139.7298583984375,290.5390319824219,337.276611328125,259.9247741699219,86.93740844726562,621.3246459960938,333.0353088378906,73.83697509765625,116.48326873779297
2025-12-15,273.3658752441406,222.5399932861328,72.17677307128906,856.778564453125,109.64981079101562,395.79998779296875,307.8193054199219,210.7797393798828,315.53936767578125,471.82666015625,79.9064712524414,176.07522583007812,141.97000122070312,286.2611083984375,336.5464782714844,258.5687255859375,87.20954895019531,620.4227294921875,332.38104248046875,74.09088134765625,115.44412231445312
2025-12-16,273.8645324707031,222.55999755859375,72.31309509277344,856.6093139648438,110.77122497558594,395.8900146484375,306.1714782714844,205.98683166503906,311.1319274902344,473.3867492675781,79.58351135253906,177.5034942626953,142.0482635498047,285.39556884765625,329.7386169433594,257.13360595703125,86.56808471679688,618.6881103515625,331.41961669921875,73.69049072265625,112.42469024658203
2025-12-17,271.10205078125,221.27000427246094,72.29361724853516,858.859375,109.78874969482422,399.2900085449219,296.3342590332031,207.00051879882812,310.5699462890625,473.1184387207031,78.57550048828125,170.73175048828125,144.59165954589844,275.5364990234375,327.2029113769531,255.79737854003906,86.88880920410156,611.8887939453125,327.80169677734375,73.20221710205078,115.10100555419922
2025-12-18,271.4511413574219,226.75999450683594,72.447021484375,853.8215942382812,111.01932525634766,398.57000732421875,302.0668029785156,205.0124969482422,308.6176452636719,480.9289245605469,79.12354278564453,173.9278564453125,142.3515167236328,283.2168273925781,323.759521484375,257.0643310546875,86.43201446533203,616.5076293945312,330.3193664550781,73.79790496826172,114.24811553955078
2025-12-19,272.9271240234375,227.35000610351562,72.33954620361328,851.8602294921875,110.39411163330078,399.0199890136719,306.7607116699219,203.1031951904297,312.7686767578125,482.856689453125,77.84152221679688,180.76953125,141.31459045410156,287.46490478515625,323.0491027832031,259.55853271484375,86.1015625,622.0084838867188,333.26324462890625,74.25835418701172,114.39515686035156
2025-12-22,270.23443603515625,228.42999267578125,72.31999969482422,846.2650146484375,111.52543640136719,408.2300109863281,309.3772888183594,204.03817749023438,318.56634521484375,481.86297607421875,78.33084869384766,183.4662322998047,139.5831298828125,291.7726135253906,320.81927490234375,262.2771301269531,86.54389953613281,625.9257202148438,335.580322265625,74.67603302001953,115.82645416259766
2025-12-23,271.62066650390625,232.13999938964844,72.31023406982422,851.0338745117188,112.35905456542969,413.6400146484375,313.94134521484375,202.52255249023438,321.3666076660156,483.78082275390625,78.08618927001953,188.97952270507812,140.0624542236328,295.4237976074219,320.46405029296875,261.01568603515625,86.48505401611328,628.8479614257812,336.693603515625,75.13350677490234,117.07147216796875
2025-12-24,273.06671142578125,232.3800048828125,72.48609161376953,868.0289306640625,113.6094741821289,411.92999267578125,313.68170166015625,204.4908905029297,324.5612487792969,484.94342041015625,78.73208618164062,188.38023376464844,141.34396362304688,297.2642517089844,323.2069396972656,261.5123291015625,87.05390930175781,630.9451904296875,337.8466796875,75.19317626953125,116.87541198730469
2025-12-26,272.6578063964844,232.52000427246094,72.48609161376953,869.5123291015625,112.69646453857422,416.739990234375,313.1024475097656,204.34324645996094,323.31890869140625,484.6354064941406,78.69295501708984,190.2978973388672,141.5885009765625,301.2834777832031,327.40020751953125,261.0752868652344,87.1519775390625,631.0048828125,337.637939453125,75.43185424804688,116.76757049560547
2025-12-29,273.0168762207031,232.07000732421875,72.59357452392578,864.026611328125,113.3216781616211,398.6000061035156,313.1523742675781,204.2743682861328,319.2171325683594,484.02923583984375,78.5559310913086,187.99070739746094,141.4221954345703,299.3733825683594,324.5487976074219,259.7045593261719,87.32852172851562,628.7783203125,336.3656005859375,75.19317626953125,118.1596450805664
2025-12-30,272.33868408203125,232.52999877929688,72.56425476074219,861.8462524414062,113.9171142578125,398.8900146484375,313.4420166015625,203.6346435546875,318.8917541503906,484.4068603515625,78.81037902832031,187.31153869628906,140.91351318359375,298.04022216796875,327.725830078125,258.72119140625,87.50506591796875,627.9036254882812,335.82879638671875,75.34234619140625,118.610595703125
2025-12-31,271.12200927734375,230.82000732421875,72.36885833740234,858.5507202148438,112.90486907958984,396.30999755859375,312.5931091308594,203.6740264892578,317.70855712890625,480.5711669921875,78.56571960449219,186.27279663085938,140.18963623046875,302.328125,325.70318603515625,256.2181091308594,86.78909301757812,623.3413696289062,333.2642517089844,75.02411651611328,117.97337341308594
2026-01-02,270.2743225097656,226.5,72.33954620361328,850.7451782226562,110.99947357177734,398.2799987792969,314.7403259277344,204.06768798828125,320.92291259765625,469.95849609375,79.20184326171875,188.6199493408203,138.70272827148438,317.96728515625,331.9092102050781,259.7840270996094,86.81851196289062,624.5043334960938,334.29803466796875,76.11804962158203,120.23795318603516
2026-01-05,266.5345153808594,233.05999755859375,72.47632598876953,871.891845703125,113.20259094238281,408.760009765625,316.1285400390625,201.0758056640625,329.3630676269531,469.86907958984375,79.58351135253906,187.89083862304688,137.31365966796875,320.5937194824219,337.4541931152344,263.19097900390625,87.0146713256836,628.6392211914062,336.8128662109375,76.923583984375,122.8946533203125
2026-01-06,261.6477966308594,240.92999267578125,72.47632598876953,885.1930541992188,113.69879150390625,413.17999267578125,313.9313659667969,201.5482177734375,331.41326904296875,475.4933776855469,79.31928253173828,187.0119171142578,136.86367797851562,325.7471008300781,344.3114013671875,267.6011657714844,87.65218353271484,632.3665771484375,339.168701171875,77.19209289550781,118.66942596435547
2026-01-07,259.623291015625,241.55999755859375,72.55448913574219,878.7018432617188,112.0514144897461,409.2300109863281,321.5614318847656,204.2054901123047,323.8660888671875,480.422119140625,76.6965103149414,188.87962341308594,135.0343780517578,317.0420837402344,337.13848876953125,265.6742248535156,86.79889678955078,630.3388061523438,338.015625,76.80424499511719,116.15975952148438
2026-01-08,258.3368225097656,246.2899932861328,72.4274673461914,911.2879638671875,113.30182647705078,411.489990234375,325.0169372558594,202.49301147460938,326.63934326171875,475.0959167480469,77.79258728027344,184.8145751953125,138.44837951660156,316.3755187988281,342.2197265625,267.4223937988281,87.57372283935547,630.2295532226562,338.1051330566406,76.85397338867188,120.49284362792969
2026-01-09,258.6659240722656,247.3800048828125,72.58379364013672,920.8159790039062,114.99882507324219,414.4700012207031,328.14288330078125,201.15455627441406,326.0450744628906,476.258544921875,78.18404388427734,184.63479614257812,138.78099060058594,321.9666442871094,339.3880615234375,269.9652099609375,87.75025177001953,634.4539184570312,340.3515930175781,77.40093994140625,122.15940856933594
2026-01-12,259.54351806640625,246.47000122070312,72.5154037475586,938.9359741210938,111.96209716796875,422.2300109863281,331.4285583496094,206.40017700195312,321.38995361328125,474.1717529296875,79.38778686523438,184.71470642089844,140.3363800048828,330.0648193359375,335.96435546875,270.3823547363281,87.8679428100586,635.4777221679688,340.9778137207031,78.11697387695312,121.59081268310547
2026-01-13,260.3413391113281,242.60000610351562,72.57402801513672,937.7909545898438,112.12088012695312,421.6300048828125,335.53326416015625,210.2679443359375,307.9297790527344,467.70281982421875,79.89668273925781,185.58364868164062,141.09938049316406,329.5076599121094,329.47216796875,270.6902770996094,88.35832977294922,634.1755981445312,340.2919616699219,77.69927978515625,124.05144500732422
2026-01-14,259.25433349609375,236.64999389648438,72.72058868408203,946.8012084960938,112.66669464111328,425.94000244140625,335.4034118652344,215.0904083251953,304.9287414550781,456.4840087890625,80.22942352294922,182.91690063476562,143.16346740722656,325.4287414550781,330.4884338378906,271.24652099609375,89.12334442138672,631.104248046875,338.9599609375,78.03740692138672,127.63947296142578
2026-01-15,257.5090637207031,238.17999267578125,72.61310577392578,952.5458374023438,112.54761505126953,423.3299865722656,332.3473815917969,216.09425354003906,306.30548095703125,453.7811279296875,80.43494415283203,186.82212829589844,141.48089599609375,339.88409423828125,334.43505859375,273.92840576171875,89.74124145507812,632.7741088867188,340.0036926269531,78.16668701171875,126.59053039550781
2026-01-16,254.8363494873047,239.1199951171875,72.49586486816406,959.375732421875,110.35440826416016,421.2900085449219,329.5710144042969,215.19866943359375,309.48480224609375,456.9609680175781,81.84418487548828,186.0031280517578,141.38307189941406,340.6401672363281,326.6010437011719,273.6800842285156,90.83970642089844,632.247314453125,339.80487060546875,78.20647430419922,127.3355712890625
2026-01-20,246.0303192138672,231.0,72.23206329345703,960.0228881835938,109.5009536743164,437.2300109863281,321.5814208984375,214.75579833984375,299.8477478027344,451.65460205078125,81.72674560546875,177.85308837890625,143.79930114746094,325.4784851074219,333.912109375,269.9652099609375,89.15277099609375,619.385498046875,333.1051940917969,77.3014907836914,127.89436340332031
2026-01-21,246.97775268554688,231.30999755859375,72.4372329711914,978.5411376953125,112.32928466796875,443.6000061035156,327.953125,214.55894470214844,299.15447998046875,441.3102111816406,82.05948638916016,183.09669494628906,142.8797607421875,324.44384765625,343.1076965332031,274.9912109375,89.50585174560547,626.4822998046875,337.05145263671875,78.16668701171875,130.982421875
2026-01-22,247.67584228515625,234.33999633789062,72.46654510498047,971.8804931640625,112.34912872314453,451.7900085449219,330.1103210449219,215.03135681152344,300.729248046875,448.2959289550781,83.2534408569336,184.6148223876953,146.6654815673828,325.6874084472656,349.7380065917969,275.7957763671875,88.6231460571289,629.7424926757812,338.8307189941406,78.64405059814453,131.01181030273438
2026-01-23,247.36668395996094,239.16000366210938,72.54471588134766,978.929443359375,110.13609313964844,458.0,327.5036926269531,216.6552276611328,294.8757019042969,463.0125732421875,82.99898529052734,187.44137573242188,147.92355346679688,333.14886474609375,351.50408935546875,272.81591796875,88.79969024658203,630.0009765625,338.5225830078125,79.09156799316406,132.315673828125
2026-01-26,254.7166748046875,238.4199981689453,72.63265228271484,973.3739013671875,110.46357727050781,464.70001220703125,332.8267822265625,217.98385620117188,298.16400146484375,467.3152770996094,83.6448974609375,186.2428436279297,147.2733612060547,330.9999694824219,346.9457702636719,272.150390625,88.68199920654297,633.2412719726562,339.98382568359375,79.41974639892578,132.18821716308594
2026-01-27,257.5688781738281,244.67999267578125,72.57402801513672,966.0164184570312,109.76890563964844,476.1000061035156,334.1150817871094,220.8871612548828,297.44097900390625,477.5503234863281,85.28902435302734,188.29034423828125,146.14039611816406,336.6010437011719,278.92608642578125,272.2298889160156,88.65257263183594,635.83544921875,341.21636962890625,80.65290832519531,134.1390838623047
2026-01-28,255.743896484375,243.00999450683594,72.54471588134766,956.5581665039062,108.72688293457031,494.55999755859375,335.5732116699219,224.11524963378906,297.89654541015625,478.59368896484375,85.7000503540039,191.28668212890625,145.1552276611328,340.5406799316406,290.094970703125,271.3359375,87.74044799804688,635.7360229492188,341.0274963378906,80.29489135742188,134.8743438720703
2026-01-29,257.5788879394531,241.72999572753906,72.55448913574219,948.7028198242188,110.73152923583984,495.8999938964844,337.8102722167969,223.69203186035156,303.49261474609375,430.76715087890625,86.29702758789062,192.27548217773438,147.67726135253906,337.8048095703125,288.3880615234375,270.81939697265625,88.96641540527344,634.4141235351562,340.24224853515625,80.50373840332031,137.7467041015625
2026-01-30,258.775634765625,239.3000030517578,72.52518463134766,937.3972778320312,111.94225311279297,444.95001220703125,337.56060791015625,223.65267944335938,302.9676818847656,427.5773620605469,86.02301025390625,190.8971710205078,149.51954650878906,328.86102294921875,283.099609375,268.07794189453125,89.05469512939453,632.37646484375,338.53253173828125,79.2208480834961,138.61920166015625
2026-02-02,269.2770690917969,242.9600067138672,72.45166778564453,965.4219970703125,103.6557388305664,427.1300048828125,343.24322509765625,227.09727478027344,305.1961975097656,420.70098876953125,84.48653411865234,185.38388061523438,150.91848754882812,339.6054992675781,281.77752685546875,269.91552734375,88.13275909423828,635.8155517578125,340.4311218261719,79.66836547851562,135.67820739746094
2026-02-03,268.7485046386719,238.6199951171875,72.47126007080078,974.9529418945312,103.427490234375,454.2900085449219,339.26837158203125,229.4100799560547,311.8420715332031,408.6176452636719,86.92335510253906,180.12030029296875,153.01690673828125,334.02435302734375,280.3863220214844,270.3923034667969,87.93660736083984,630.3190307617188,337.8168640136719,79.86726379394531,140.90338134765625
2026-02-04,275.7394104003906,232.99000549316406,72.44184875488281,975.3816528320312,106.23597717285156,453.9700012207031,332.6070556640625,230.7583770751953,314.2389221191406,411.5788879394531,88.04879760742188,173.97781372070312,154.54391479492188,324.0657958984375,272.2366027832031,270.3426513671875,89.2018051147461,627.0985717773438,336.2264404296875,79.8075942993164,144.68746948242188
2026-02-05,275.1610412597656,222.69000244140625,72.75553894042969,986.2884521484375,104.17179107666016,441.8800048828125,330.8193664550781,234.02581787109375,307.1968688964844,391.1882629394531,87.3050308227539,171.67062377929688,156.25811767578125,329.0301513671875,264.9649658203125,267.1541748046875,89.07430267333984,619.3357543945312,331.9024353027344,78.8528823852539,143.20718383789062
2026-02-06,277.364990234375,210.32000732421875,72.76535034179688,998.1224365234375,107.87342071533203,455.4599914550781,322.4402770996094,236.19102478027344,319.3199462890625,398.61114501953125,87.55947875976562,185.18414306640625,156.80979919433594,347.0570373535156,272.95684814453125,275.4878845214844,90.47682189941406,631.4024047851562,338.9201965332031,80.60318756103516,146.1187744140625
2026-02-09,274.13079833984375,208.72000122070312,72.78495025634766,994.5632934570312,106.31536102294922,467.0299987792969,323.8984069824219,234.8623809814453,319.0228271484375,410.99261474609375,87.56926727294922,189.80848693847656,154.99710083007812,353.58331298828125,272.0195617675781,276.64007568359375,90.85932159423828,634.3743286132812,340.59014892578125,81.69712829589844,148.23629760742188
2026-02-10,273.19244384765625,206.9600067138672,73.00061798095703,968.2832641601562,109.12384033203125,462.3999938964844,318.16583251953125,234.57696533203125,315.2392883300781,410.6646423339844,88.89044189453125,188.31031799316406,156.7211456298828,360.0498962402344,269.5726623535156,277.0572509765625,92.07548522949219,632.5951538085938,339.7551574707031,81.89601135253906,148.6088104248047
2026-02-11,275.00921630859375,204.0800018310547,72.85356903076172,975.17236328125,107.29783630371094,467.6300048828125,310.5557556152344,237.0472412109375,307.8505859375,401.8207702636719,89.40912628173828,189.81849670410156,157.62750244140625,372.16729736328125,275.1866760253906,276.26263427734375,91.56548309326172,632.5056762695312,339.4271545410156,82.53248596191406,152.500732421875
2026-02-12,261.2637634277344,199.60000610351562,73.18685150146484,995.8294067382812,101.60147857666016,451.3900146484375,308.5982971191406,240.6788330078125,299.74871826171875,399.3067321777344,89.96694946289062,186.7122802734375,158.81956481933594,366.20806884765625,280.57379150390625,271.10748291015625,91.45760345458984,622.7052612304688,333.9998474121094,81.6772232055664,147.9611358642578
2026-02-13,255.32435607910156,198.7899932861328,73.40251159667969,1015.389892578125,104.64813232421875,462.6199951171875,305.32257080078125,239.5962371826172,299.6595458984375,398.7900085449219,91.79702758789062,182.58729553222656,157.6964874267578,364.4770202636719,289.2760314941406,274.44488525390625,92.77183532714844,623.1029052734375,334.635986328125,81.94574737548828,146.50057983398438
2026-02-17,263.4099426269531,201.14999389648438,73.39271545410156,1008.9794311523438,104.63821411132812,448.20001220703125,301.6273498535156,239.47813415527344,304.19580078125,394.3581237792969,90.73029327392578,184.7446746826172,157.18417358398438,362.3281555175781,285.23077392578125,274.1866455078125,93.654541015625,624.1961669921875,335.053466796875,81.77668762207031,144.270263671875
2026-02-18,263.8791198730469,204.7899932861328,73.31429290771484,993.0579223632812,106.28559112548828,458.2799987792969,302.9356689453125,241.1118621826172,305.8300476074219,397.0808410644531,89.27210998535156,187.75099182128906,154.53407287597656,360.3981018066406,284.3526916503906,276.1434326171875,92.55607604980469,627.337158203125,336.80291748046875,82.05513763427734,148.7012939453125
2026-02-19,260.11578369140625,204.86000061035156,73.34369659423828,984.8229370117188,105.19395446777344,459.55999755859375,302.456298828125,243.00144958496094,305.1070251464844,396.8517761230469,89.68314361572266,187.6710968017578,156.20884704589844,358.5377197265625,286.0595703125,276.3222351074219,92.35990905761719,625.7269287109375,336.1667785644531,81.92584991455078,148.98748779296875
2026-02-20,264.1086730957031,210.11000061035156,73.33390045166016,982.2806396484375,104.77715301513672,468.6199951171875,314.5705261230469,238.65142822265625,307.82086181640625,395.6267395019531,90.21160888671875,189.58877563476562,158.39593505859375,368.63555908203125,286.1286315917969,277.265869140625,93.05626678466797,630.1898193359375,338.23431396484375,82.910400390625,145.345947265625
2026-02-23,265.705810546875,205.27000427246094,73.4907455444336,983.0284423828125,103.61605072021484,481.2799987792969,311.0850524902344,241.94839477539062,294.82623291015625,382.9182434082031,92.05146789550781,191.316650390625,162.72085571289062,368.13812255859375,278.5708923339844,272.6967468261719,93.06607818603516,623.8384399414062,334.4471130371094,82.47282409667969,148.78024291992188
2026-02-24,271.6552429199219,208.55999755859375,73.45153045654297,995.4007568359375,105.24357604980469,474.6099853515625,310.495849609375,243.6699676513672,294.459716796875,387.429931640625,93.63687133789062,192.61508178710938,162.8292236328125,383.7673645019531,270.29290771484375,275.5474548339844,93.30146026611328,628.3907470703125,337.1806640625,82.96011352539062,147.29994201660156
2026-02-25,273.74151611328125,210.63999938964844,73.43192291259766,991.7418823242188,104.25118255615234,473.4200134277344,312.49322509765625,242.5717315673828,300.4023742675781,398.9831237792969,93.07904815673828,195.32176208496094,160.9672393798828,385.7371826171875,280.40606689453125,276.2228698730469,93.04646301269531,633.6786499023438,339.78497314453125,83.7358169555664,147.10256958007812
2026-02-26,272.4637756347656,207.9199981689453,73.53974914550781,983.7462158203125,104.74738311767578,477.4800109863281,306.9804382324219,240.88975524902344,303.20538330078125,400.0986022949219,90.02566528320312,184.66476440429688,161.3218994140625,374.8733215332031,282.8332214355469,278.050537109375,93.6839599609375,630.1202392578125,338.4530029296875,83.49714660644531,146.5894012451172
2026-02-27,263.70941162109375,210.0,73.6867904663086,1007.7232666015625,105.23365020751953,483.75,311.354736328125,245.79718017578125,297.4310607910156,391.15484619140625,92.39338684082031,176.97415161132812,164.72073364257812,372.6547546386719,289.3549499511719,275.24945068359375,93.8507080078125,627.2277221679688,336.7432861328125,83.34796905517578,150.4973907470703
2026-03-02,264.2484130859375,208.38999938964844,73.38985443115234,999.7276000976562,103.53665924072266,490.0,306.12152099609375,245.92579650878906,294.7172546386719,396.9413757324219,91.34894561767578,182.25770568847656,161.08546447753906,367.2128601074219,290.9928283691406,276.8685302734375,94.08609008789062,627.4663696289062,337.0912170410156,81.94574737548828,152.19480895996094
2026-03-03,263.2801818847656,208.72999572753906,73.31118774414062,1004.71240234375,102.51448822021484,468.1400146484375,303.1853332519531,244.13497924804688,297.3914489746094,402.2996826171875,91.230712890625,179.83065795898438,157.35165405273438,351.3150329589844,285.34918212890625,272.18023681640625,93.58589172363281,621.9398803710938,333.72149658203125,79.12139892578125,149.83619689941406
2026-03-04,262.0523376464844,216.82000732421875,73.26203155517578,1003.685546875,102.2564697265625,471.79998779296875,302.7359619140625,242.7003631591797,296.52978515625,403.5645751953125,91.24056243896484,182.8170166015625,155.95272827148438,355.6028747558594,288.06243896484375,273.55096435546875,93.70358276367188,626.3729858398438,336.1667785644531,79.8970947265625,147.85260009765625
2026-03-05,259.8263244628906,218.94000244140625,73.09485626220703,979.5889282226562,101.63125610351562,466.1300048828125,300.4888610839844,237.0904541015625,290.74554443359375,409.0224304199219,89.79214477539062,183.11663818359375,151.70663452148438,352.041259765625,284.9150390625,269.2996826171875,92.76203918457031,623.0233764648438,333.9898986816406,78.2860336303711,148.78024291992188
2026-03-06,257.0013427734375,213.2100067138672,72.99654388427734,995.0717163085938,100.76787567138672,473.510009765625,298.1319274902344,237.85227966308594,286.7144470214844,407.30938720703125,89.68376159667969,177.6033935546875,151.3519744873047,337.1482238769531,282.6556396484375,263.4194641113281,91.7518310546875,614.6939697265625,329.4273681640625,77.55010986328125,149.22434997558594
2026-03-09,259.41705322265625,213.49000549316406,73.2030258178711,1002.2498779296875,100.886962890625,472.5299987792969,306.1770935058594,240.01905822753906,287.1502685546875,407.757568359375,90.65922546386719,182.427490234375,152.9183807373047,346.9078063964844,283.550537109375,266.11126708984375,91.95780181884766,620.0315551757812,332.2801818847656,78.51476287841797,148.46446228027344
2026-03-10,260.3653564453125,214.3300018310547,72.97689056396484,994.3339233398438,100.54954528808594,477.8599853515625,306.8567199707031,241.12721252441406,285.97161865234375,404.122314453125,90.19612884521484,184.54490661621094,153.69667053222656,345.3060607910156,280.736572265625,264.8597106933594,91.82048797607422,618.9580078125,331.5148010253906,78.68382263183594,146.18479919433594
2026-03-11,260.34539794921875,212.64999389648438,72.65241241455078,989.2195434570312,100.12281036376953,476.239990234375,308.5157470703125,240.41482543945312,284.7731628417969,403.245849609375,90.31436920166016,185.8134307861328,151.04656982421875,352.7376708984375,283.63006591796875,264.6213073730469,90.86913299560547,618.2722778320312,331.2463684082031,78.60426330566406,149.5894775390625
2026-03-12,255.3043975830078,209.52999877929688,72.3869400024414,1000.2759399414062,98.67391967773438,466.8800048828125,303.3687744140625,239.47488403320312,280.18743896484375,400.2380065917969,90.38333892822266,182.9268035888672,148.26837158203125,334.9794006347656,275.47662353515625,258.9992980957031,90.24143981933594,608.7997436523438,325.958251953125,77.04292297363281,151.5138702392578
2026-03-13,249.6744384765625,207.6699981689453,72.31809997558594,1005.3704223632812,98.53498077392578,460.8399963378906,302.09954833984375,238.9604034423828,280.7321472167969,393.9534912109375,91.41792297363281,180.0401611328125,148.41615295410156,336.5711669921875,280.4880065917969,258.8602600097656,90.38855743408203,605.4104614257812,324.1789245605469,76.31694030761719,154.06985473632812
2026-03-16,252.36964416503906,211.74000549316406,72.59341430664062,998.70068359375,97.90977478027344,460.42999267578125,305.3775939941406,240.61270141601562,283.4261474609375,398.33575439453125,91.45732879638672,183.0067138671875,149.86434936523438,338.4813537597656,283.8686828613281,261.1150207519531,91.14374542236328,611.4735107421875,327.4889831542969,77.83850860595703,155.165283203125
2026-03-17,253.77711486816406,215.1999969482422,72.74091339111328,993.1376342773438,99.53730010986328,459.2699890136719,310.7344055175781,235.5865478515625,284.1492004394531,397.7979431152344,91.17159271240234,181.71820068359375,149.2338409423828,345.1716613769531,285.9368896484375,263.63800048828125,91.54586791992188,613.163330078125,328.5923767089844,78.1766357421875,156.7245330810547
2026-03-18,249.49476623535156,209.8699951171875,72.4459228515625,976.9468383789062,98.66399383544922,444.739990234375,307.5063171386719,234.7653350830078,284.99102783203125,390.20867919921875,89.62464141845703,180.1899871826172,144.53457641601562,338.7766418457031,282.71527099609375,260.7872314453125,90.19239044189453,604.7046508789062,324.069580078125,76.82413482666016,155.5205535888672
2026-03-19,248.5165252685547,208.75999450683594,72.52458953857422,971.822509765625,98.44566345214844,426.4100036621094,306.9466552734375,235.0819549560547,285.2188720703125,387.4498596191406,91.05335998535156,178.3521270751953,142.69229125976562,337.99847412109375,278.8473815917969,261.58184814453125,89.82950592041016,603.0845336914062,323.4930725097656,76.72468566894531,156.0830841064453
2026-03-20,247.54823303222656,205.3699951171875,71.94446563720703,969.3799438476562,98.75331115722656,413.3800048828125,300.8203125,232.87557983398438,283.82232666015625,380.3287048339844,88.18608093261719,172.4989471435547,142.14060974121094,328.47076416015625,274.0249328613281,255.5128936767578,87.04409790039062,594.3277587890625,318.4235534667969,74.37525939941406,157.5732421875
2026-03-23,251.04200744628906,210.13999938964844,72.21977996826172,962.7999267578125,97.20516967773438,404.0400085449219,301.87969970703125,232.925048828125,287.14031982421875,381.4541931152344,88.90536499023438,175.43553161621094,141.85491943359375,337.6592712402344,268.00927734375,260.4594421386719,87.72083282470703,600.7785034179688,322.2505187988281,76.23688507080078,159.0140838623047
2026-03-24,251.1917266845703,207.24000549316406,72.03296661376953,970.8654174804688,95.65703582763672,404.1300048828125,290.2666320800781,232.77664184570312,289.6065368652344,371.2355651855469,90.27495574951172,174.99603271484375,141.03721618652344,342.4480285644531,270.73370361328125,261.7408142089844,87.14193725585938,598.740966796875,321.24658203125,75.60970306396484,163.20826721191406
2026-03-25,252.16998291015625,211.7100067138672,72.30827331542969,971.9022827148438,95.22037506103516,416.2900085449219,290.7563171386719,237.3872528076172,292.59771728515625,369.5424499511719,89.82171630859375,178.47198486328125,141.78594970703125,346.9375305175781,269.0135192871094,264.303466796875,87.07254028320312,602.0010986328125,323.20477294921875,76.7346420288086,161.11610412597656
2026-03-26,252.43951416015625,207.5399932861328,71.8854751586914,976.677734375,94.02950286865234,400.6400146484375,280.7523193359375,236.70458984375,288.87359619140625,364.4928894042969,89.82171630859375,171.04066467285156,140.30819702148438,325.3480529785156,266.5277404785156,259.982666015625,86.95359802246094,591.3259887695312,317.6382751464844,74.8630599975586,163.25759887695312
2026-03-27,248.35679626464844,199.33999633789062,71.8854751586914,980.8749389648438,91.71721649169922,414.70001220703125,274.1762390136719,237.90174865722656,280.13787841796875,355.3300476074219,90.05818939208984,167.32498168945312,140.59390258789062,325.9765930175781,257.54901123046875,255.50701904296875,86.23988342285156,581.267333984375,312.19195556640625,74.35535430908203,168.74459838867188
2026-03-30,246.19065856933594,200.9499969482422,72.24928283691406,993.556396484375,93.60277557373047,414.5799865722656,273.33673095703125,239.92013549804688,281.0589904785156,357.5111999511719,90.69863891601562,164.97772216796875,142.57408142089844,315.7605285644531,260.3033142089844,253.08425903320312,86.56700134277344,579.2431640625,310.7860107421875,74.29561614990234,169.21829223632812
2026-03-31,253.33790588378906,208.27000427246094,72.4065933227539,993.4067993164062,95.64710998535156,430.2900085449219,287.3883361816406,241.84947204589844,291.3497314453125,368.67596435546875,91.51644897460938,174.1969757080078,142.29823303222656,337.1604309082031,269.0533142089844,261.1402282714844,87.9250259399414,595.81494140625,319.88983154296875,76.7645034790039,167.4320526123047
2026-04-01,255.1746368408203,210.57000732421875,72.43620300292969,993.536376953125,95.82573699951172,437.82000732421875,297.2124938964844,241.53285217285156,292.5580749511719,367.8791809082031,91.48689270019531,175.54541015625,141.95343017578125,340.692138671875,272.424072265625,262.62579345703125,88.24223327636719,600.5511474609375,322.3128356933594,77.66047668457031,158.66867065429688
2026-04-02,255.464111328125,209.77000427246094,72.59404754638672,1011.880615234375,95.87535858154297,429.4100036621094,295.59344482421875,240.46429443359375,291.7855224609375,371.9526672363281,91.7824935913086,177.18348693847656,140.997802734375,338.2478942871094,275.6854553222656,263.8720703125,89.44166564941406,601.2391357421875,322.83135986328125,77.13285064697266,158.57984924316406
2026-04-06,258.39886474609375,212.7899932861328,72.48552703857422,1015.4596557617188,95.54786682128906,427.6499938964844,299.8109130859375,238.41622924804688,294.125,371.3750305175781,91.36865997314453,177.43319702148438,140.6529998779297,340.9615173339844,279.76214599609375,264.71954345703125,89.57052612304688,603.9113159179688,324.2771911621094,77.62065124511719,161.2246551513672
2026-04-07,253.0484161376953,213.77000427246094,72.59404754638672,1010.1359252929688,95.05167388916016,431.80999755859375,305.27764892578125,235.8833770751953,296.0662536621094,370.78741455078125,92.29485321044922,177.89266967773438,139.2047882080078,344.5132141113281,305.982421875,264.7593994140625,89.69938659667969,604.2802734375,324.4965515136719,77.67042541503906,161.757568359375
2026-04-08,258.4388122558594,221.25,72.732177734375,1027.1441650390625,98.42581939697266,434.5299987792969,317.1305847167969,238.7427520751953,306.5888366699219,372.8191223144531,92.78751373291016,181.8680419921875,142.75140380859375,365.04510498046875,304.2423400878906,272.28692626953125,91.31515502929688,619.535888671875,332.74285888671875,80.86605072021484,154.16854858398438
2026-04-09,260.0259704589844,233.64999389648438,72.76177215576172,1028.8988037109375,99.03118133544922,437.9100036621094,318.29986572265625,238.7526397705078,308.938232421875,371.5642395019531,93.09296417236328,183.69590759277344,144.48532104492188,364.6360778808594,305.16705322265625,272.16729736328125,91.9693832397461,623.2052001953125,334.48785400390625,80.7067642211914,153.0040283203125
2026-04-10,260.0159912109375,238.3800048828125,72.65324401855469,995.4406127929688,98.4158935546875,437.1300048828125,317.0506286621094,235.93284606933594,308.4803161621094,369.37310791015625,92.69884490966797,188.41041564941406,143.007568359375,369.734130859375,302.6016845703125,271.29986572265625,92.16764068603516,622.786376953125,334.0889587402344,80.9058609008789,150.50726318359375
2026-04-13,258.73828125,239.88999938964844,72.81111907958984,977.8740234375,100.41060638427734,435.3599853515625,321.1181945800781,235.43814086914062,312.2732238769531,382.8186340332031,90.9449691772461,189.08961486816406,141.4509735107422,368.70654296875,311.22247314453125,275.30792236328125,92.51457977294922,628.8886108398438,337.6986083984375,81.52308654785156,150.63555908203125
2026-04-14,258.3689270019531,249.02000427246094,72.98870086669922,971.8424072265625,101.80988311767578,445.0899963378906,332.7112731933594,237.5554656982422,309.7247009277344,391.5233459472656,89.9695053100586,196.28123474121094,142.2391357421875,379.00244140625,312.40570068359375,277.41162109375,93.39680480957031,636.4964599609375,341.66717529296875,82.43896484375,147.28021240234375
2026-04-15,265.95538330078125,248.5,72.89002990722656,981.7622680664062,102.2564697265625,440.4599914550781,336.91876220703125,236.14060974121094,304.5579833984375,409.5602722167969,89.90052795410156,198.63848876953125,141.2539520263672,374.2236328125,312.2664794921875,277.4515075683594,93.46619415283203,641.5816650390625,344.2497253417969,82.2796859741211,147.05322265625
2026-04-16,262.9307861328125,249.6999969482422,72.78150939941406,984.2147827148438,103.10992431640625,440.0799865722656,335.81939697265625,232.05438232421875,308.5599670410156,418.56378173828125,90.48187255859375,198.1190948486328,140.9879608154297,362.5010681152344,314.6031494140625,278.7376708984375,94.3285903930664,642.987548828125,345.0374755859375,82.25977325439453,149.98422241210938
2026-04-17,269.7486267089844,250.55999755859375,73.06761169433594,996.8563232421875,105.48175048828125,445.92999267578125,341.4760437011719,231.6981964111328,308.8984375,421.0835876464844,90.62966918945312,201.44520568847656,144.75131225585938,369.6343688964844,322.78643798828125,283.822509765625,95.83531188964844,650.8845825195312,349.5245666503906,83.374755859375,144.51698303222656
2026-04-20,272.5635681152344,248.27999877929688,73.01829528808594,994.8125610351562,105.4916763305664,442.0899963378906,337.2185974121094,228.2451934814453,315.5683898925781,416.38262939453125,90.65922546386719,201.82476806640625,142.34750366210938,365.3843078613281,321.6429748535156,285.30804443359375,96.1822509765625,649.6481323242188,349.2054748535156,83.10596466064453,145.7406768798828
2026-04-21,265.69586181640625,249.91000366210938,72.79136657714844,1002.7583618164062,103.49696350097656,429.57000732421875,332.0916442871094,223.76318359375,311.5962829589844,422.4480285644531,89.2699203491211,199.64732360839844,140.20968627929688,367.2200012207031,344.0450134277344,283.323974609375,94.47727966308594,645.37060546875,346.84228515625,81.51313018798828,146.41177368164062
2026-04-22,272.68341064453125,255.36000061035156,72.87030029296875,1000.65478515625,104.0229263305664,435.260009765625,339.1174621582031,223.70384216308594,311.6161804199219,431.1726989746094,88.6787338256836,202.26426696777344,140.7318115234375,386.5347900390625,351.5123596191406,283.43365478515625,93.69417572021484,652.0013427734375,350.21258544921875,82.2199478149414,147.5367889404297
2026-04-23,272.9429016113281,255.0800018310547,72.7420425415039,1011.3023071289062,102.86183166503906,431.0400085449219,338.6877136230469,228.2056121826172,310.29217529296875,414.0719909667969,94.83697509765625,199.4075927734375,143.54940795898438,381.7659606933594,352.54644775390625,282.4067077636719,94.65570831298828,649.3689575195312,348.7966613769531,81.35385131835938,148.5532684326172
2026-04-24,270.5771179199219,263.989990234375,72.87030029296875,1008.0821533203125,101.81980895996094,433.25,344.19439697265625,225.0889892578125,306.8974609375,422.90618896484375,93.88121795654297,208.0275421142578,147.08203125,401.5196838378906,352.9044189453125,282.5562438964844,94.46736907958984,654.5139770507812,351.0401916503906,82.12039947509766,146.9545440673828
2026-04-27,267.1332702636719,261.1199951171875,72.75191497802734,994.9820556640625,101.57170867919922,429.8900146484375,350.130859375,222.95188903808594,310.232421875,423.1053771972656,93.43782806396484,216.3578338623047,147.30039978027344,404.0338134765625,352.67572021484375,282.72576904296875,93.95191192626953,655.5908813476562,351.5188293457031,81.9710693359375,146.24398803710938
2026-04-28,270.2277526855469,259.70001220703125,72.732177734375,990.9841918945312,100.69840240478516,421.9100036621094,349.5711975097656,225.37591552734375,310.0532531738281,427.5174865722656,95.09317016601562,212.92184448242188,148.064697265625,391.42333984375,364.6871032714844,279.7945251464844,94.8143081665039,652.3602905273438,349.6242980957031,81.52308654785156,148.58287048339844
2026-04-29,269.688720703125,263.0400085449219,72.40660095214844,995.6399536132812,100.52970123291016,417.4100036621094,349.7311096191406,224.94058227539062,307.86309814453125,422.746826171875,92.78751373291016,209.00640869140625,145.37478637695312,392.90985107421875,368.6345520019531,278.398681640625,94.07086181640625,652.34033203125,349.2054748535156,80.86605072021484,152.63890075683594
2026-04-30,270.86663818359375,265.05999755859375,72.51512145996094,1011.4519653320312,102.96106719970703,423.6600036621094,384.5702819824219,227.41409301757812,311.82525634765625,406.1341552734375,96.44304656982422,199.33767700195312,146.00010681152344,395.1346435546875,368.37603759765625,283.5433349609375,95.48837280273438,658.6619262695312,353.1640930175781,82.6878433227539,152.30337524414062
2026-05-01,279.6409912109375,268.260009765625,72.6160888671875,1010.0940551757812,102.2961654663086,423.17999267578125,385.45977783203125,224.7822723388672,311.06866455078125,412.76727294921875,95.52670288085938,198.21897888183594,146.16883850097656,396.74090576171875,366.6856994628906,283.9720458984375,95.2207260131836,660.5963134765625,354.27093505859375,82.59825134277344,150.74412536621094
2026-05-04,276.3368225097656,272.04998779296875,72.3686294555664,1011.1823120117188,100.53961944580078,414.7099914550781,383.0212097167969,221.82395935058594,306.270263671875,411.9505615234375,94.10784912109375,198.24893188476562,142.3572998046875,400.6716613769531,368.6445007324219,282.5462951660156,94.62596893310547,658.2032470703125,352.9646911621094,81.88147735595703,151.67176818847656
2026-05-05,283.67376708984375,273.54998779296875,72.497314453125,1014.8065185546875,99.71593475341797,418.2699890136719,388.1981201171875,223.15966796875,308.0124206542969,409.7196044921875,94.86653900146484,196.271240234375,143.82632446289062,393.488525390625,361.8035583496094,285.8364562988281,94.92334747314453,663.3682250976562,355.9660339355469,83.03628540039062,152.84616088867188
2026-05-06,286.99786376953125,274.989990234375,72.80416107177734,994.1693725585938,107.23828887939453,430.9599914550781,397.8023986816406,222.23951721191406,313.4877624511719,412.2891845703125,93.98960876464844,207.5880584716797,146.80410766601562,418.5198974609375,365.1942138671875,289.9841003417969,96.2417221069336,672.7009887695312,360.8220520019531,85.23638153076172,146.73744201660156
2026-05-07,286.927978515625,271.1700134277344,72.6160888671875,1010.4534912109375,107.83373260498047,431.67999267578125,397.7524108886719,220.15187072753906,304.8964538574219,419.07171630859375,91.94999694824219,211.2537841796875,144.9777374267578,413.182373046875,367.6402282714844,285.7267761230469,95.54784393310547,670.587158203125,359.1668395996094,83.87251281738281,144.65513610839844
2026-05-08,292.7974853515625,272.67999267578125,72.80416107177734,1007.1886596679688,107.19859313964844,433.7699890136719,400.56072998046875,218.9744873046875,300.74517822265625,413.44451904296875,91.73323059082031,214.94947814941406,145.33506774902344,410.7181396484375,377.8221130371094,287.31207275390625,95.77583312988281,676.0711669921875,361.82916259765625,85.04722595214844,142.67153930664062
2026-05-11,292.42779541015625,268.989990234375,72.6259994506836,997.8834228515625,103.92369079589844,434.6499938964844,388.40802001953125,219.08331298828125,298.6545715332031,410.99444580078125,93.44767761230469,219.18453979492188,142.29774475097656,403.5948486328125,382.25677490234375,287.7208251953125,95.84522247314453,677.5469360351562,362.5870056152344,85.00740814208984,147.71441650390625
2026-05-12,294.54595947265625,265.82000732421875,72.4082260131836,1020.2578735351562,105.35274505615234,432.92999267578125,387.1187744140625,221.88331604003906,303.5126953125,406.1241760253906,93.20134735107422,220.52297973632812,142.8436737060547,396.351806640625,394.138916015625,285.4775390625,95.84522247314453,676.6993408203125,361.7494201660156,83.85260772705078,148.65196228027344
2026-05-13,298.6124572753906,270.1300048828125,72.43791961669922,1031.4400634765625,104.10232543945312,430.5,402.3796691894531,227.97804260253906,298.9034729003906,403.57452392578125,93.45753479003906,225.56710815429688,141.18605041503906,398.86590576171875,398.8818054199219,284.81951904296875,95.05220794677734,680.4285278320312,363.6639099121094,84.69879913330078,149.57962036132812
2026-05-14,297.9530334472656,267.2200012207031,72.41812133789062,1039.59716796875,104.61836242675781,427.2099914550781,400.8305969238281,228.35403442382812,298.56500244140625,407.7774658203125,94.27535247802734,235.465576171875,141.65257263183594,416.7440490722656,396.82354736328125,286.155517578125,94.48719024658203,685.7330322265625,366.34619140625,84.6390609741211,150.77371215820312
2026-05-15,299.9713134765625,264.1400146484375,72.00237274169922,1047.284912109375,101.93889617919922,417.2900085449219,396.54315185546875,224.307373046875,296.4743957519531,420.2170715332031,91.98941040039062,225.05770874023438,140.52101135253906,403.4053039550781,391.61334228515625,280.9809875488281,93.08951568603516,677.4671630859375,361.6995544433594,82.73762512207031,156.90402221679688
2026-05-18,297.5833435058594,264.8599853515625,71.95288848876953,1074.76123046875,103.1198501586914,418.42999267578125,396.70306396484375,226.4939422607422,299.3813171386719,421.83056640625,87.73283386230469,222.0612030029297,141.33493041992188,395.0249328613281,388.9087829589844,280.5921325683594,94.17990112304688,676.9386596679688,361.32061767578125,83.1557388305664,159.45748901367188
2026-05-19,298.7123718261719,259.3399963378906,71.71532440185547,1092.5828857421875,101.51216888427734,411.5,387.4285888671875,227.56248474121094,294.3738708496094,415.7352600097656,88.73785400390625,220.35317993164062,140.2530059814453,391.69268798828125,387.02947998046875,278.16937255859375,94.44754028320312,672.6312866210938,359.0272521972656,82.42901611328125,161.50424194335938
2026-05-20,301.98956298828125,265.010009765625,72.11125946044922,1072.30517578125,103.28855895996094,417.3999938964844,388.6778564453125,226.88970947265625,300.625732421875,419.36053466796875,86.97412872314453,223.20985412597656,141.3845672607422,400.6816711425781,381.12322998046875,283.822509765625,95.64696502685547,679.5910034179688,363.1453857421875,83.7928695678711,155.27456665039062
2026-05-21,304.7271728515625,268.4599914550781,72.19046020507812,1048.782470703125,102.7923583984375,416.989990234375,387.4285888671875,229.27415466308594,301.6411437988281,418.3025207519531,88.373291015625,219.25445556640625,142.3374481201172,406.19873046875,380.3078918457031,285.5971984863281,95.82539367675781,680.8572998046875,364.0428161621094,84.20103454589844,154.2909393310547
2026-05-22,308.55389404296875,266.32000732421875,72.2597427368164,1026.6077880859375,102.21676635742188,413.82000732421875,382.74139404296875,231.85650634765625,305.0059814453125,417.7835388183594,87.2500228881836,215.07933044433594,143.3697509765625,403.57489013671875,386.2638854980469,288.22930908203125,95.92452239990234,683.5593872070312,365.7379455566406,84.08157348632812,153.92332458496094
2026-05-26,308.0643005371094,265.2900085449219,72.46761322021484,1001.3379516601562,102.49463653564453,414.0,388.6478576660156,229.0503387451172,305.3643493652344,415.248291015625,86.36323547363281,214.60987854003906,141.9007110595703,411.3566589355469,374.71978759765625,292.0279846191406,96.37059020996094,688.0064697265625,368.4002685546875,85.72418212890625,148.84619140625
2026-05-27,310.5821533203125,271.8500061035156,72.53690338134766,1002.0967407226562,103.3877944946289,408.489990234375,388.5978698730469,230.15489196777344,297.93780517578125,411.8946228027344,86.36323547363281,212.35250854492188,146.39715576171875,421.7423400878906,381.8292236328125,291.6889953613281,96.07321166992188,687.9566040039062,368.300537109375,85.46534729003906,146.948486328125
2026-05-28,312.24072265625,274.0,72.67548370361328,993.6202392578125,102.94122314453125,412.7699890136719,389.8971252441406,229.66729736328125,295.3992614746094,426.18768310546875,85.96910858154297,214.00057983398438,144.828857421875,423.8673400878906,380.35760498046875,293.1346740722656,95.70645141601562,691.8950805664062,370.5939636230469,85.6047134399414,146.01454162597656
2026-05-29,311.7911071777344,270.6400146484375,72.71508026123047,954.8019409179688,101.05567169189453,417.1199951171875,380.1129455566406,224.22413635253906,297.9676818847656,449.3940124511719,85.73263549804688,210.8942108154297,142.4962615966797,417.47235107421875,378.15020751953125,292.63616943359375,94.8638687133789,693.4705200195312,371.4714660644531,85.67440032958984,144.32546997070312
2026-06-01,306.0460510253906,261.260009765625,72.68230438232422,944.608154296875,102.06790924072266,411.260009765625,376.14532470703125,222.41307067871094,295.2499084472656,459.6546936035156,82.43180847167969,224.09881591796875,139.24057006835938,434.6122131347656,377.7027587890625,292.2174072265625,93.26793670654297,695.2752685546875,372.3289794921875,85.92327880859375,148.41897583007812
2026-06-02,314.92840576171875,256.5199890136719,72.70216369628906,952.7552490234375,100.63886260986328,411.95001220703125,361.6340026855469,221.79611206054688,299.6102600097656,440.48077392578125,84.42215728759766,222.56060791015625,139.77658081054688,445.6463623046875,375.7738037109375,294.4108581542969,93.69417572021484,696.2325439453125,373.2862243652344,86.57037353515625,148.59780883789062
2026-06-03,309.9926452636719,250.02000427246094,72.56311798095703,960.30322265625,98.63421630859375,407.8699951171875,358.77569580078125,222.1444091796875,299.50079345703125,426.53704833984375,83.33831024169922,214.5,139.1512451171875,435.66973876953125,374.8590087890625,292.4866027832031,93.58514404296875,691.3467407226562,370.583984375,85.71422576904297,151.5487060546875
2026-06-04,310.9618225097656,253.7899932861328,72.66243743896484,970.8064575195312,98.5845947265625,411.2699890136719,371.96783447265625,227.05020141601562,309.4957580566406,427.2456970214844,84.42215728759766,218.66000366210938,139.7368621826172,443.8805236816406,394.21844482421875,294.5205383300781,95.2603759765625,694.0388793945312,372.3090515136719,85.86355590820312,151.0618438720703
2026-06-05,307.0751647949219,246.02999877929688,72.33467864990234,970.3272705078125,98.95178985595703,396.239990234375,368.30999755859375,231.6276397705078,310.9691162109375,415.8870849609375,85.19931030273438,205.10000610351562,145.4541778564453,414.20001220703125,397.201416015625,287.34197998046875,95.94435119628906,676.0313110351562,362.3377380371094,82.6579818725586,148.9554901123047
2026-06-08,301.2801818847656,245.22000122070312,72.31481170654297,973.2026977539062,98.11817932128906,397.2699890136719,363.30999755859375,231.0206298828125,309.7147521972656,410.9663391113281,83.38297271728516,208.63999938964844,144.0248565673828,425.8028259277344,404.2610778808594,288.4985046386719,94.63587951660156,677.7064208984375,363.4245910644531,83.36479949951172,150.77371215820312
2026-06-09,290.29962158203125,244.19000244140625,72.4737319946289,967.052490234375,98.57467651367188,390.7799987792969,364.260009765625,235.8368682861328,311.2976379394531,402.6520080566406,84.19685363769531,208.19000244140625,147.5684051513672,426.92022705078125,410.6545715332031,290.4925537109375,96.81665802001953,675.7322387695312,362.62689208984375,83.44444274902344,147.95199584960938
2026-06-10,291.3287353515625,238.0,72.41413879394531,981.8090209960938,97.86015319824219,374.5799865722656,356.3800048828125,237.31956481933594,307.75360107421875,396.61334228515625,84.48468780517578,200.4199981689453,147.94558715820312,407.7950134277344,405.1460266113281,286.2751770019531,96.82657623291016,665.1130981445312,357.0130310058594,82.2199478149414,149.65098571777344
2026-06-11,295.375244140625,241.50999450683594,72.8312759399414,974.1411743164062,99.57699584960938,386.32000732421875,357.7699890136719,237.16033935546875,312.0840759277344,389.6065673828125,84.20677185058594,204.8699951171875,147.2408447265625,421.07000732421875,403.2468566894531,293.4437561035156,96.75718688964844,676.2606201171875,363.25506591796875,84.95762634277344,145.6568603515625
2026-06-12,290.879150390625,238.5500030517578,72.74188995361328,980.7905883789062,99.27928161621094,386.5400085449219,359.67999267578125,239.6878662109375,319.28167724609375,390.00579833984375,85.34819030761719,205.19000244140625,148.50143432617188,423.92999267578125,406.20001220703125,295.49761962890625,97.64932250976562,679.9698486328125,365.30914306640625,85.29610443115234,146.064208984375
2026-06-15,296.1645812988281,246.02000427246094,72.80148315429688,977.895263671875,100.91673278808594,396.54998779296875,369.3500061035156,234.50344848632812,317.96759033203125,399.0088806152344,85.47722625732422,212.4499969482422,149.3451385498047,441.3999938964844,411.0400085449219,297.5514831542969,96.96534729003906,691.8153686523438,371.46148681640625,86.59028625488281,140.01339721679688
2026-06-16,298.9821472167969,246.0,72.91073608398438,985.11376953125,100.50984954833984,397.6300048828125,373.25,234.02578735351562,329.6549377441406,393.0899963378906,85.5864028930664,207.41000366210938,151.360107421875,425.8299865722656,407.6499938964844,295.697021484375,97.2032470703125,687.7471923828125,369.30767822265625,86.24185180664062,140.9473419189453
2026-06-17,295.6949768066406,237.5,72.64257049560547,964.0572509765625,100.0930404663086,388.6000061035156,363.7900085449219,233.0506134033203,331.9645080566406,378.1980285644531,85.09013366699219,204.64999389648438,149.44439697265625,432.1499938964844,399.5299987792969,292.1974792480469,94.774658203125,679.431396484375,364.7109069824219,85.76399993896484,139.8345489501953
2026-06-18,297.7532043457031,244.38999938964844,72.8412094116211,949.939697265625,103.0999984741211,387.1199951171875,368.0299987792969,227.2691192626953,323.761474609375,378.6871032714844,86.1025161743164,210.69000244140625,149.26573181152344,462.1199951171875,400.9599914550781,295.6272277832031,94.72509002685547,686.1119384765625,368.9287414550781,86.7699966430664,136.92340087890625
2026-06-22,296.75408935546875,232.7899932861328,72.64257049560547,949.8397827148438,101.67095184326172,384.5899963378906,349.67999267578125,230.15489196777344,329.993408203125,366.6497802734375,85.4375228881836,208.64999389648438,146.58572387695312,467.6700134277344,406.67999267578125,296.38494873046875,95.74609375,684.1077880859375,367.75213623046875,87.05999755859375,137.57916259765625
2026-06-23,294.04638671875,234.11000061035156,72.72203063964844,956.1597900390625,102.74273681640625,377.32000732421875,346.1300048828125,237.9066619873047,332.6414794921875,373.23736572265625,85.78490447998047,200.0399932861328,149.74217224121094,436.3900146484375,409.25,294.1317138671875,97.00499725341797,674.3761596679688,362.65679931640625,84.41000366210938,138.83103942871094
2026-06-24,292.8274230957031,234.27000427246094,73.0497817993164,959.5643920898438,100.35106658935547,365.9200134277344,345.2900085449219,239.81723022460938,331.95458984375,364.7733154296875,86.96602630615234,199.0,150.91342163085938,440.8299865722656,405.79998779296875,296.3450927734375,97.01000213623047,673.72802734375,362.60693359375,84.33999633789062,136.01925659179688
2026-06-25,274.91290283203125,227.00999450683594,73.09944152832031,940.7442626953125,97.30441284179688,369.4599914550781,343.7099914550781,243.67820739746094,333.6170654296875,352.1670227050781,87.04542541503906,195.74000549316406,147.399658203125,434.989990234375,415.5299987792969,298.7179870605469,97.19000244140625,673.7479858398438,362.9360046386719,85.08000183105469,136.66506958007812
2026-06-26,283.53546142578125,232.69000244140625,73.16896057128906,951.0279541015625,98.03878021240234,373.6300048828125,337.3900146484375,253.4102020263672,327.57427978515625,372.2691955566406,87.89900970458984,192.52999877929688,147.9158172607422,432.3500061035156,427.8900146484375,299.489990234375,98.66999816894531,670.260009765625,362.2200012207031,84.4800033569336,135.66156005859375
2026-06-29,281.4972229003906,240.13999938964844,73.20869445800781,945.17724609375,97.87999725341797,368.5799865722656,353.6499938964844,257.2413024902344,327.91278076171875,367.8774719238281,87.9982681274414,194.97000122070312,147.3500213623047,455.1000061035156,419.82000732421875,301.29998779296875,98.1500015258789,681.010009765625,367.1199951171875,84.93000030517578,135.18466186523438
2026-06-30,289.11065673828125,238.33999633789062,72.91073608398438,933.9849853515625,96.25,368.3800048828125,357.3699951171875,252.7235870361328,325.86199951171875,372.319091796875,87.11490631103516,200.08999633789062,145.55343627929688,477.57000732421875,415.6300048828125,303.1199951171875,96.43000030517578,686.8099975585938,370.0400085449219,85.48999786376953,135.8404083251953
2026-07-01,294.1263427734375,241.6999969482422,72.80509948730469,923.2021484375,95.70999908447266,370.6000061035156,361.2099914550781,252.73353576660156,332.5718078613281,383.5579528808594,85.72535705566406,197.5800018310547,146.33758544921875,444.2300109863281,426.5400085449219,301.510009765625,96.81999969482422,685.4600219726562,369.2699890136719,84.52999877929688,135.4032440185547
2026-07-02,308.3640441894531,242.6699981689453,72.85493469238281,950.1593017578125,99.5,378.1300048828125,359.9100036621094,261.74908447265625,332.9700012207031,389.7562561035156,87.68064880371094,194.8300018310547,150.28810119628906,434.1600036621094,425.3599853515625,300.3399963378906,98.0199966430664,684.8400268554688,368.760009765625,84.83999633789062,136.20802307128906
2026-07-06,312.3905944824219,244.16000366210938,72.88482666015625,948.7415771484375,97.41000366210938,382.1300048828125,366.4599914550781,258.0572509765625,337.7200012207031,386.0133056640625,86.78736877441406,195.5500030517578,148.2036590576172,451.7900085449219,417.989990234375,301.6600036621094,97.23999786376953,690.6199951171875,371.6700134277344,86.16999816894531,135.5622100830078
2026-07-07,310.3923034667969,245.97999572753906,72.59583282470703,945.9959716796875,97.4800033569336,377.489990234375,367.0299987792969,265.9284362792969,339.2200012207031,388.109375,87.80968475341797,196.92999267578125,151.6181640625,432.57000732421875,428.19000244140625,298.5,98.4000015258789,687.0800170898438,369.6099853515625,84.6500015258789,140.7784423828125
2026-07-08,313.1199645996094,243.6199951171875,72.44635772705078,951.6170043945312,96.69999694824219,374.45001220703125,361.9200134277344,262.1072998046875,330.6199951171875,382.6197204589844,86.78736877441406,204.1199951171875,147.30039978027344,436.9800109863281,425.6000061035156,295.1499938964844,96.80000305175781,685.260009765625,368.25,84.44000244140625,140.2220458984375
2026-07-09,315.947509765625,247.0399932861328,72.57591247558594,911.520751953125,96.16999816894531,378.17999267578125,358.8900146484375,257.8283996582031,335.4700012207031,383.6377868652344,86.44990539550781,202.77999877929688,145.7618865966797,436.9599914550781,431.67999267578125,298.67999267578125,97.08999633789062,690.6900024414062,371.45001220703125,84.9000015258789,136.57565307617188
2026-07-10,315.0483093261719,245.33999633789062,72.51611328125,914.7955322265625,95.62000274658203,377.010009765625,357.17999267578125,255.7188262939453,336.4700012207031,384.37640380859375,87.3034896850586,210.9600067138672,145.95046997070312,434.1099853515625,424.6199951171875,298.1499938964844,97.31999969482422,693.8599853515625,372.69000244140625,85.33999633789062,137.9865264892578
2026-07-13,317.03656005859375,247.30999755859375,72.24706268310547,924.9594116210938,96.0,367.1300048828125,352.510009765625,256.5049133300781,334.5299987792969,390.2553405761719,87.72035217285156,203.52999877929688,147.27061462402344,421.5799865722656,429.0899963378906,296.17999267578125,97.83000183105469,688.5,369.7799987792969,83.77999877929688,143.58029174804688
2026-07-14,314.58868408203125,247.49000549316406,72.44635772705078,920.2868041992188,95.87000274658203,372.1499938964844,359.510009765625,252.60418701171875,342.8900146484375,384.20672607421875,88.87169647216797,211.8000030517578,144.99758911132812,420.3900146484375,425.19000244140625,296.8900146484375,97.56999969482422,691.0999755859375,371.1600036621094,84.66000366210938,144.15655517578125
2026-07-15,327.2178039550781,254.9600067138672,72.5659408569336,915.0850830078125,97.1500015258789,372.3500061035156,370.9200134277344,245.8076934814453,346.9100036621094,394.8866271972656,88.43497467041016,212.5,146.9530029296875,419.4800109863281,418.5199890136719,297.010009765625,97.86000061035156,693.7999877929688,372.4200134277344,84.98999786376953,143.58029174804688
2026-07-16,332.97283935546875,249.88999938964844,72.55597686767578,944.0690307617188,99.70999908447266,364.9599914550781,354.4599914550781,248.7432098388672,343.1499938964844,400.3463439941406,88.68311309814453,207.39999389648438,150.37742614746094,409.739990234375,423.3800048828125,297.92999267578125,100.06999969482422,690.1400146484375,370.5799865722656,84.05999755859375,145.0110321044922
2026-07-17,333.452392578125,247.22999572753906,72.60580444335938,939.37646484375,97.66999816894531,368.4100036621094,346.7699890136719,251.7981414794922,341.1000061035156,393.08001708984375,88.13722229003906,202.80999755859375,148.86868286132812,398.3699951171875,426.0899963378906,296.2200012207031,100.0199966430664,683.1699829101562,367.010009765625,83.37000274658203,146.41195678710938
2026-07-20,326.3085632324219,249.99000549316406,72.42642974853516,934.3145141601562,96.41000366210938,367.6000061035156,351.989990234375,247.59886169433594,338.8699951171875,401.53411865234375,87.34319305419922,203.27999877929688,148.02499389648438,402.29998779296875,421.54998779296875,294.2200012207031,99.4800033569336,682.2100219726562,366.25,83.06999969482422,147.40553283691406
2026-07-21,327.45758056640625,247.5500030517578,72.26698303222656,927.7449340820312,96.13999938964844,374.80999755859375,347.1499938964844,249.3800811767578,345.2300109863281,397.00262451171875,87.27371215820312,207.2899932861328,147.00262451171875,424.6099853515625,436.3500061035156,297.0,99.5199966430664,687.8699951171875,369.45001220703125,84.44999694824219,150.73397827148438
2026-07-22,325.60919189453125,244.85000610351562,72.14740753173828,925.8380126953125,95.87000274658203,379.1199951171875,342.0899963378906,254.3754425048828,348.2099914550781,389.6065673828125,88.74266815185547,212.05999755859375,148.02499389648438,421.2099914550781,431.30999755859375,296.19000244140625,99.0199966430664,687.030029296875,368.8699951171875,84.45999908447266,153.4563446044922
2026-07-23,321.3828430175781,233.66000366210938,71.99793243408203,924.5899658203125,92.83000183105469,371.5199890136719,317.69000244140625,257.99755859375,349.8999938964844,380.8630065917969,89.11982727050781,208.75999450683594,145.88099670410156,415.5799865722656,423.55999755859375,294.75,98.69000244140625,678.6099853515625,364.69000244140625,83.62000274658203,155.88064575195312
2026-07-24,332.7330322265625,232.11000061035156,72.0577163696289,935.030029296875,94.8499984741211,371.8999938964844,319.739990234375,262.1072998046875,353.2099914550781,380.9828186035156,89.10990142822266,206.83999633789062,147.41000366210938,403.4100036621094,420.739990234375,295.32000732421875,100.80999755859375,679.1400146484375,364.79998779296875,83.4000015258789,155.93032836914062
2026-07-27,336.61968994140625,231.38999938964844,72.20719909667969,951.5800170898438,96.6500015258789,374.6300048828125,326.55999755859375,264.6448059082031,356.20001220703125,388.368896484375,88.16699981689453,196.50999450683594,148.6300048828125,399.0899963378906,417.6400146484375,296.8800048828125,100.54000091552734,679.3099975585938,365.17999267578125,83.79000091552734,153.7742919921875
2026-07-28,339.78692626953125,230.86000061035156,72.3865737915039,966.5800170898438,98.88999938964844,369.3699951171875,333.7099914550781,265.42095947265625,357.30999755859375,392.61090087890625,88.61363220214844,197.00999450683594,148.8800048828125,392.30999755859375,428.7900085449219,297.9599914550781,100.94999694824219,680.9600219726562,365.989990234375,83.25,152.055419921875
2026-07-29,337.8985900878906,226.64999389648438,72.12747192382812,974.030029296875,98.4800033569336,371.0799865722656,336.7099914550781,264.2268371582031,344.7099914550781,389.8061828613281,87.79975891113281,190.00999450683594,146.10000610351562,374.6700134277344,420.57000732421875,293.0,100.66000366210938,670.6300048828125,360.4200134277344,82.38999938964844,155.74154663085938
2026-07-30,333.1426696777344,235.5,72.1673355102539,954.1699829101562,96.16000366210938,377.1600036621094,333.6600036621094,254.56451416015625,350.8500061035156,450.2524108886719,87.27371215820312,195.0399932861328,143.9600067138672,403.30999755859375,421.4700012207031,295.79998779296875,99.48999786376953,681.7899780273438,366.2699890136719,84.7699966430664,155.96014404296875
2026-07-31,308.6438293457031,271.5799865722656,71.9780044555664,951.8900146484375,96.19000244140625,371.5400085449219,356.1300048828125,255.09190368652344,351.7900085449219,463.8468017578125,86.27124786376953,200.75,144.49000549316406,404.25,414.3999938964844,295.1400146484375,98.94999694824219,686.6500244140625,368.2099914550781,84.58999633789062,154.4399871826172
2026-08-03,303.1585693359375,284.0199890136719,72.1500015258789,954.0800170898438,98.13999938964844,371.7099914550781,373.510009765625,253.1614227294922,352.6400146484375,486.73370361328125,85.90401458740234,206.63999938964844,144.97000122070312,406.1099853515625,415.3599853515625,299.6400146484375,99.06999969482422,696.4000244140625,373.8399963378906,85.0199966430664,154.0624237060547
2026-08-04,309.1134033203125,277.4200134277344,72.44000244140625,947.8499755859375,98.18000030517578,374.1600036621094,377.6499938964844,253.67886352539062,357.5199890136719,491.884033203125,86.54915618896484,211.94000244140625,148.00999450683594,417.1700134277344,407.54998779296875,305.54998779296875,98.91999816894531,708.97998046875,380.82000732421875,86.44999694824219,152.96951293945312
2026-08-05,310.7320251464844,272.6499938964844,72.45999908447266,941.989990234375,101.76000213623047,389.6400146484375,362.42999267578125,256.3258056640625,359.239990234375,486.5440673828125,85.26879119873047,219.22000122070312,146.8000030517578,414.0,412.75,303.0799865722656,98.91999816894531,707.5999755859375,379.6499938964844,86.51000213623047,150.6544952392578
2026-08-06,312.14080810546875,272.260009765625,72.25,949.1500244140625,104.68000030517578,389.6700134277344,357.75,255.7188262939453,356.29998779296875,498.9207458496094,83.96856689453125,218.99000549316406,146.97000122070312,418.20001220703125,403.9700012207031,301.9599914550781,98.04000091552734,706.4000244140625,379.07000732421875,86.31999969482422,153.84384155273438
2026-08-07,313.05999755859375,274.4800109863281,72.4000015258789,947.8200073242188,104.91000366210938,398.4700012207031,354.29998779296875,257.96771240234375,357.5199890136719,499.0505065917969,84.01819610595703,223.9600067138672,145.7899932861328,420.0400085449219,407.0799865722656,306.0899963378906,98.43000030517578,710.7100219726562,381.7799987792969,87.20999908447266,152.055419921875
2026-08-10,308.260009765625,278.0899963378906,72.1500015258789,952.75,103.18000030517578,402.5400085449219,357.5199890136719,260.5251159667969,359.7900085449219,505.109130859375,84.06781768798828,217.5500030517578,146.44000244140625,418.4700012207031,408.739990234375,305.17999267578125,97.11000061035156,710.6500244140625,381.6300048828125,86.83000183105469,158.76199340820312
2026-08-11,304.9100036621094,272.2699890136719,72.20999908447266,944.3200073242188,103.52999877929688,400.9599914550781,343.79998779296875,258.52496337890625,362.0400085449219,502.86334228515625,85.10005187988281,217.5,145.2100067138672,422.05999755859375,402.19000244140625,306.1600036621094,96.37999725341797,708.4199829101562,380.6499938964844,86.91999816894531,158.7719268798828
2026-08-12,302.25,267.2799987792969,72.27999877929688,949.5800170898438,103.22000122070312,404.9200134277344,343.5400085449219,259.5797424316406,365.17999267578125,491.5047302246094,85.13975524902344,224.08999633789062,144.0800018310547,429.1499938964844,405.5899963378906,307.1199951171875,97.30999755859375,710.1699829101562,381.8299865722656,87.54000091552734,158.7222442626953
2026-08-13,305.260009765625,265.1300048828125,72.4800033569336,961.8499755859375,104.80000305175781,398.9599914550781,346.3599853515625,260.79376220703125,363.1099853515625,495.9463806152344,85.3680419921875,225.3000030517578,144.25999450683594,430.489990234375,399.05999755859375,308.5400085449219,98.58000183105469,714.9500122070312,384.29998779296875,87.72000122070312,157.58958435058594
2026-08-14,305.92999267578125,262.6499938964844,72.30999755859375,961.0999755859375,106.8499984741211,401.4800109863281,345.8999938964844,259.072265625,362.8399963378906,494.4691467285156,85.54669952392578,225.16000366210938,144.5500030517578,426.3500061035156,401.7300109863281,309.2900085449219,98.83000183105469,713.6099853515625,383.8500061035156,87.69999694824219,159.07000732421875
2026-08-17,305.5899963378906,261.30999755859375,72.16000366210938,953.5,103.5,405.489990234375,344.0,261.0823669433594,360.9599914550781,479.44744873046875,85.57647705078125,225.00999450683594,143.1199951171875,430.9700012207031,395.6199951171875,307.9700012207031,97.9800033569336,710.27001953125,382.1300048828125,87.87000274658203,161.4600067138672
2026-08-18,310.0299987792969,259.45001220703125,72.22000122070312,961.3499755859375,103.94999694824219,398.54998779296875,344.20001220703125,269.7794494628906,363.25,480.72503662109375,85.57647705078125,219.74000549316406,143.4499969482422,413.4100036621094,393.92999267578125,303.6300048828125,97.62000274658203,705.4000244140625,379.0400085449219,86.44000244140625,165.55999755859375
2026-08-19,316.8299865722656,265.8399963378906,72.55999755859375,956.989990234375,106.93000030517578,413.8399963378906,344.7200012207031,272.06817626953125,357.260009765625,483.3999938964844,85.26879119873047,217.55999755859375,144.3800048828125,412.0899963378906,388.6099853515625,305.95001220703125,98.61000061035156,706.9099731445312,379.989990234375,86.97000122070312,164.77000427246094
2026-08-20,311.29998779296875,260.1099853515625,72.33999633789062,933.510009765625,107.31999969482422,415.260009765625,340.6700134277344,266.0578308105469,351.54998779296875,481.1499938964844,84.39535522460938,216.85000610351562,142.97000122070312,416.0,384.8500061035156,302.8299865722656,98.5999984741211,701.010009765625,376.5799865722656,87.02999877929688,166.14999389648438
2026-08-21,309.3500061035156,258.6300048828125,72.2300033569336,947.739990234375,107.77999877929688,423.3599853515625,344.82000732421875,268.9137268066406,351.5799865722656,483.239990234375,83.0256576538086,214.72000122070312,144.67999267578125,418.95001220703125,390.1099853515625,304.760009765625,98.5,703.7100219726562,378.239990234375,87.70999908447266,165.11000061035156
2026-08-24,310.3399963378906,262.07000732421875,72.37000274658203,971.4000244140625,110.61000061035156,426.69000244140625,348.05999755859375,271.70001220703125,356.3900146484375,487.30999755859375,83.47229766845703,208.47999572753906,146.60000610351562,410.1199951171875,398.760009765625,302.8999938964844,99.0999984741211,701.8300170898438,377.07000732421875,87.19999694824219,164.0500030517578
2026-08-25,309.8999938964844,261.05999755859375,72.66999816894531,960.010009765625,111.25,428.07000732421875,346.9599914550781,273.1400146484375,356.69000244140625,491.7099914550781,83.59140014648438,213.0500030517578,145.39999389648438,417.4100036621094,396.5899963378906,303.010009765625,99.25,704.02001953125,378.1499938964844,88.12000274658203,160.63999938964844
2026-08-26,313.45001220703125,260.2799987792969,72.58000183105469,956.1199951171875,109.62999725341797,421.32000732421875,342.0,270.0,356.5,496.3699951171875,83.59140014648438,209.66000366210938,145.0,417.69000244140625,401.010009765625,303.9599914550781,98.61000061035156,704.2000122070312,378.2300109863281,87.81999969482422,158.19000244140625
2026-08-27,314.5799865722656,256.260009765625,72.54000091552734,934.6599731445312,106.81999969482422,422.6000061035156,340.6499938964844,265.7699890136719,354.2200012207031,505.05999755859375,82.84700012207031,227.97999572753906,143.13999938964844,427.29998779296875,395.04998779296875,304.2799987792969,97.6500015258789,708.75,380.6300048828125,87.93000030517578,156.44000244140625
2026-08-28,319.70001220703125,266.42999267578125,72.30999755859375,945.469970703125,108.0999984741211,408.8900146484375,346.5899963378906,268.0400085449219,357.6199951171875,513.530029296875,81.83999633789062,217.5500030517578,143.77999877929688,417.5199890136719,392.95001220703125,300.75,97.23999786376953,707.239990234375,379.3599853515625,87.5199966430664,156.7100067138672
2026-08-31,316.8500061035156,259.7699890136719,72.23999786376953,943.8900146484375,107.55000305175781,408.4200134277344,339.3500061035156,265.8500061035156,356.0199890136719,507.2900085449219,82.33999633789062,220.77999877929688,145.1199951171875,415.32000732421875,389.4100036621094,299.1499938964844,96.44000244140625,704.8900146484375,378.1499938964844,87.31999969482422,160.9499969482422
2026-09-01,325.1300048828125,254.9199981689453,71.79000091552734,939.9600219726562,106.22000122070312,396.75,335.0199890136719,271.19000244140625,354.95001220703125,501.0199890136719,82.93000030517578,217.44000244140625,146.2100067138672,414.0,396.29998779296875,295.8999938964844,96.30000305175781,700.280029296875,375.1700134277344,86.70999908447266,164.5500030517578
